study_id,citation,technical_relevance,metric_clarity,reporting_completeness,validation_maturity,reproducibility,benchmark_readiness,comparison_admissibility,limitation_transparency,overall_evidence_contribution,tqaf_version,instrument_boundary
STC-SINGLETON-SCR-00001,Xia Y.; Zhang J.; Guo T.; Wang H.; Geng C.; Zhu Y.; Han R.; Yang Y.; Song G.; Wan X.; Li G.; Chen Y.. 2025. High-Speed Flexible Near-Infrared Organic Photodetectors for Self-Powered Optical Integrated Sensing and Communications,2,2,3,2,2,2,1,1,2,phase_e_tqaf_deterministic_v1.0_2026-08-04,Review-specific technical quality and reporting appraisal; not a conventional risk-of-bias instrument and not GRADE.
STC-SINGLETON-SCR-00002,Ou X.; Qiu Y.; Luo M.; Li J.; He X.; Gao J.; Sun F.; Zhang P.; Yang G.; Du A.; Li B.; Liu Z.; Li Z.; Xie L.; Xiao X.; Luo J.; Wang W.; Tao J.; Yang Y.. 2024. Integrated Optical Sensing and Communication (IOSAC) System Based on Hybrid-Waveguide Structures,2,1,3,2,2,2,1,3,2,phase_e_tqaf_deterministic_v1.0_2026-08-04,Review-specific technical quality and reporting appraisal; not a conventional risk-of-bias instrument and not GRADE.
STC-SINGLETON-SCR-00007,"Ahmed, M. F., Mondal, R. U., Kabir, M. H., & Rahman, A. M. A. (2026). OFDM-based optical integrated sensing and communication framework using embedded pilot subcarriers. Optics Continuum, 5(6), 1706–1720. https://doi.org/10.1364/OPTCON.595843",2,3,3,1,2,2,1,3,2,phase_e_tqaf_deterministic_v1.0_2026-08-04,Review-specific technical quality and reporting appraisal; not a conventional risk-of-bias instrument and not GRADE.
STC-SINGLETON-SCR-00008,"Liu, F., Zhu, G., & Zhou, X. (2026). Enhanced single-fiber bi-directional FT-DVS using a 600-kHz linewidth DBR laser with LPN compensation for O-ISAC [Invited]. Chinese Optics Letters, 24(3), 030006. https://doi.org/10.3788/COL202624.030006",2,3,3,1,2,2,2,3,2,phase_e_tqaf_deterministic_v1.0_2026-08-04,Review-specific technical quality and reporting appraisal; not a conventional risk-of-bias instrument and not GRADE.
STC-SINGLETON-SCR-00009,Bansal A.; Bhatnagar A.; Sharma V.; Sharma N.. 2026. Optical integrated sensing and communication (O-ISAC): A unified framework for 6G and AI-Powered intelligent networks,3,2,3,1,2,1,1,3,2,phase_e_tqaf_deterministic_v1.0_2026-08-04,Review-specific technical quality and reporting appraisal; not a conventional risk-of-bias instrument and not GRADE.
STC-SINGLETON-SCR-00011,Cui Y.; Chen C.; Cai Y.; Zeng Z.; Liu M.; Ye J.; Shao S.; Haas H.. 2024. Retroreflective optical ISAC using OFDM: channel modeling and performance analysis,2,3,3,2,2,2,1,3,3,phase_e_tqaf_deterministic_v1.0_2026-08-04,Review-specific technical quality and reporting appraisal; not a conventional risk-of-bias instrument and not GRADE.
STC-SINGLETON-SCR-00012,Ye Z.; Liu L.; Lin Z.; Liu L.; Liu Z.; Fu H.Y.. 2026. Single-Source optical integrated sensing and communication (O-ISAC) with sequential target recognition,3,3,3,2,2,2,1,3,3,phase_e_tqaf_deterministic_v1.0_2026-08-04,Review-specific technical quality and reporting appraisal; not a conventional risk-of-bias instrument and not GRADE.
STC-SINGLETON-SCR-00013,Wang J.; Lu L.; Zhang J.; Tao Lau A.P.; Li Z.; Lu C.. 2026. On the coexistence of distributed fiber optic sensing and IM/DD transmission via digital subcarrier multiplexing,3,3,3,2,2,2,1,3,3,phase_e_tqaf_deterministic_v1.0_2026-08-04,Review-specific technical quality and reporting appraisal; not a conventional risk-of-bias instrument and not GRADE.
STC-SINGLETON-SCR-00015,Zhu H.; Xu X.; Liu Z.; Zhang J.. 2025. Integrated optical covert sensing and communication,2,3,3,2,2,2,1,3,3,phase_e_tqaf_deterministic_v1.0_2026-08-04,Review-specific technical quality and reporting appraisal; not a conventional risk-of-bias instrument and not GRADE.
STC-SINGLETON-SCR-00036,Guo X.; Li Z.; Zhou Z.; Deng L.; Yu Y.; Zhang X. (2026). Millimeter-Wave Integrated Sensing and Communication System Based on a Photonics-Assisted Phased Array. Laser & Photonics Reviews. https://doi.org/10.1002/lpor.202502350,3,3,3,2,2,2,2,3,3,phase_e_tqaf_deterministic_v1.0_2026-08-04,Review-specific technical quality and reporting appraisal; not a conventional risk-of-bias instrument and not GRADE.
STC-SINGLETON-SCR-00038,Hu Z.; Zhao C.; Zhang M.; Chen J.; Tang M. (2025). Native and Reconfigurable Distributed Acoustic Sensing Integrated with Single-carrier 64QAM Transmission Signal. OFC 2025. https://doi.org/10.1364/OFC.2025.Th2A.29,3,3,3,2,1,2,2,1,2,phase_e_tqaf_deterministic_v1.0_2026-08-04,Review-specific technical quality and reporting appraisal; not a conventional risk-of-bias instrument and not GRADE.
STC-SINGLETON-SCR-00052,Allousch M.A.; Sandmann A. (2025). CC-OTDR Sequence Shaping Enabling Joint Co-Directional Sensing and Communication. IEEE Photonics Conference. https://doi.org/10.1109/IPC65510.2025.11282039,2,3,3,2,1,2,2,3,3,phase_e_tqaf_deterministic_v1.0_2026-08-04,Review-specific technical quality and reporting appraisal; not a conventional risk-of-bias instrument and not GRADE.
STC-SINGLETON-SCR-00056,"Ma M.; Bi M.; Xu M.; Zhang Y.; Luo J.; Zhou X.; Zhang L.; Hu M. (2025). Joint break-point localization sensing based on OFDR and non-disruptive communication fiber ISAC system. Optics & Laser Technology, 192, 113726. https://doi.org/10.1016/j.optlastec.2025.113726",2,3,3,2,2,2,3,3,3,phase_e_tqaf_deterministic_v1.0_2026-08-04,Review-specific technical quality and reporting appraisal; not a conventional risk-of-bias instrument and not GRADE.
STC-SINGLETON-SCR-00057,Maoqi L.; Jingchuan W.; Chen L.; Changyuan Y.; Chao L. (2025). Pre-Compensation of LFM Sensing Probe via Integrated Sensing and Communication over Fiber System. OECC/PSC 2025. https://doi.org/10.23919/OECC/PSC62146.2025.11111272,2,3,3,2,2,2,2,3,3,phase_e_tqaf_deterministic_v1.0_2026-08-04,Review-specific technical quality and reporting appraisal; not a conventional risk-of-bias instrument and not GRADE.
STC-ENDOGENOUS-TS-FRFT-DAS-2025,"Wang L.; Wang Y.; Lin Z.; Yu H.; Li Y.; Lu C.; Yu C.; Tang M. (2025). Endogenous integration of communication and interference fading free sensing using telecom pilots via joint polarization-fraction domain multiplexing. Optics Express, 33(16), 34663-34676. https://doi.org/10.1364/OE.563557",3,3,3,2,2,2,2,3,3,phase_e_tqaf_deterministic_v1.0_2026-08-04,Review-specific technical quality and reporting appraisal; not a conventional risk-of-bias instrument and not GRADE.
STC-TUNABLE-LASER-THZ-FMCW-2025-2026,"Kaide R, Kamiura Y, Ye S, Wang Y, Mikami Y, Ueda Y, Kato K. Terahertz ISAC with Simultaneous Fast-Swept FMCW Radar and High-Speed Wireless Link Using a Single UTC-PD. Electronics. 2026;15:1608. doi:10.3390/electronics15081608.",3,3,3,2,2,2,2,3,3,phase_e_tqaf_deterministic_v1.0_2026-08-04,Review-specific technical quality and reporting appraisal; not a conventional risk-of-bias instrument and not GRADE.
STC-SINGLETON-SCR-00086,Lyu Z.; Zhang L.; Lei M.; Deng Q.; Yang Z.; Fang X.; Ozolins O.; Liu G.; Zhu M.; Pang X.; Yu X. (2025). Photonic THz Sensing-assisted Multipath Channel Estimation for ISAC. OFC 2025. https://doi.org/10.1364/OFC.2025.Th2A.23,2,3,3,2,2,2,2,1,2,phase_e_tqaf_deterministic_v1.0_2026-08-04,Review-specific technical quality and reporting appraisal; not a conventional risk-of-bias instrument and not GRADE.
STC-SINGLETON-SCR-00091,Yu X.; He Z.; Tong S.; Meier J.; Schneider T.. 2025. Communication and Sensing via Hermite-Gaussian Time-Domain Mode-Division-Multiple-Access,2,3,3,1,2,1,1,1,2,phase_e_tqaf_deterministic_v1.0_2026-08-04,Review-specific technical quality and reporting appraisal; not a conventional risk-of-bias instrument and not GRADE.
STC-SINGLETON-SCR-00110,Liu W.; Deng Q.; Yang Z.; Xiao F.; Zhou B.; Geng X.. 2026. Integrated Optical Camera Communication and Scene Sensing Based on Generative Adversarial Networks,2,3,3,2,2,1,1,1,2,phase_e_tqaf_deterministic_v1.0_2026-08-04,Review-specific technical quality and reporting appraisal; not a conventional risk-of-bias instrument and not GRADE.
STC-SINGLETON-SCR-00123,Zhang F.; Liu Z.; Cheng C.; Qian Z.; Zhang M.; Luo Z.; Tang M.. 2026. Glass fiber-based integrated sensing and communication system for vehicular applications,1,3,3,2,2,2,1,3,2,phase_e_tqaf_deterministic_v1.0_2026-08-04,Review-specific technical quality and reporting appraisal; not a conventional risk-of-bias instrument and not GRADE.
STC-SINGLETON-SCR-00151,Yang B.; Tang J.; Cheng C.; Fan L.; Yang P.; Wang S.; Zhao T.; Liang J.; Gao S.; Wei J.; Yao Y.; Yang Y.. 2025. Integrated Communication and Enhanced Forward Phase-Based Sensing Based on Frequency-Domain Pilot Tones in DSCM Systems Using 100 kHz ECLs,2,3,3,2,2,2,1,1,2,phase_e_tqaf_deterministic_v1.0_2026-08-04,Review-specific technical quality and reporting appraisal; not a conventional risk-of-bias instrument and not GRADE.
STC-SINGLETON-SCR-00160,Che M.; Li B.; Tang H.; Ye S.; Kamiura Y.; Kato K.. 2025. Photonic Generation of Joint Amplitude-Frequency Modulated Waveform for THz Integrated Sensing and Communication,2,3,3,2,2,2,1,3,3,phase_e_tqaf_deterministic_v1.0_2026-08-04,Review-specific technical quality and reporting appraisal; not a conventional risk-of-bias instrument and not GRADE.
STC-SINGLETON-SCR-00177,Tao Y.; Feng H.; Fang Y.; Xie X.; Zeng Y.; Wu Y.; Ge T.; Zhang Y.; Chen Z.; Tao Z.; Xu J.; Shu H.; Wang X.; Yu X.; Wang C.. 2026. Integrated photonic ultrawideband real-time spectrum sensing for 6G wireless networks,3,3,3,2,2,2,1,3,3,phase_e_tqaf_deterministic_v1.0_2026-08-04,Review-specific technical quality and reporting appraisal; not a conventional risk-of-bias instrument and not GRADE.
STC-SINGLETON-SCR-00185,Kaide R.; Ye S.; Wang Y.; Mikami Y.; Ueda Y.; Kato K.. 2025. Integrated Terahertz FMCW Radar and FSK Communication Enabled by High-Speed Wavelength Tunable Lasers,3,2,3,2,2,2,1,3,3,phase_e_tqaf_deterministic_v1.0_2026-08-04,Review-specific technical quality and reporting appraisal; not a conventional risk-of-bias instrument and not GRADE.
STC-SINGLETON-SCR-00189,Matsuda K.; Xu C.; Hess S.; Kulmer L.; Blatter T.; Fukui T.; Leuthold J.. 2026. Sensing µm-scale vibrations in the Hz range within a THz communication system,3,1,3,2,2,2,1,2,2,phase_e_tqaf_deterministic_v1.0_2026-08-04,Review-specific technical quality and reporting appraisal; not a conventional risk-of-bias instrument and not GRADE.
STC-SINGLETON-SCR-00196,"Li, Z., Shi, J., Shen, C., Zhang, Y., Zhang, J., & Chi, N. (2025). Adaptive visible light integrated sensing and communication for cable-free virtual reality. Photonics Research, 13(9), 2453-2463. https://doi.org/10.1364/PRJ.561888",3,3,3,2,2,2,2,3,3,phase_e_tqaf_deterministic_v1.0_2026-08-04,Review-specific technical quality and reporting appraisal; not a conventional risk-of-bias instrument and not GRADE.
STC-SINGLETON-SCR-00210,Tihomorskis N.; Migla S.; Aghda O.A.; Rubuls K.; Krumins N.; Novikova O.; Braunfelds J.; Spolitis S.; Ozolins O.; Aboltins A.. 2026. Software-Defined Radio Experimental Validation of an OTFS-Based ISAC for Velocity Estimation in an ARoF Setup,3,1,3,2,2,2,1,2,2,phase_e_tqaf_deterministic_v1.0_2026-08-04,Review-specific technical quality and reporting appraisal; not a conventional risk-of-bias instrument and not GRADE.
STC-SINGLETON-SCR-00218,Urban P.J.; Miśkiewicz E.M.; Karczewicz D.; Kogut W.; Kopczyński J.. 2025. Parallel Path Effect-Free Remote Monitoring and Sensing in Live XGS-PON Using Legacy Optical Time Domain Reflectometry,2,3,3,2,2,2,1,3,3,phase_e_tqaf_deterministic_v1.0_2026-08-04,Review-specific technical quality and reporting appraisal; not a conventional risk-of-bias instrument and not GRADE.
STC-FRDM-POLARIZATION-SENSING-2025-2026,Wang L.; Wang Y.; Li Y.; Lin Z.; Wei Z.; Lu C.; Yu C.; Tang M.. 2026. Integrated Communication and In-Band Spectrum Polarization-Based Sensing via Fraction-Division Non-Orthogonal Multiple Access,3,3,3,2,2,2,3,3,3,phase_e_tqaf_deterministic_v1.0_2026-08-04,Review-specific technical quality and reporting appraisal; not a conventional risk-of-bias instrument and not GRADE.
STC-SINGLETON-SCR-00233,Zhou G.; Cao M.; Yang Q.; Zhang Y.; Zhang X.; Wang H.. 2026. Bi-LSTM-Transformer hybrid network for V2V optical wireless ISAC systems,3,2,3,1,2,2,3,3,2,phase_e_tqaf_deterministic_v1.0_2026-08-04,Review-specific technical quality and reporting appraisal; not a conventional risk-of-bias instrument and not GRADE.
STC-SINGLETON-SCR-00238,Shen J.; Fan J.; Li M.; Fei Y.; Fu T.; Gao M.. 2026. Multi-service integrated sensing and communication system for industrial internet-of-things,2,3,3,2,2,2,3,3,3,phase_e_tqaf_deterministic_v1.0_2026-08-04,Review-specific technical quality and reporting appraisal; not a conventional risk-of-bias instrument and not GRADE.
STC-SINGLETON-SCR-00256,Shi X.; Cao M.; Chen C.; Zhang S.; Fan P.; Wang H.. 2025. OCDM Integrated LiDAR and Communication System for UAVs,2,1,3,1,2,2,1,1,1,phase_e_tqaf_deterministic_v1.0_2026-08-04,Review-specific technical quality and reporting appraisal; not a conventional risk-of-bias instrument and not GRADE.
STC-SINGLETON-SCR-00268,Song X.; Zhang X.; Gao X.; Wang Z.; Cai J.; Tu Z.; Dong J.; Li S.; Zhou Z.; Huang J.; Ni B.; Xu T.; Wu J.; Zheng Z.; Chen Z.; Li Y.; Yang Q.-F.; Huang S.; Li W.; Chang L.. 2026. Full dimensional control of structured microwaves based on microcombs,3,3,3,2,2,2,1,3,3,phase_e_tqaf_deterministic_v1.0_2026-08-04,Review-specific technical quality and reporting appraisal; not a conventional risk-of-bias instrument and not GRADE.
STC-SINGLETON-SCR-00273,Dong K.; Cao W.; Wang M.. 2025. Optical Camera-Based Integrated Sensing and Communication for V2X Applications: Model and Optimization,3,1,3,2,2,2,1,2,2,phase_e_tqaf_deterministic_v1.0_2026-08-04,Review-specific technical quality and reporting appraisal; not a conventional risk-of-bias instrument and not GRADE.
STC-SINGLETON-SCR-00274,Deng K.; Liu J.; Lu X.; Chen J.; Zhou Y.; Li W.. 2025. A Unified OFDM-ISAC Signal Generation Architecture in W-Band via Photonics-Aided Frequency Multiplication and Phase Noise Mitigation,3,1,3,1,2,2,1,2,1,phase_e_tqaf_deterministic_v1.0_2026-08-04,Review-specific technical quality and reporting appraisal; not a conventional risk-of-bias instrument and not GRADE.
STC-SINGLETON-SCR-00277,"Arunachalam R.; Singh R.; Vinoth Kumar M.. 2025. Towards last-mile connectivity in 6G-IoT: An integrated MIMO-FSO communication system and FBG sensors under atmospheric attenuations, strain and temperature effects",3,1,3,1,2,2,1,2,1,phase_e_tqaf_deterministic_v1.0_2026-08-04,Review-specific technical quality and reporting appraisal; not a conventional risk-of-bias instrument and not GRADE.
STC-SINGLETON-SCR-00278,Hu Y.; Zhang K.; Mousa-Pasandi M.E.; Gutierrez-Castrejon R.; O'sullivan M.; Kong F.; Buscaino B.; Zhang J.; Bernal S.; St-Arnault C.; Plant D.V.. 2025. Demonstration of High Sensitivity Detection and High Precision Localization of Vibrations in Bidirectional Coherent Transmission Systems Enabled by Carrier Laser Phase Noise Retrieval,2,1,3,2,2,1,1,2,2,phase_e_tqaf_deterministic_v1.0_2026-08-04,Review-specific technical quality and reporting appraisal; not a conventional risk-of-bias instrument and not GRADE.
STC-SINGLETON-SCR-00294,Jiang Z.; Chu Z.; Huang M.; Lu M.; Shi F.; Wang Y.; Yan J.. 2025. Optoelectronic integrated sensing and communication system based on InGaN/GaN MQW for wireless detection of air pressure,1,1,3,2,2,2,1,2,2,phase_e_tqaf_deterministic_v1.0_2026-08-04,Review-specific technical quality and reporting appraisal; not a conventional risk-of-bias instrument and not GRADE.
STC-SINGLETON-SCR-00312,Lei M.; Zhou Q.; Zhang J.; Li H.; Hua B.; Cai Y.; Zhang J.; Chen X.; Ding J.; Liu H.; Zhang Z.; Zhu S.; Liu B.; Yu J.; Zhu M.. 2025. Photonics-Aided THz ISAC System Based on A Spectral Overlapping Multi-Carrier 16QAM-LFM Waveform,3,3,3,2,1,1,1,2,2,phase_e_tqaf_deterministic_v1.0_2026-08-04,Review-specific technical quality and reporting appraisal; not a conventional risk-of-bias instrument and not GRADE.
STC-SINGLETON-SCR-00344,Gu L.; Liu C.; Xiang M.; Xu P.; Yang H.; Sun W.; Yang J.; Fu S.; Wang Y.; Qin Y.. 2025. Co-wavelength-channel integration of ultra-low-frequency distributed acoustic sensing and high-capacity communication,2,3,3,2,2,2,1,3,3,phase_e_tqaf_deterministic_v1.0_2026-08-04,Review-specific technical quality and reporting appraisal; not a conventional risk-of-bias instrument and not GRADE.
STC-SEVENCORE-COMB-SH-DAS-2024-2025,Liu X.; Zhang C.; Zou Y.; Chen Z.; Hu W.; He X.; Xie X.. 2026. Integrating High-Capacity Self-Homodyne Transmission and High-Sensitivity Dual-Pulse ϕ-OTDR with an EO Comb over a 7-Core Fiber,3,3,3,2,2,2,1,3,3,phase_e_tqaf_deterministic_v1.0_2026-08-04,Review-specific technical quality and reporting appraisal; not a conventional risk-of-bias instrument and not GRADE.
STC-SINGLETON-SCR-00356,Gaiani S.; Fasano M.; Gatto A.; Parolari P.; Martelli P.; Boffi P.. 2025. Exploitation of FMF capabilities for joint communications and sensing,3,3,3,2,2,1,1,3,3,phase_e_tqaf_deterministic_v1.0_2026-08-04,Review-specific technical quality and reporting appraisal; not a conventional risk-of-bias instrument and not GRADE.
STC-SINGLETON-SCR-00361,Yixiao Z.; Xuan L.; Shanghong Z.; Guodong W.; Ruiqiong W.; Qingqing M.; Lingrui X.; Hao Q.; Zihang Z.. 2025. Photonic-aided Doppler-robust ISAC system based on index modulation and chirp multiplexing,2,1,2,2,2,2,1,2,2,phase_e_tqaf_deterministic_v1.0_2026-08-04,Review-specific technical quality and reporting appraisal; not a conventional risk-of-bias instrument and not GRADE.
STC-SINGLETON-SCR-00362,Wang M.; Zhang W.; Ren Z.; Li S.; Zheng X.; Xue X.. 2025. Frequency-comb-steered ultrawideband quasi-true-time-delay beamformer for integrated sensing and communication,3,3,3,2,2,2,1,3,3,phase_e_tqaf_deterministic_v1.0_2026-08-04,Review-specific technical quality and reporting appraisal; not a conventional risk-of-bias instrument and not GRADE.
STC-SINGLETON-SCR-00366,Wang J.; Zhang J.; Lau A.P.T.; Lu C.. 2025. Integrated ultra-large dynamic vibration sensing with fronthaul analog radio-over-fiber transmission,3,3,3,2,2,2,1,3,3,phase_e_tqaf_deterministic_v1.0_2026-08-04,Review-specific technical quality and reporting appraisal; not a conventional risk-of-bias instrument and not GRADE.
STC-SINGLETON-SCR-00367,Shi J.; Han Y.; Li Y.; Gui X.; Fu X.; Li Z.. 2025. Common bias-digital subcarrier multiplexing scheme for integrated sensing and communication in short-reach optical transmission systems,3,3,3,2,2,2,1,3,3,phase_e_tqaf_deterministic_v1.0_2026-08-04,Review-specific technical quality and reporting appraisal; not a conventional risk-of-bias instrument and not GRADE.
STC-SINGLETON-SCR-00369,Song Y.; Deng M.; Liu Y.; Wang W.; Li F.. 2025. Simultaneous polarization demultiplexing and vibration sensing via single pilot tone in DSCM-ISAC systems,3,3,3,2,2,2,1,3,3,phase_e_tqaf_deterministic_v1.0_2026-08-04,Review-specific technical quality and reporting appraisal; not a conventional risk-of-bias instrument and not GRADE.
STC-SINGLETON-SCR-00376,Li J.; Tao J.; Ge C.; Xu C.; Wang J.; Xu Z.; Wang H.; Xu Q.; Zhao H.; Zhang C.; Gui W.; Gao W.; Liang X.; Xu X.; Ding W.. 2026. An integrated sensing and communication solar skin for health monitoring and human–machine interaction,2,3,3,2,2,2,1,3,3,phase_e_tqaf_deterministic_v1.0_2026-08-04,Review-specific technical quality and reporting appraisal; not a conventional risk-of-bias instrument and not GRADE.
STC-SINGLETON-SCR-00379,Shao J.; Zerihun Gutema T.; Popoola W.O.. 2025. Enhanced Room Coverage With Photon-Level NLOS Ultraviolet Optical Wireless Communication,1,3,3,2,2,2,1,3,2,phase_e_tqaf_deterministic_v1.0_2026-08-04,Review-specific technical quality and reporting appraisal; not a conventional risk-of-bias instrument and not GRADE.
STC-SINGLETON-SCR-00387,Yue Z.; Liu Y.; Dong B.; Zhang H.; Chen C.; Chi N.; Zhang J.. 2026. Demonstration of Ranging-Based Phase Encryption for Enhanced Free-Space Optical Security,2,3,3,2,2,2,1,3,3,phase_e_tqaf_deterministic_v1.0_2026-08-04,Review-specific technical quality and reporting appraisal; not a conventional risk-of-bias instrument and not GRADE.
STC-SINGLETON-SCR-00396,Wang R.; Ma W.; Liu J.; Xu H.; Shen Z.; Li W.. 2025. Integrated sensing and communication system based on a photonic integrated broadband multi-beamformer,2,3,3,2,2,2,1,3,3,phase_e_tqaf_deterministic_v1.0_2026-08-04,Review-specific technical quality and reporting appraisal; not a conventional risk-of-bias instrument and not GRADE.
STC-SINGLETON-SCR-00406,Zhang X.; Zhang X.; Chen Y.; Jin W.; Zhou Z.; Liu C.; Lao C.; Huang J.; Dong J.; Ma W.; Hu W.; Wang X.; Bowers J.E.; Li W.; Chang L.. 2025. Microcomb-synchronized optoelectronics,2,3,3,2,2,2,1,3,3,phase_e_tqaf_deterministic_v1.0_2026-08-04,Review-specific technical quality and reporting appraisal; not a conventional risk-of-bias instrument and not GRADE.
STC-SINGLETON-SCR-00407,Dong P.; Tang P.; Yin Y.; Tian L.; Zhang J.. 2025. Analysis of Visible Light-Based ISAC Channel Characteristics in a V2V Scenario,3,3,3,1,2,1,1,3,2,phase_e_tqaf_deterministic_v1.0_2026-08-04,Review-specific technical quality and reporting appraisal; not a conventional risk-of-bias instrument and not GRADE.
STC-SINGLETON-SCR-00418,Liu J.; Bian C.; He W.; Yang X.; Wei Y.; Zhang Y.; Zhang L.; Wang C.; Wang K.; Zhou W.; Zhao F.; Yu J.. 2025. W-band photonics-aided OFDM system integrating sensing and communication with phase noise suppression scheme,3,3,3,2,2,2,1,3,3,phase_e_tqaf_deterministic_v1.0_2026-08-04,Review-specific technical quality and reporting appraisal; not a conventional risk-of-bias instrument and not GRADE.
STC-SINGLETON-SCR-00432,Zhou H.; Zuo W.; Qiao Y.; Zhao Y.; Ye B.; Bai C.; Xu H.. 2024. Ultrasonic phase extraction method for co-cable identification in coherent optical transmission systems,2,1,3,2,2,1,1,3,2,phase_e_tqaf_deterministic_v1.0_2026-08-04,Review-specific technical quality and reporting appraisal; not a conventional risk-of-bias instrument and not GRADE.
STC-SINGLETON-SCR-00436,Anastasopoulos M.; Gutiérrez J.; Tzanakaki A.. 2025. Optical Transport Network Optimization Supporting Integrated Sensing and Communication Services,2,1,2,2,2,1,1,2,2,phase_e_tqaf_deterministic_v1.0_2026-08-04,Review-specific technical quality and reporting appraisal; not a conventional risk-of-bias instrument and not GRADE.
STC-SINGLETON-SCR-00451,Wu J.; Lin X.; Yang C.; Yang S.; Liu C.; Cao Y.. 2024. Wearable Sensors Based on Miniaturized High-Performance Hybrid Nanogenerator for Medical Health Monitoring,3,2,3,2,2,2,1,3,3,phase_e_tqaf_deterministic_v1.0_2026-08-04,Review-specific technical quality and reporting appraisal; not a conventional risk-of-bias instrument and not GRADE.
STC-SINGLETON-SCR-00456,Wu M.; Yang H.; Liu W.; Yao Q.; Zhang J.; Cheriet M.. 2025. An Adaptive Control System for Satellite-Ground Laser Communication Based on Integrated Sensing and Communication,3,3,3,1,2,1,1,3,2,phase_e_tqaf_deterministic_v1.0_2026-08-04,Review-specific technical quality and reporting appraisal; not a conventional risk-of-bias instrument and not GRADE.
STC-SINGLETON-SCR-00460,Tang L.; Hu Z.; Teng D.; Liu L.. 2023. Integrated high precision time-of-flight depth sensing and optical communication based on Hamiltonian coding,3,3,3,2,2,2,1,3,3,phase_e_tqaf_deterministic_v1.0_2026-08-04,Review-specific technical quality and reporting appraisal; not a conventional risk-of-bias instrument and not GRADE.
STC-SINGLETON-SCR-00473,Zuo Y.; Liu W.; Cheng Y.; Li X.; Luo M.. 2025. High-performance Vibration Sensing Based on Subband Phase-Shift Transform in Integrated Sensing and Communication System,2,1,2,2,2,1,1,2,2,phase_e_tqaf_deterministic_v1.0_2026-08-04,Review-specific technical quality and reporting appraisal; not a conventional risk-of-bias instrument and not GRADE.
STC-SINGLETON-SCR-00488,Zhou B.; Wang X.; Shen Y.; Fan P.. 2024. 6-DoF Location-and-Pose Estimation Toward Integrated Visible Light Communication and Sensing: Algorithm Design and Performance Limits,3,1,3,1,2,1,1,3,1,phase_e_tqaf_deterministic_v1.0_2026-08-04,Review-specific technical quality and reporting appraisal; not a conventional risk-of-bias instrument and not GRADE.
STC-SINGLETON-SCR-00492,Liu F.; Li P.; Zhong N.; Deng X.; Yan L.; Pan W.; Zou X.. 2024. Millimeter-wave over fiber integrated sensing and communication system using self-coherent OFDM,3,3,3,2,2,2,1,3,3,phase_e_tqaf_deterministic_v1.0_2026-08-04,Review-specific technical quality and reporting appraisal; not a conventional risk-of-bias instrument and not GRADE.
STC-SINGLETON-SCR-00496,Zhang S.; Li J.; Zhu J.; Zhang D.; Zeng Y.; Luo Y.. 2025. First Demonstration of FTTR-based RFID Network for Integrated Sensing and Communication,2,3,3,3,2,2,1,2,3,phase_e_tqaf_deterministic_v1.0_2026-08-04,Review-specific technical quality and reporting appraisal; not a conventional risk-of-bias instrument and not GRADE.
STC-SINGLETON-SCR-00502,Jia J.; Dong B.; Tao L.; Shi J.; Chi N.; Zhang J.. 2024. Demonstration of radar-aided flexible communication in a photonics-based W-band distributed integrated sensing and communication system for 6G,3,3,3,2,2,1,1,2,2,phase_e_tqaf_deterministic_v1.0_2026-08-04,Review-specific technical quality and reporting appraisal; not a conventional risk-of-bias instrument and not GRADE.
STC-SINGLETON-SCR-00506,Carver C.J.; Schwartz H.; Shao Q.; Shade N.; Lazzaro J.; Wang X.; Liu J.; Fossum E.; Zhou X.. 2024. Catch Me If You Can: Laser Tethering with Highly Mobile Targets,2,1,3,2,2,1,1,2,2,phase_e_tqaf_deterministic_v1.0_2026-08-04,Review-specific technical quality and reporting appraisal; not a conventional risk-of-bias instrument and not GRADE.
STC-SINGLETON-SCR-00527,Shi L.; Bechadergue B.; Chassagne L.; Guan H.. 2023. Joint Visible Light Sensing and Communication Using m-CAP Modulation,2,3,2,1,2,2,1,2,2,phase_e_tqaf_deterministic_v1.0_2026-08-04,Review-specific technical quality and reporting appraisal; not a conventional risk-of-bias instrument and not GRADE.
STC-SINGLETON-SCR-00557,Zhou B.; Liu A.; So H.C.. 2024. Visible Light Communication-Enabled Simultaneous Position and Orientation Detection for Harnessing Multipath Interference and Random Fading,3,1,3,1,2,1,1,3,1,phase_e_tqaf_deterministic_v1.0_2026-08-04,Review-specific technical quality and reporting appraisal; not a conventional risk-of-bias instrument and not GRADE.
STC-SINGLETON-SCR-00576,Hai Y.; Luo Y.; Liu C.; Dang A.. 2023. Remote Phase-Shift LiDAR With Communication,2,3,3,2,2,2,1,3,3,phase_e_tqaf_deterministic_v1.0_2026-08-04,Review-specific technical quality and reporting appraisal; not a conventional risk-of-bias instrument and not GRADE.
STC-SINGLETON-SCR-00589,Chen G.Y.; Chen M.; Rao X.; Dai S.; Zhu R.; Liu G.; Lu J.; Liu H.; Wang Y.. 2024. Deep Integration Between Polarimetric Forward-Transmission Fiber-Optic Communication and Distributed Sensing Systems,3,3,3,2,2,2,1,3,3,phase_e_tqaf_deterministic_v1.0_2026-08-04,Review-specific technical quality and reporting appraisal; not a conventional risk-of-bias instrument and not GRADE.
STC-SINGLETON-SCR-00594,Chen Y.; Liao X.; Xiao J.; Wang X.; Ye M.; Yu Y.; Wang C.. 2025. Wide-Steering Integrated Sensing and Communication OPA-Based Lidar Design with Joint Waveform and Thinned Antenna,3,3,3,1,2,2,1,1,2,phase_e_tqaf_deterministic_v1.0_2026-08-04,Review-specific technical quality and reporting appraisal; not a conventional risk-of-bias instrument and not GRADE.
STC-SINGLETON-SCR-00602,Yu X.; Ye J.; Yan L.; Zhou T.; Zhong N.; Zhu Y.; Zou X.; Pan W.. 2024. Photonics-assisted self-interference cancellation for in-band full-duplex integrated sensing and communication transceiver,3,2,3,2,2,2,1,2,2,phase_e_tqaf_deterministic_v1.0_2026-08-04,Review-specific technical quality and reporting appraisal; not a conventional risk-of-bias instrument and not GRADE.
STC-SINGLETON-SCR-00607,Xu Y.; Wang T.; Huang P.; Zeng G.. 2024. Integrated Distributed Sensing and Quantum Communication Networks,2,1,2,2,2,2,1,2,2,phase_e_tqaf_deterministic_v1.0_2026-08-04,Review-specific technical quality and reporting appraisal; not a conventional risk-of-bias instrument and not GRADE.
STC-SINGLETON-SCR-00626,Chen Z.; Xin P.; Zhan P.; Zheng M.; Sun Y.; Li C.; Meng P.; Li Y.; Zhao Y.. 2023. Learned Digital Back-Propagation for an optical-domain waveform integrated with communication and sensing,3,3,3,1,2,1,1,3,2,phase_e_tqaf_deterministic_v1.0_2026-08-04,Review-specific technical quality and reporting appraisal; not a conventional risk-of-bias instrument and not GRADE.
STC-SINGLETON-SCR-00631,Zhao Y.; Wan J.; Xu S.; Zou W.. 2024. Integration of endogenous sensing and communication based on photonics-enabled cellular base station networks with a spectrum fusion algorithm,3,3,3,3,2,2,1,3,3,phase_e_tqaf_deterministic_v1.0_2026-08-04,Review-specific technical quality and reporting appraisal; not a conventional risk-of-bias instrument and not GRADE.
STC-SINGLETON-SCR-00647,He H.; Jiang L.; Pan Y.; Yi A.; Zou X.; Pan W.; Willner A.E.; Fan X.; He Z.; Yan L.. 2023. Integrated sensing and communication in an optical fibre,2,3,3,2,2,2,1,3,3,phase_e_tqaf_deterministic_v1.0_2026-08-04,Review-specific technical quality and reporting appraisal; not a conventional risk-of-bias instrument and not GRADE.
STC-SINGLETON-SCR-00665,Yang B.; Tang J.; Gao S.; Liang J.; Wei J.; Yang Y.. 2025. Flexible Vibration Sensing Using Kalman Smoother Integrated in ECL-Based Communication Systems,2,3,3,2,2,2,1,3,3,phase_e_tqaf_deterministic_v1.0_2026-08-04,Review-specific technical quality and reporting appraisal; not a conventional risk-of-bias instrument and not GRADE.
STC-SINGLETON-SCR-00679,Guan C.; Chu W.; Gong J.; Qin H.; Ye J.; Zhan L.; Wang W.; Chen X.; Xiao Y.. 2024. A novel passive bi-directional audio over fiber transmission system with 20 Km,3,3,3,2,2,1,1,2,2,phase_e_tqaf_deterministic_v1.0_2026-08-04,Review-specific technical quality and reporting appraisal; not a conventional risk-of-bias instrument and not GRADE.
STC-SINGLETON-SCR-00680,Zhu R.; Rao X.; Dai S.; Chen M.; Liu G.; Liu H.; Xu R.; Chen S.; Chen G.Y.; Wang Y.. 2024. Deep Integration of Fiber-Optic Communication and Sensing Systems Using Forward-Transmission Distributed Vibration Sensing and on–off Keying,3,3,3,2,2,2,1,2,2,phase_e_tqaf_deterministic_v1.0_2026-08-04,Review-specific technical quality and reporting appraisal; not a conventional risk-of-bias instrument and not GRADE.
STC-SINGLETON-SCR-00719,Alzamil A.K.; Sharawy M.A.; Almohimmah E.M.; Ragheb A.M.; Almaiman A.; Alshebeili S.A.. 2024. Development of an Integrated Communication and Sensing System Using Spread Spectrum and Photonics Technologies,3,3,3,2,2,2,1,3,3,phase_e_tqaf_deterministic_v1.0_2026-08-04,Review-specific technical quality and reporting appraisal; not a conventional risk-of-bias instrument and not GRADE.
STC-SINGLETON-SCR-00730,Aboltins A.; Bespal'ko V.; Kurtenoks V.. 2024. Continuous Event Recording Technology For Integrated Sensing And Communications In Space,2,3,3,3,2,1,1,3,3,phase_e_tqaf_deterministic_v1.0_2026-08-04,Review-specific technical quality and reporting appraisal; not a conventional risk-of-bias instrument and not GRADE.
STC-SINGLETON-SCR-00761,Munar-Vallespir P.; Nötzel J.; Seitz F.. 2024. Joint Communication and Eavesdropper Detection on the Lossy Bosonic Channel,2,3,3,1,2,2,1,3,2,phase_e_tqaf_deterministic_v1.0_2026-08-04,Review-specific technical quality and reporting appraisal; not a conventional risk-of-bias instrument and not GRADE.
STC-III-NITRIDE-MOTION-VLC-2023,Li X.; Han M.; Chen M.; Li Y.; Qin F.; Zhu G.; Wang L.; Wang Y.. 2023. Integrated Sensing and Communication Chip Based on III-Nitride for Motion Detection,3,1,3,2,2,1,1,2,2,phase_e_tqaf_deterministic_v1.0_2026-08-04,Review-specific technical quality and reporting appraisal; not a conventional risk-of-bias instrument and not GRADE.
STC-SINGLETON-SCR-00808,Lei M.; Hua B.; Cai Y.; Zhang J.; Zou Y.; Tong W.; Liu X.; Fang M.; Yu J.; Zhu M.. 2022. Photonics-aided integrated sensing and communications in mmW bands based on a DC-offset QPSK-encoded LFMCW,2,3,3,2,2,2,1,3,3,phase_e_tqaf_deterministic_v1.0_2026-08-04,Review-specific technical quality and reporting appraisal; not a conventional risk-of-bias instrument and not GRADE.
STC-SINGLETON-SCR-00833,Liu Z.; Zheng T.; Hu C.; Yang Y.; Sun Y.; Zhang Y.; Chen Z.; Chen L.; Luo J.. 2022. CORE-Lens: Simultaneous Communication and Object REcognition with Disentangled-GAN Cameras,1,1,3,2,3,2,1,2,2,phase_e_tqaf_deterministic_v1.0_2026-08-04,Review-specific technical quality and reporting appraisal; not a conventional risk-of-bias instrument and not GRADE.
STC-SINGLETON-SCR-00836,Fragner C.; Weiss A.P.; Wenzl F.P.; Leitgeb E.. 2022. Integrated Sensing and Communication in the Visible Spectral Range: A Novel Closed Loop Controller,3,3,3,2,2,2,1,3,3,phase_e_tqaf_deterministic_v1.0_2026-08-04,Review-specific technical quality and reporting appraisal; not a conventional risk-of-bias instrument and not GRADE.
STC-SINGLETON-SCR-00873,"Jia B.; Gao X.; Ye Z.; Liu P.; Hu F.; Zhu H.; Wang Y.. 2022. Monolithically Integrated Sensing, Communication, and Energy Harvester",1,3,3,2,2,2,1,3,2,phase_e_tqaf_deterministic_v1.0_2026-08-04,Review-specific technical quality and reporting appraisal; not a conventional risk-of-bias instrument and not GRADE.
STC-SINGLETON-SCR-00882,Reddy T.S.S.; Reddy V.S.S.; Thipparaju R.R.; Singh U.K.. 2024. Performance Analysis of Microwave Photonics Assisted Joint Radar Communications,3,3,3,1,2,2,1,2,2,phase_e_tqaf_deterministic_v1.0_2026-08-04,Review-specific technical quality and reporting appraisal; not a conventional risk-of-bias instrument and not GRADE.
STC-SINGLETON-SCR-00884,Men Y.; Ji J.; Wen A.; Wang Y.; Yang F.. 2023. Photonic-assisted generation of joint radar and communication signals with immunity to power fading,2,3,3,2,2,2,1,3,3,phase_e_tqaf_deterministic_v1.0_2026-08-04,Review-specific technical quality and reporting appraisal; not a conventional risk-of-bias instrument and not GRADE.
STC-SINGLETON-SCR-00885,Yixiao Z.; Shanghong Z.; Xuan L.; Guodong W.; Longqiang Y.. 2022. Photonic-aid dual-formats LFM signals generator for joint radar-communication system,2,1,2,1,2,1,1,2,1,phase_e_tqaf_deterministic_v1.0_2026-08-04,Review-specific technical quality and reporting appraisal; not a conventional risk-of-bias instrument and not GRADE.
STC-SINGLETON-SCR-00887,"Yang F.; Lin C.; Gao J.; Chen Y.. 2026. Microwave Photonic Joint Radar, Wireless Communications, and Spectrum Sensing System With Broadband Tunability From 12 to 40 GHz",3,3,3,2,2,1,1,3,3,phase_e_tqaf_deterministic_v1.0_2026-08-04,Review-specific technical quality and reporting appraisal; not a conventional risk-of-bias instrument and not GRADE.
STC-MMW-OFDM-PENG-2023-2024,Peng L.; Yin M.; Zou D.; Yang N.; Xiao Y.; Li F.. 2024. Photonics-assisted integrated sensing and communication with ranging resolution improvement by multiple signal classification,3,3,3,2,2,2,1,3,3,phase_e_tqaf_deterministic_v1.0_2026-08-04,Review-specific technical quality and reporting appraisal; not a conventional risk-of-bias instrument and not GRADE.
STC-SINGLETON-SCR-00891,Bai W.; Li P.; Zou X.; Zhou Z.; Pan W.; Yan L.; Luo B.; Fang X.; Jiang L.; Chen L.. 2022. Millimeter-wave joint radar and communication system based on photonic frequency-multiplying constant envelope LFM-OFDM,3,3,3,2,2,2,1,3,3,phase_e_tqaf_deterministic_v1.0_2026-08-04,Review-specific technical quality and reporting appraisal; not a conventional risk-of-bias instrument and not GRADE.
STC-SINGLETON-SCR-00893,Shi T.; Zhang F.; Chen Y.. 2025. Microwave Photonic Joint Radar and Secure Communication via Radar Signal Masking,2,3,3,2,2,2,1,3,3,phase_e_tqaf_deterministic_v1.0_2026-08-04,Review-specific technical quality and reporting appraisal; not a conventional risk-of-bias instrument and not GRADE.
STC-SINGLETON-SCR-00896,Xue Z.; Li S.; Xue X.; Zheng X.; Zhou B.. 2021. Photonics-assisted joint radar and communication system based on an optoelectronic oscillator,2,3,3,2,2,2,1,3,3,phase_e_tqaf_deterministic_v1.0_2026-08-04,Review-specific technical quality and reporting appraisal; not a conventional risk-of-bias instrument and not GRADE.
STC-SINGLETON-SCR-00899,Bai Q.; Ma J.. 2025. Photonic-assisted generation of fast switchable multi-format LFM waveforms with a tuned bandwidth for a joint radar-communication system,2,1,3,2,2,2,1,2,2,phase_e_tqaf_deterministic_v1.0_2026-08-04,Review-specific technical quality and reporting appraisal; not a conventional risk-of-bias instrument and not GRADE.
STC-LED-OISAC-2024-2025,R. Zhang; Y. Shao; M. Li; L. Lu; Y. C. Eldar. 2025. Optical Integrated Sensing and Communication With Light-Emitting Diode,1,3,3,1,2,1,1,2,2,phase_e_tqaf_deterministic_v1.0_2026-08-04,Review-specific technical quality and reporting appraisal; not a conventional risk-of-bias instrument and not GRADE.
STC-SINGLETON-SCR-00902,H. Wang; C. Chen; Z. Zeng; S. Shao; H. Haas. 2025. Bidirectional Retroreflective Optical ISAC Using Time Division Duplexing and Clipped OFDM,3,3,3,2,2,2,1,3,3,phase_e_tqaf_deterministic_v1.0_2026-08-04,Review-specific technical quality and reporting appraisal; not a conventional risk-of-bias instrument and not GRADE.
STC-SINGLETON-SCR-00903,T. Zhang; Z. Yan; A. Pang; A. Dang. 2024. Phase-Coded FMCW for Optical Integrated Sensing and Communication,2,3,3,1,2,1,1,2,2,phase_e_tqaf_deterministic_v1.0_2026-08-04,Review-specific technical quality and reporting appraisal; not a conventional risk-of-bias instrument and not GRADE.
STC-SINGLETON-SCR-00904,F. Tian; J. Zhao; Y. Zhang; G. Zheng; T. Xu. 2025. Gaussian Pulse-Based PSS-PPM Scheme for Optical Integrated Sensing and Communication Systems,2,3,3,2,2,2,1,3,3,phase_e_tqaf_deterministic_v1.0_2026-08-04,Review-specific technical quality and reporting appraisal; not a conventional risk-of-bias instrument and not GRADE.
STC-SINGLETON-SCR-00905,H. Wang; Z. Zeng; C. Chen; B. Zhu; S. Shao; M. Liu. 2024. Retroreflective Optical ISAC Supporting 3D Positioning in Indoor Environments,2,3,3,1,2,1,1,2,2,phase_e_tqaf_deterministic_v1.0_2026-08-04,Review-specific technical quality and reporting appraisal; not a conventional risk-of-bias instrument and not GRADE.
STC-SINGLETON-SCR-00906,I. Krikidis. 2026. Quantum Optical Integrated Sensing and Communication With Homodyne BPSK Detection,3,3,3,1,2,1,1,3,2,phase_e_tqaf_deterministic_v1.0_2026-08-04,Review-specific technical quality and reporting appraisal; not a conventional risk-of-bias instrument and not GRADE.
STC-SINGLETON-SCR-00908,A. G. Khorasgani; M. Mirmohseni; A. Elzanaty. 2024. Optical ISAC: Fundamental Performance Limits and Transceiver Design,3,3,3,1,2,1,1,3,2,phase_e_tqaf_deterministic_v1.0_2026-08-04,Review-specific technical quality and reporting appraisal; not a conventional risk-of-bias instrument and not GRADE.
STC-SINGLETON-SCR-00909,Y. Wen; F. Yang; J. Song; Z. Han. 2024. Free Space Optical Integrated Sensing and Communication Based on LFM and CPM,3,3,3,2,2,2,1,3,3,phase_e_tqaf_deterministic_v1.0_2026-08-04,Review-specific technical quality and reporting appraisal; not a conventional risk-of-bias instrument and not GRADE.
STC-SINGLETON-SCR-00910,S. Wang; H. Chen. 2023. Optical Integrated Sensing and Communication for Cooperative Mobile Robotics: Design and Experiments,3,3,3,2,2,1,1,3,3,phase_e_tqaf_deterministic_v1.0_2026-08-04,Review-specific technical quality and reporting appraisal; not a conventional risk-of-bias instrument and not GRADE.
STC-SINGLETON-SCR-00912,J. Du; C. Chen; Z. Zeng; D. Wang; J. Ye; J. Song; H. Haas. 2025. Flexible Waveform Design for RO-ISAC Based on OFDM-Embedded Maximum Length Sequence,3,3,3,2,2,2,1,3,3,phase_e_tqaf_deterministic_v1.0_2026-08-04,Review-specific technical quality and reporting appraisal; not a conventional risk-of-bias instrument and not GRADE.
STC-SINGLETON-SCR-00913,Y. Wen; F. Yang; J. Song; Z. Han. 2023. Pulse Sequence Sensing and Pulse Position Modulation for Optical Integrated Sensing and Communication,2,3,3,2,2,2,1,3,3,phase_e_tqaf_deterministic_v1.0_2026-08-04,Review-specific technical quality and reporting appraisal; not a conventional risk-of-bias instrument and not GRADE.
STC-SINGLETON-SCR-00914,H. Wang; Z. Zhang; Y. Ge; B. Zhu. 2024. Optical Integrated Sensing and Communication System Based on Combination of OIRS and PD Array for Mobile Scenarios,1,3,3,2,2,2,1,3,2,phase_e_tqaf_deterministic_v1.0_2026-08-04,Review-specific technical quality and reporting appraisal; not a conventional risk-of-bias instrument and not GRADE.
STC-SINGLETON-SCR-00915,W. Wang; H. Wang; Z. Zeng; C. He; C. Chen. 2025. UAV-Aided Flying Retroreflective Optical ISAC with Angle Diversity Transmitters,3,3,3,1,2,1,1,2,2,phase_e_tqaf_deterministic_v1.0_2026-08-04,Review-specific technical quality and reporting appraisal; not a conventional risk-of-bias instrument and not GRADE.
STC-SINGLETON-SCR-00916,Y. Chen; W. Zhang; Z. Shen; Y. Long; M. Ye; Y. Yu; C. Wang. 2026. Optical Integrated Sensing and Communication Lidar Based on RBPSK-FMCW Joint Waveform and Optical Phased Array,3,3,3,2,2,2,1,3,3,phase_e_tqaf_deterministic_v1.0_2026-08-04,Review-specific technical quality and reporting appraisal; not a conventional risk-of-bias instrument and not GRADE.
STC-SINGLETON-SCR-00917,M. Nafees; M. Baniasadi; J. R. Hopgood; M. Safari; J. S. Thompson. 2025. Integrated Sensing and Communication for UAV Trajectory Optimization in Mixed FSO-RF Networks in Dynamic Weather Conditions,3,3,3,2,2,1,1,3,3,phase_e_tqaf_deterministic_v1.0_2026-08-04,Review-specific technical quality and reporting appraisal; not a conventional risk-of-bias instrument and not GRADE.
STC-SINGLETON-SCR-00918,"W. Wang; C. Chen; H. Wang; Z. Zeng; D. Wang; J. Ye; M. Kong; M. Liu; H. Haas. 2026. Multiuser Retroreflective Optical ISAC: Waveform Design, Joint Sensing and Multiple Access",3,3,3,2,2,2,1,3,3,phase_e_tqaf_deterministic_v1.0_2026-08-04,Review-specific technical quality and reporting appraisal; not a conventional risk-of-bias instrument and not GRADE.
STC-SINGLETON-SCR-00919,S. Chen; C. Chen; Z. Zeng; Y. Yang; H. Haas. 2025. Full-Duplex RO-ISAC System: Wavelength Division Duplexing and Hybrid Waveform Design,3,1,3,2,2,2,1,2,2,phase_e_tqaf_deterministic_v1.0_2026-08-04,Review-specific technical quality and reporting appraisal; not a conventional risk-of-bias instrument and not GRADE.
STC-SINGLETON-SCR-00920,S. Chen; Z. Zeng; C. Chen. 2025. Experimental Demonstration of Multi-User Full-Duplex RO-ISAC System,2,1,2,2,2,2,1,2,2,phase_e_tqaf_deterministic_v1.0_2026-08-04,Review-specific technical quality and reporting appraisal; not a conventional risk-of-bias instrument and not GRADE.
STC-SINGLETON-SCR-00922,M. Nafees; M. Baniasadi; J. R. Hopgood; M. Safari; J. S. Thompson. 2025. Leveraging ISAC for Adaptive Cell Zooming in Mixed FSO-RF Networks,3,3,3,2,2,1,1,3,3,phase_e_tqaf_deterministic_v1.0_2026-08-04,Review-specific technical quality and reporting appraisal; not a conventional risk-of-bias instrument and not GRADE.
STC-SINGLETON-SCR-00925,N. N. Luong; C. T. Nguyen; T. V. Pham. 2026. Performance Analysis of NOMA-Assisted Optical OFDM ISAC Systems with Clipping Distortion,3,3,3,1,2,1,1,3,2,phase_e_tqaf_deterministic_v1.0_2026-08-04,Review-specific technical quality and reporting appraisal; not a conventional risk-of-bias instrument and not GRADE.
STC-SINGLETON-SCR-00926,B. Li; J. Wang; Y. Gao; J. Lian; B. Lian. 2026. LACO-OFDM-Based Optical ISAC System Design and Performance Analysis,3,3,3,2,2,1,1,3,3,phase_e_tqaf_deterministic_v1.0_2026-08-04,Review-specific technical quality and reporting appraisal; not a conventional risk-of-bias instrument and not GRADE.
STC-SINGLETON-SCR-00937,Y. Liu; X. Deng; N. Zhong; X. Zou; W. Pan; L. Yan. 2024. Simulation of Constant-Envelope THz Integrated Sensing and Communication System Based on Photonics with 2D Positioning,3,3,3,1,2,1,1,3,2,phase_e_tqaf_deterministic_v1.0_2026-08-04,Review-specific technical quality and reporting appraisal; not a conventional risk-of-bias instrument and not GRADE.
STC-OPA-OWISAC-BEAMFORMING-2024-2025,Y. Wen; F. Yang; J. Song; Z. Han. 2025. Optical Wireless Integrated Sensing and Communication Based on Optical Phased Array: Performance Metric and Optimal Beamforming,3,3,3,2,2,2,1,3,3,phase_e_tqaf_deterministic_v1.0_2026-08-04,Review-specific technical quality and reporting appraisal; not a conventional risk-of-bias instrument and not GRADE.
STC-SINGLETON-SCR-00941,"Wen, Y., Yang, F., Song, J., & Han, Z. (2026). Joint Design of Optical Phased Array Beamforming and OFDM Waveform in Optical Wireless Integrated Sensing and Communication. IEEE Transactions on Wireless Communications, 25, 9703-9718. https://doi.org/10.1109/TWC.2025.3647104",3,3,3,1,2,1,2,3,2,phase_e_tqaf_deterministic_v1.0_2026-08-04,Review-specific technical quality and reporting appraisal; not a conventional risk-of-bias instrument and not GRADE.
STC-SINGLETON-SCR-00943,Y. Jiang; M. Xie; Z. Shi; Y. Wang. 2023. Monolithic III-Nitride Photonic Circuit for Integrated Sensing and Communication System,3,3,3,2,2,1,1,1,2,phase_e_tqaf_deterministic_v1.0_2026-08-04,Review-specific technical quality and reporting appraisal; not a conventional risk-of-bias instrument and not GRADE.
STC-SINGLETON-SCR-00944,A. Safiriyu; M. Vargemidou; C. Vagionas; J. Ramirez; F. Salim; N. Pleros; A. Miliou; A. -L. Billabert; C. Algani. 2025. Heterogeneous Integrated III-V-on-Soi Transmitter for 6G FiWi mmWave/FSO Integrated Sensing and Communication,3,1,3,2,2,2,1,2,2,phase_e_tqaf_deterministic_v1.0_2026-08-04,Review-specific technical quality and reporting appraisal; not a conventional risk-of-bias instrument and not GRADE.
STC-SINGLETON-SCR-00949,F. Li; X. Zhou; Q. Fan; Y. Gao; J. Huo; J. Yuan; K. Long. 2022. Double-effect DNN-based DBP Scheme for Integrated Sensing and Communications (ISAC),2,3,3,2,2,2,1,2,2,phase_e_tqaf_deterministic_v1.0_2026-08-04,Review-specific technical quality and reporting appraisal; not a conventional risk-of-bias instrument and not GRADE.
STC-SINGLETON-SCR-00953,Z. Lyu; L. Zhang; H. Zhang; Z. Yang; H. Yang; C. Zhang; V. Bobrovs; X. Pang; O. Ozolins; X. Yu. 2023. A Beam-Scannable Photonic THz-ISAC System Based on Risley Prisms,3,3,3,2,2,2,1,3,3,phase_e_tqaf_deterministic_v1.0_2026-08-04,Review-specific technical quality and reporting appraisal; not a conventional risk-of-bias instrument and not GRADE.
STC-SINGLETON-SCR-00954,F. Liu; X. Zou; N. Zhong; X. Deng; L. Yan; W. Pan. 2026. Signal-Signal Beating Interference: From Destructive to Constructive for Photonic THz Integrated Sensing and Communication System Using Self-Coherent OFDM,3,3,3,2,2,2,1,3,3,phase_e_tqaf_deterministic_v1.0_2026-08-04,Review-specific technical quality and reporting appraisal; not a conventional risk-of-bias instrument and not GRADE.
STC-EADO-OFDM-RANGING-2024-2025,Y. Wen; F. Yang; J. Song; Z. Han. 2025. Optical Wireless Integrated Sensing and Communication Based on EADO-OFDM: A Flexible Resource Allocation Perspective,3,3,3,1,2,1,1,3,2,phase_e_tqaf_deterministic_v1.0_2026-08-04,Review-specific technical quality and reporting appraisal; not a conventional risk-of-bias instrument and not GRADE.
STC-SUBMARINE-CABLE-DAS-HUIZHOU-2022-2026,S. Chen; K. Zhu; J. Han; Q. Sui; Z. Li. 2022. Photonic Integrated Sensing and Communication System Harnessing Submarine Fiber Optic Cables for Coastal Event Monitoring,3,3,3,3,2,2,1,3,3,phase_e_tqaf_deterministic_v1.0_2026-08-04,Review-specific technical quality and reporting appraisal; not a conventional risk-of-bias instrument and not GRADE.
STC-SINGLETON-SCR-00959,J. C. Wang; T. Y. Liu; J. H. Zhou. 2025. Fiber Events Recognition in Integrated Sensing and Communication Systems Based on Signal State of Polarization Analysis,1,3,3,2,1,2,1,3,2,phase_e_tqaf_deterministic_v1.0_2026-08-04,Review-specific technical quality and reporting appraisal; not a conventional risk-of-bias instrument and not GRADE.
STC-SINGLETON-SCR-00965,S. Chen; Z. Tang; L. Zhang; Y. Zhang; M. Wang; Z. Zeng; H. Li; Z. Zhang; Y. Liu. 2026. Microwave Photonics Empowered Minimalist Base Station for Integrated Sensing and Communication via Cascaded Intensity and Phase Modulation,3,3,3,2,2,2,1,3,3,phase_e_tqaf_deterministic_v1.0_2026-08-04,Review-specific technical quality and reporting appraisal; not a conventional risk-of-bias instrument and not GRADE.
STC-WBAND-TFDM-DONG-2022-2024,B. Dong; J. Jia; L. Tao; G. Li; Z. Li; C. Huang; J. Shi; H. Wang; Z. Tang; J. Zhang; S. Pan; N. Chi. 2024. Photonic-Based W-Band Integrated Sensing and Communication System With Flexible Time- Frequency Division Multiplexed Waveforms for Fiber-Wireless Network,3,1,3,2,2,2,1,2,2,phase_e_tqaf_deterministic_v1.0_2026-08-04,Review-specific technical quality and reporting appraisal; not a conventional risk-of-bias instrument and not GRADE.
STC-SINGLETON-SCR-00970,N. Zhong; P. Li; W. Bai; W. Pan; L. Yan; X. Zou. 2023. Spectral-Efficient Frequency-Division Photonic Millimeter-Wave Integrated Sensing and Communication System Using Improved Sparse LFM Sub-Bands Fusion,3,3,3,2,2,2,1,3,3,phase_e_tqaf_deterministic_v1.0_2026-08-04,Review-specific technical quality and reporting appraisal; not a conventional risk-of-bias instrument and not GRADE.
STC-ODDM-PHOTONIC-MMW-2024-2025,Y. Wang; W. Lu; Y. Song; J. Yu. 2026. Photonics-Assisted mmWave Integrated Sensing and Communication System Enabled by ODDM Waveform,3,3,3,2,2,2,1,3,3,phase_e_tqaf_deterministic_v1.0_2026-08-04,Review-specific technical quality and reporting appraisal; not a conventional risk-of-bias instrument and not GRADE.
STC-SINGLETON-SCR-00974,Z. Wang; W. Ji; H. Chang; Y. Li; J. Zhang; M. Lei; M. Zhu; J. Liu. 2026. Bit Inversion Probabilistic Shaping Enabling Performance Tradeoff in Photonics-Aided Millimeter-Wave OFDM Integrated Sensing and Communication Systems,3,3,3,2,2,2,1,3,3,phase_e_tqaf_deterministic_v1.0_2026-08-04,Review-specific technical quality and reporting appraisal; not a conventional risk-of-bias instrument and not GRADE.
STC-SINGLETON-SCR-00975,Z. Lyu; L. Zhang; H. Zhang; Z. Yang; H. Yang; N. Li; L. Li; V. Bobrovs; O. Ozolins; X. Pang; X. Yu. 2023. Radar-Centric Photonic Terahertz Integrated Sensing and Communication System Based on LFM-PSK Waveform,3,3,3,2,2,2,1,3,3,phase_e_tqaf_deterministic_v1.0_2026-08-04,Review-specific technical quality and reporting appraisal; not a conventional risk-of-bias instrument and not GRADE.
STC-SINGLETON-SCR-00977,N. Zhong; W. Bai; X. Zou; J. Deng; F. Liu; B. Ge; J. Hu; Y. Wu; T. He; W. Pan; L. Yan. 2026. Photonics Terahertz Dual-Band Anti-Jamming Integrated Sensing and Communication System Empowered by Permutation Frequency Hopping,3,3,3,2,2,2,1,3,3,phase_e_tqaf_deterministic_v1.0_2026-08-04,Review-specific technical quality and reporting appraisal; not a conventional risk-of-bias instrument and not GRADE.
STC-SF-LFM-OFDM-THZ-2025-2026,J. Zhang; M. Lei; M. Zhu; J. Ding; H. Liu; Q. Zhong; L. Zhang; B. Hua; Y. Cai; J. Zhang; X. Chen; S. Zhu; J. Yu. 2026. Photonics-Aided THz Integrated Sensing and Communication System Based on a Time-Frequency Efficient SF-LFM-OFDM Waveform,3,3,3,2,2,2,1,3,3,phase_e_tqaf_deterministic_v1.0_2026-08-04,Review-specific technical quality and reporting appraisal; not a conventional risk-of-bias instrument and not GRADE.
STC-SINGLETON-SCR-00979,S. Migla; N. Tihomorskis; K. Rubuls; D. Cirjulina; I. Murans; V. Kurtenoks; J. Braunfelds; S. Spolitis; O. Ozolins; D. Vovchuk; T. Salgals; P. Ginzburg; V. Bobrovs; A. Aboltins. 2026. Demonstration of Integrated Sensing and Communications in an ARoF-Based Radar System Utilizing Pulse Position Modulation,3,3,3,2,2,2,1,3,3,phase_e_tqaf_deterministic_v1.0_2026-08-04,Review-specific technical quality and reporting appraisal; not a conventional risk-of-bias instrument and not GRADE.
STC-SINGLETON-SCR-00980,Y. Wen; F. Yang; J. Song; Z. Han. 2025. Interference Cancellation for Optical Wireless ISAC Based on Optical Phased Array,3,3,3,1,2,1,1,3,2,phase_e_tqaf_deterministic_v1.0_2026-08-04,Review-specific technical quality and reporting appraisal; not a conventional risk-of-bias instrument and not GRADE.
STC-SUBCARRIER-CHIRP-DBAND-2025,J. Zhang; M. Lei; M. Zhu; Q. Zhou; B. Hua; Y. Cai; H. Li; J. Zhang; Z. Liang; Y. Li; X. Chen; J. Ding; Q. Zhong; S. Zhu; J. Yu. 2025. Photonics-Aided THz Integrated Sensing and Communication System Based on a Subcarrier-Chirp Inter-Embedded Waveform,3,3,3,2,2,2,1,3,3,phase_e_tqaf_deterministic_v1.0_2026-08-04,Review-specific technical quality and reporting appraisal; not a conventional risk-of-bias instrument and not GRADE.
STC-SINGLETON-SCR-00983,M. Lei; M. Zhu; B. Hua; J. Zhang; Y. Cai; Y. Zou; X. Liu; J. Yu. 2022. A Spectrum-Efficient MoF Architecture for Joint Sensing and Communication in B5G Based on Polarization Interleaving and Polarization-Insensitive Filtering,2,3,3,2,2,2,1,3,3,phase_e_tqaf_deterministic_v1.0_2026-08-04,Review-specific technical quality and reporting appraisal; not a conventional risk-of-bias instrument and not GRADE.
STC-SINGLETON-SCR-00985,B. Dong; J. Jia; Z. Li; G. Li; J. Shi; H. Wang; N. Chi; J. Zhang. 2024. Photonic-Based Flexible Integrated Sensing and Communication With Multiple Targets Detection Capability for W-Band Fiber-Wireless Network,3,3,3,2,2,2,1,3,3,phase_e_tqaf_deterministic_v1.0_2026-08-04,Review-specific technical quality and reporting appraisal; not a conventional risk-of-bias instrument and not GRADE.
STC-SINGLETON-SCR-00986,B. Dong; Z. Li; S. Xing; Y. Liu; J. Zhao; O. Huang; J. Jia; J. Shi; Y. Zhou; H. Wang; N. Chi; J. Zhang. 2025. THz Integrated Sensing and Communication With Full-Photonic Direct LFM Reception and De-Chirping for D-Band Fiber-Wireless Network,3,1,3,2,2,2,1,2,2,phase_e_tqaf_deterministic_v1.0_2026-08-04,Review-specific technical quality and reporting appraisal; not a conventional risk-of-bias instrument and not GRADE.
STC-MULTICHANNEL-LFM-QAM-THZ-2024-2026,Z. Lyu; L. Zhang; H. Zhang; Z. Yang; C. Zhang; H. Yang; N. Li; V. Bobrovs; O. Ozolins; X. Pang; G. Liu; X. Yu. 2024. Multi-Channel Photonic THz-ISAC System Based on Integrated LFM-QAM Waveform,3,3,3,2,2,2,1,3,3,phase_e_tqaf_deterministic_v1.0_2026-08-04,Review-specific technical quality and reporting appraisal; not a conventional risk-of-bias instrument and not GRADE.
STC-DP-IMDD-THZ-RANGING-2025-2026,D. Shi; W. Lu; Y. Fang; P. Yuan; H. Zhu; L. Pang; W. Shieh. 2026. 310Gbps Transmission and Centimeter-Level Ranging Photonic THz ISAC System,3,3,3,2,2,2,1,3,3,phase_e_tqaf_deterministic_v1.0_2026-08-04,Review-specific technical quality and reporting appraisal; not a conventional risk-of-bias instrument and not GRADE.
STC-SINGLETON-SCR-00990,Z. Lyu; L. Zhang; H. Zhang; Z. Yang; H. Yang; L. Li; C. Zhang; V. Bobrovs; O. Ozolins; X. Pang; X. Yu. 2024. Preamble-Free Synchronization Based on Dual-chirp Waveforms for Photonic THz-ISAC,3,3,3,2,2,2,1,3,3,phase_e_tqaf_deterministic_v1.0_2026-08-04,Review-specific technical quality and reporting appraisal; not a conventional risk-of-bias instrument and not GRADE.
STC-SINGLETON-SCR-00992,S. Ye; Y. Mikami; Y. Kamiura; R. Kaide; M. Kawano; Y. Wang; B. Li; M. Che; Y. Ueda; K. Kato. 2026. Photonic Frequency-Hopped THz ISAC-Enabled by Electro-Optically Tunable Laser,3,3,3,2,2,2,1,3,3,phase_e_tqaf_deterministic_v1.0_2026-08-04,Review-specific technical quality and reporting appraisal; not a conventional risk-of-bias instrument and not GRADE.
STC-OCDM-THZ-OVER-FIBER-2024-2025,L. Li; L. Zhang; H. Zhang; Z. Lyu; Z. Yang; X. Pang; V. Bobrovs; O. Ozolins; H. Zhao; F. Li; C. Zhang; X. Yu. 2024. THz-Over-Fiber System With Orthogonal Chirp Division Multiplexing for Integrated Sensing and Communication,3,3,3,2,2,2,1,3,3,phase_e_tqaf_deterministic_v1.0_2026-08-04,Review-specific technical quality and reporting appraisal; not a conventional risk-of-bias instrument and not GRADE.
STC-SINGLETON-SCR-00994,J. He; J. Li; K. Liu; S. Xiao; Z. Chen. 2026. A Cross-Correlation MUSIC Scheme Based on OFDM for Photonics-Aided W-Band ISAC Systems,3,3,3,2,2,2,1,3,3,phase_e_tqaf_deterministic_v1.0_2026-08-04,Review-specific technical quality and reporting appraisal; not a conventional risk-of-bias instrument and not GRADE.
STC-SINGLETON-SCR-00996,J. Gao; D. Liang; T. Shi; Y. Chen. 2025. Microwave Photonic Integrated Sensing and Communication Based on Polarization Multiplexing and Frequency-to-Time Mapping,3,3,3,2,2,2,1,3,3,phase_e_tqaf_deterministic_v1.0_2026-08-04,Review-specific technical quality and reporting appraisal; not a conventional risk-of-bias instrument and not GRADE.
STC-SINGLETON-SCR-00998,J. He; K. Liu; L. Yin; Z. Chen. 2026. An Orthogonal Time Frequency Space Waveform With W-MUSIC Scheme for Photonic-Aided ISAC System,3,3,3,2,2,2,1,3,3,phase_e_tqaf_deterministic_v1.0_2026-08-04,Review-specific technical quality and reporting appraisal; not a conventional risk-of-bias instrument and not GRADE.
STC-SINGLETON-SCR-01000,Z. Wang; X. Ji; Z. Qiu; Z. Cai; F. Yin; Y. Dai; K. Xu. 2026. Simultaneous Full-Photonic Dechirping and Demodulation THz-ISAC System Based on Thin-Film Lithium Niobate Modulator,3,3,3,2,2,2,1,3,3,phase_e_tqaf_deterministic_v1.0_2026-08-04,Review-specific technical quality and reporting appraisal; not a conventional risk-of-bias instrument and not GRADE.
STC-SINGLETON-SCR-01001,Z. Saghir; S. Aboagye. 2025. Movable Access Point-Aided Integrated Visible Light Communication and Sensing Networks,3,3,3,2,2,2,1,3,3,phase_e_tqaf_deterministic_v1.0_2026-08-04,Review-specific technical quality and reporting appraisal; not a conventional risk-of-bias instrument and not GRADE.
STC-SINGLETON-SCR-01004,J. He; S. Xiao; C. Ying; Z. Chen; Y. Xiao. 2026. Sliding Window-Based LSTM Scheme for PAM-4 Photonics-Assisted W-Band ISAC Systems,2,1,3,2,2,2,1,2,2,phase_e_tqaf_deterministic_v1.0_2026-08-04,Review-specific technical quality and reporting appraisal; not a conventional risk-of-bias instrument and not GRADE.
STC-SINGLETON-SCR-01006,Z. Wang; H. Yang; Y. Li; Q. Yao; T. Yu; C. Zhang; W. Liu; W. Lin; J. Zhang; Y. Liu; M. Cheriet. 2024. Co-Route Fiber Recognition and Status Diagnosis Based on Integrated Sensing and Communication in 6G Transport Networks,3,1,3,2,3,2,1,2,2,phase_e_tqaf_deterministic_v1.0_2026-08-04,Review-specific technical quality and reporting appraisal; not a conventional risk-of-bias instrument and not GRADE.
STC-SINGLETON-SCR-01008,T. Li; B. Yue; S. Chen; Y. Wu; W. Huang; C. Li; Z. He; L. Lin; Z. Li. 2026. Submarine integrated sensing and communication cable networks enable high-precision earthquake location estimation through linear wavefront theory,1,1,3,2,3,2,1,3,2,phase_e_tqaf_deterministic_v1.0_2026-08-04,Review-specific technical quality and reporting appraisal; not a conventional risk-of-bias instrument and not GRADE.
STC-SINGLETON-SCR-01009,M. Lei; Z. Lyu; Q. Zhou; J. Zhang; H. Li; B. Hua; J. Zhang; Y. Cai; J. Ding; X. Chen; L. Zhang; J. Yu; M. Zhu. 2024. Demonstration of Photonic Sub-THz ISAC System with Real-Time 251.03-Gbps Communication Rate and Offline 2.5-cm Sensing Resolution,3,3,3,2,2,2,1,3,3,phase_e_tqaf_deterministic_v1.0_2026-08-04,Review-specific technical quality and reporting appraisal; not a conventional risk-of-bias instrument and not GRADE.
STC-SINGLETON-SCR-01010,Z. Lyu; L. Zhang; Q. Deng; X. Fang; L. Bai; O. Ozolins; H. Zhang; G. Liu; X. Pang; X. Yu. 2026. Photonic Chirp Spread Spectrum THz-ISAC: Constraints and Design Considerations,3,3,3,2,2,2,1,3,3,phase_e_tqaf_deterministic_v1.0_2026-08-04,Review-specific technical quality and reporting appraisal; not a conventional risk-of-bias instrument and not GRADE.
STC-SINGLETON-SCR-01011,H. Prabhakar; N. R. R; V. A. Bohara. 2026. A THz with VLC Assisted ISAC System Under the Impact of Human Blockages,1,3,2,2,2,2,1,2,2,phase_e_tqaf_deterministic_v1.0_2026-08-04,Review-specific technical quality and reporting appraisal; not a conventional risk-of-bias instrument and not GRADE.
STC-SINGLETON-SCR-01012,Q. Zhou; M. Lei; J. Zhang; H. Li; B. Hua; Y. Cai; J. Zhang; J. Ding; B. Liu; Z. Zhang; J. Zheng; J. Yu; M. Zhu. 2024. A Sub-THz ISAC System with Simultaneous Real-Time 125.516-Gbps Communication Rate and Offline 10-mm Sensing Resolution Enabled by Photonics,1,3,3,2,2,2,1,3,2,phase_e_tqaf_deterministic_v1.0_2026-08-04,Review-specific technical quality and reporting appraisal; not a conventional risk-of-bias instrument and not GRADE.
STC-SELF-HOMODYNE-MCF-OFDR-2024-2025,B. Yin; S. Chen; H. He; Y. Li; M. Zhang; Y. Shi; Z. Zhao; M. Tang. 2026. Integrated Sensing and Communication in Self-Homodyne MCF Transmission Systems With Linear Frequency Modulation,2,3,3,2,2,2,1,3,3,phase_e_tqaf_deterministic_v1.0_2026-08-04,Review-specific technical quality and reporting appraisal; not a conventional risk-of-bias instrument and not GRADE.
STC-SINGLETON-SCR-01018,J. He; L. Yin; K. Liu; S. Xiao; Z. Chen. 2025. Zero-Padding 2D-DFT Scheme for Photonics-Assisted W-Band Fiber-Wireless ISAC System With Orthogonal Time Frequency Space Modulation,3,3,3,2,2,2,1,3,3,phase_e_tqaf_deterministic_v1.0_2026-08-04,Review-specific technical quality and reporting appraisal; not a conventional risk-of-bias instrument and not GRADE.
STC-SINGLETON-SCR-01020,Z. Wang; W. Ji; R. Liu; H. Chang; J. Zhang; M. Lei; M. Zhu; X. Yu; H. Xu; C. Bai; J. Liu. 2026. Probabilistic Shaping With Bit-Weighted Distribution Matching for Photonics-Assisted mmWave Dual-Functional OFDM ISAC Systems,3,3,3,2,2,2,1,3,3,phase_e_tqaf_deterministic_v1.0_2026-08-04,Review-specific technical quality and reporting appraisal; not a conventional risk-of-bias instrument and not GRADE.
STC-SINGLETON-SCR-01021,H. Xiao; W. Wang; K. Zhang; F. Li; C. Sun. 2025. Microalgae Density Measurement Using Quantum-Dot-Integrated Sensing and Communication System,2,3,2,2,2,2,1,2,2,phase_e_tqaf_deterministic_v1.0_2026-08-04,Review-specific technical quality and reporting appraisal; not a conventional risk-of-bias instrument and not GRADE.
STC-SINGLETON-SCR-01023,B. Li; J. Wang; D. Lian; Y. Gao; J. Lian; C. Tang; B. Lian. 2025. Passive Sensing Technique Using Cyclic Prefix in Power-Constrained Optical Wireless Communication Systems,1,3,3,2,2,1,1,3,2,phase_e_tqaf_deterministic_v1.0_2026-08-04,Review-specific technical quality and reporting appraisal; not a conventional risk-of-bias instrument and not GRADE.
STC-SINGLETON-SCR-01024,H. A. Satai; B. Bechadergue; L. Chassagne; K. Acuna-Condori; B. Cagneau; P. Ruaux. 2026. Single-Source Integrated Optical Wireless Positioning and Communication,3,1,3,2,2,2,1,2,2,phase_e_tqaf_deterministic_v1.0_2026-08-04,Review-specific technical quality and reporting appraisal; not a conventional risk-of-bias instrument and not GRADE.
STC-SINGLETON-SCR-01025,"T. Chu; J. Ye; C. Chen; X. Guo; Z. Zeng; S. Guo; H. Haas; M. -S. Alouini. 2026. Revolutionizing 6G: Experimental Validation of an Optical Integrated Communication, Sensing, and Power Transfer System",3,3,3,2,2,1,1,3,3,phase_e_tqaf_deterministic_v1.0_2026-08-04,Review-specific technical quality and reporting appraisal; not a conventional risk-of-bias instrument and not GRADE.
STC-SINGLETON-SCR-01028,"X. Xie; X. Wang; X. Lai; Y. Wen; F. Yang; H. He; L. Zhang; D. Zhao. 2025. Adaptive Lighting Control in Visible Light Systems: An Integrated Sensing, Communication, and Illumination Framework",3,3,3,2,2,2,1,3,3,phase_e_tqaf_deterministic_v1.0_2026-08-04,Review-specific technical quality and reporting appraisal; not a conventional risk-of-bias instrument and not GRADE.
STC-SINGLETON-SCR-01029,L. Shi; Z. Liu; B. Béchadergue; H. Guan; L. Chassagne; X. Zhang. 2024. Experimental Demonstration of Integrated Optical Wireless Sensing and Communication,3,3,3,2,2,2,1,2,3,phase_e_tqaf_deterministic_v1.0_2026-08-04,Review-specific technical quality and reporting appraisal; not a conventional risk-of-bias instrument and not GRADE.
STC-SINGLETON-SCR-01030,J. -Y. Wang; H. -N. Yang; J. -B. Wang; M. Lin; P. Shi. 2023. Joint Optimization of Slot Selection and Power Allocation in Integrated Visible Light Communication and Sensing Systems,3,3,3,2,2,2,1,3,3,phase_e_tqaf_deterministic_v1.0_2026-08-04,Review-specific technical quality and reporting appraisal; not a conventional risk-of-bias instrument and not GRADE.
STC-SINGLETON-SCR-01032,"T. Chu; D. Wang; J. Ye; C. Chen; T. ElBatt; Z. Zeng; H. Haas. 2026. Flexible Hybrid Waveform Design for Optical Integrated Communication, Sensing, and Power Transfer Systems",3,3,3,2,2,2,1,3,3,phase_e_tqaf_deterministic_v1.0_2026-08-04,Review-specific technical quality and reporting appraisal; not a conventional risk-of-bias instrument and not GRADE.
STC-SINGLETON-SCR-01033,"S. Liu; T. Sun; L. Wang; J. Lin; J. Song; Y. Dong. 2025. Integrated PC-FMCW Automotive Headlamp for Communication, Sensing, and Illumination",2,3,3,1,2,1,1,2,2,phase_e_tqaf_deterministic_v1.0_2026-08-04,Review-specific technical quality and reporting appraisal; not a conventional risk-of-bias instrument and not GRADE.
STC-SINGLETON-SCR-01034,Y. Song; R. Mo; P. Zhang; C. Wang; Z. Sheng; Y. Sun; Y. Yang. 2024. VehicleTalk: Lightweight V2V Network Enabled by Optical Wireless Communication and Sensing,3,3,3,2,2,2,1,3,3,phase_e_tqaf_deterministic_v1.0_2026-08-04,Review-specific technical quality and reporting appraisal; not a conventional risk-of-bias instrument and not GRADE.
STC-SINGLETON-SCR-01036,Z. Liu; J. Zhu; J. Yang; Y. Sun; Y. Yang; J. Luo. 2025. ReflexGest: Recognizing Hand Gestures Under VLC-Capable Lamps,3,3,3,2,2,2,1,3,3,phase_e_tqaf_deterministic_v1.0_2026-08-04,Review-specific technical quality and reporting appraisal; not a conventional risk-of-bias instrument and not GRADE.
STC-SINGLETON-SCR-01040,Z. Xie; W. Dong; Z. Zhu; F. Deng; K. Yin; T. Jiang. 2026. A Novel Comb Based Multi-Function Architecture for ISAC System,3,3,3,2,2,2,1,3,3,phase_e_tqaf_deterministic_v1.0_2026-08-04,Review-specific technical quality and reporting appraisal; not a conventional risk-of-bias instrument and not GRADE.
STC-SINGLETON-SCR-01041,Q. Wang; Y. Deng; D. Mishra; Y. Xie; E. Aboutanios; S. Atakaramians. 2024. Photonics-based Terahertz Integrated Communication and Localization for D-band,3,3,3,2,2,1,1,3,3,phase_e_tqaf_deterministic_v1.0_2026-08-04,Review-specific technical quality and reporting appraisal; not a conventional risk-of-bias instrument and not GRADE.
STC-SINGLETON-SCR-01045,M. Salhi; M. Sliti. 2026. Secure Multi-Tenant Distributed Sensing for ISAC-Over-Fiber (IOSAC) Networks,1,1,2,2,2,1,1,2,2,phase_e_tqaf_deterministic_v1.0_2026-08-04,Review-specific technical quality and reporting appraisal; not a conventional risk-of-bias instrument and not GRADE.
STC-SINGLETON-SCR-01047,J. Li; Z. Xie; C. Liang; C. Xu; C. Ge; Z. Xu; J. Wang; L. Ruan; W. Gui; X. Liang; W. Ding. 2024. Indoor Health Monitoring with VLC-based Passive Posture Monitoring,1,3,3,2,2,2,1,3,2,phase_e_tqaf_deterministic_v1.0_2026-08-04,Review-specific technical quality and reporting appraisal; not a conventional risk-of-bias instrument and not GRADE.
STC-SINGLETON-SCR-01049,A. Tzanakaki; M. Anastasopoulos. 2025. Optical Transport Networks Supporting Integrated Communications and Sensing in 6G,3,2,3,2,2,1,1,3,2,phase_e_tqaf_deterministic_v1.0_2026-08-04,Review-specific technical quality and reporting appraisal; not a conventional risk-of-bias instrument and not GRADE.
STC-SINGLETON-SCR-01050,X. Xiong; H. Wang; S. Shao; C. Chen. 2026. Hybrid MRR-Assisted Long-Range SDMA for RO-ISAC Systems in Industry IoT Applications,3,3,3,2,2,1,1,3,3,phase_e_tqaf_deterministic_v1.0_2026-08-04,Review-specific technical quality and reporting appraisal; not a conventional risk-of-bias instrument and not GRADE.
STC-REALTIME-BIDIR-DMT-THZ-2024-2026,Q. Wang; W. Zhou; S. Xu; S. Wang; J. Zhang; X. Lu; J. Chen; C. Bian; J. Lin; J. Ge; Z. Ou; T. Wang; Y. Ma; T. Zhang; W. Li; K. Wang; J. Yu. 2026. Real-Time Integrated Sensing with 5.08 mm Range Resolution and 15.5 Gbps Bidirectional Wireless Communication Over a 270-Meter Outdoor Photonic-Assisted Terahertz Link,3,3,3,3,2,2,1,3,3,phase_e_tqaf_deterministic_v1.0_2026-08-04,Review-specific technical quality and reporting appraisal; not a conventional risk-of-bias instrument and not GRADE.
STC-SINGLETON-SCR-01059,H. -N. Yang; J. -Y. Wang; Q. Zeng; M. Cheng; M. Lin; J. -B. Wang. 2025. Joint Task Offloading and Resource Allocation for Integrated VLC and Sensing in Digital Twin-Aided Vehicular Edge Computing Networks,3,3,3,2,2,1,1,2,2,phase_e_tqaf_deterministic_v1.0_2026-08-04,Review-specific technical quality and reporting appraisal; not a conventional risk-of-bias instrument and not GRADE.
STC-SINGLETON-SCR-01060,H. Dong; K. Xi; H. Song; S. Liu; Z. Zhang. 2026. An Information Interaction Method for Autonomous Train Operation Protection Based on Detection and Communication Integrated Microwave Photonic Radar,2,3,3,2,2,2,1,3,3,phase_e_tqaf_deterministic_v1.0_2026-08-04,Review-specific technical quality and reporting appraisal; not a conventional risk-of-bias instrument and not GRADE.
STC-SINGLETON-SCR-01070,Y. Zhu; C. Zhang; Y. Zou; X. Cai; X. Fang; J. Lin; X. Zhou; F. Li; Z. Chen; X. Xie; W. Hu; F. Zhang. 2025. Integrated 1-Tb/s/λ Coherent Optical Transmission and Forward Vibration Sensing Using DFB Lasers with Combined Linewidth of 21.4 MHz,2,3,3,2,2,2,1,3,3,phase_e_tqaf_deterministic_v1.0_2026-08-04,Review-specific technical quality and reporting appraisal; not a conventional risk-of-bias instrument and not GRADE.
STC-SINGLETON-SCR-01071,Y. Zhu; C. Zhang; Y. Zou; X. Cai; Y. Hu; X. Fang; J. Lin; J. Li; X. Zhou; X. Xie; W. Hu; F. Zhang. 2026. Long-Distance Integrated Forward Vibration Sensing and Terabit Optical Communication with 12.5-MHz DFB Laser via Phase Noise Separation,2,3,3,2,2,2,1,3,3,phase_e_tqaf_deterministic_v1.0_2026-08-04,Review-specific technical quality and reporting appraisal; not a conventional risk-of-bias instrument and not GRADE.
STC-SINGLETON-SCR-01072,B. Yang; H. Yu; Y. Yan; C. Zhang; J. Tang; Y. Hao; J. Wei; G. Sun; Y. Yang. 2026. Accurate vibration recognition enabled by synergistic sensing based on both phase and SOP for stable IM-DD optical interconnects,2,3,3,2,2,2,1,3,3,phase_e_tqaf_deterministic_v1.0_2026-08-04,Review-specific technical quality and reporting appraisal; not a conventional risk-of-bias instrument and not GRADE.
STC-SINGLETON-SCR-01073,"X. Meng; J. Zheng; J. Li; T. Pu; H. Zhou; S. Liu; X. Zhao. 2026. Photonics-Assisted System for Joint Radar Ranging, Wireless Communications, and Spectrum Sensing",3,3,3,2,2,2,1,3,3,phase_e_tqaf_deterministic_v1.0_2026-08-04,Review-specific technical quality and reporting appraisal; not a conventional risk-of-bias instrument and not GRADE.
STC-WBAND-POLARIZATION-JRC-2023-2025,M. Lei; M. Zhu; Y. Cai; M. Fang; W. Luo; J. Zhang; B. Hua; Y. Zou; X. Liu; W. Tong; J. Yu. 2023. Integration of Sensing and Communication in a W-Band Fiber-Wireless Link Enabled by Electromagnetic Polarization Multiplexing,3,3,3,2,2,2,1,3,3,phase_e_tqaf_deterministic_v1.0_2026-08-04,Review-specific technical quality and reporting appraisal; not a conventional risk-of-bias instrument and not GRADE.
STC-SINGLETON-SCR-01079,J. Wang; A. P. T. Lau; C. Lu. 2026. Sensing as a Service: Can In-Band Distributed Fiber Optic Sensing Coexist With Coherent Metro DWDM Communication Network?,2,3,3,2,2,2,1,3,3,phase_e_tqaf_deterministic_v1.0_2026-08-04,Review-specific technical quality and reporting appraisal; not a conventional risk-of-bias instrument and not GRADE.
STC-SINGLETON-SCR-01081,T. Wei; S. Liu; X. Du. 2023. Visible Light Integrated Positioning and Communication: A Multi-Task Federated Learning Framework,1,3,3,1,2,1,1,3,2,phase_e_tqaf_deterministic_v1.0_2026-08-04,Review-specific technical quality and reporting appraisal; not a conventional risk-of-bias instrument and not GRADE.
STC-SINGLETON-SCR-01085,M. Zhou; R. Jin; S. Chen; J. Ding; M. Xu; Z. Wu. 2025. Turbulence-Resilient Communication through Beam Shaping Enabled by Multi-Region Turbulence Intensity Sensing,3,3,3,2,2,2,1,3,3,phase_e_tqaf_deterministic_v1.0_2026-08-04,Review-specific technical quality and reporting appraisal; not a conventional risk-of-bias instrument and not GRADE.
STC-SINGLETON-SCR-01086,Z. Wei; Y. Chen; Y. Wu; H. Gao; R. Chen; T. Li; S. Li; J. Chai; Z. Li; C. Lu. 2026. Simultaneous distributed sensing and communication enabled by space and wavelength division multiplexing in a field-deployed seven-core fiber,2,3,3,3,2,2,1,3,3,phase_e_tqaf_deterministic_v1.0_2026-08-04,Review-specific technical quality and reporting appraisal; not a conventional risk-of-bias instrument and not GRADE.
STC-SINGLETON-SCR-01088,Y. Zou; Z. Luo; J. Xu; S. Zhang; X. Dai; M. Cheng; C. Liu; L. Deng; Q. Yang. 2026. Picosecond-Level Round-Trip Delay Measurement Scheme Based on Non-Commensurate Sampling for Future Deterministic Passive Optical Networks,3,3,3,2,2,2,1,3,3,phase_e_tqaf_deterministic_v1.0_2026-08-04,Review-specific technical quality and reporting appraisal; not a conventional risk-of-bias instrument and not GRADE.
STC-SINGLETON-SCR-01093,M. Liu; J. Wang; C. Liu; C. Yu; C. Lu. 2025. Coexistence of Distributed Sensing and Ultra-Simple Coherent RoF Based Front-Haul for Radio Access Network,2,3,3,2,2,2,1,3,3,phase_e_tqaf_deterministic_v1.0_2026-08-04,Review-specific technical quality and reporting appraisal; not a conventional risk-of-bias instrument and not GRADE.
STC-SINGLETON-SCR-01095,Y. Wu; L. Sun; J. Cai; W. Wang; L. Zhang; R. Xu; G. Xu; G. Ning Liu; Y. Cai; H. Huang; G. Shen. 2025. Advanced Integration of Sensing and Communication With High DSP Compatibility for SMART Network,2,3,3,2,2,2,1,3,3,phase_e_tqaf_deterministic_v1.0_2026-08-04,Review-specific technical quality and reporting appraisal; not a conventional risk-of-bias instrument and not GRADE.
STC-ICP-RL-HLLB-3650KM-2024-2025,J. Wu; Z. Liu; L. Liu; H. Ji; W. Shieh. 2025. Simultaneous Transmission and Sensing Emulation Using Interconnected Counter-Propagating Recirculating Loops,2,3,3,2,2,2,1,3,3,phase_e_tqaf_deterministic_v1.0_2026-08-04,Review-specific technical quality and reporting appraisal; not a conventional risk-of-bias instrument and not GRADE.
STC-SINGLETON-SCR-01101,D. Du; Y. Wang; Y. Gao. 2024. Integrated Communication and Radar Detection Based-on Single Modulator at W-Band,3,3,3,2,2,2,1,2,3,phase_e_tqaf_deterministic_v1.0_2026-08-04,Review-specific technical quality and reporting appraisal; not a conventional risk-of-bias instrument and not GRADE.
STC-SINGLETON-SCR-01103,B. Yang; Q. Zhuo; H. Yu; J. Tang; S. Gao; Y. Yang. 2025. Vibration Localization under Unidirectional Single-Channel Transmission Conditions in the DSCM Systems Based on Non-Reciprocity,2,3,3,1,2,1,1,3,2,phase_e_tqaf_deterministic_v1.0_2026-08-04,Review-specific technical quality and reporting appraisal; not a conventional risk-of-bias instrument and not GRADE.
STC-SINGLETON-SCR-01105,T. Wang; H. Liang; X. Li; P. Hou; Y. An; A. Wang; S. Fu; Y. Wang; Y. Qin; Z. Gao. 2026. Integrated secure communication and sensing based on simultaneous chaotic encryption and vibration detection with an RE-LFM signal,2,3,3,2,2,2,1,3,3,phase_e_tqaf_deterministic_v1.0_2026-08-04,Review-specific technical quality and reporting appraisal; not a conventional risk-of-bias instrument and not GRADE.
STC-ACO-OFDM-LFM-LIDAR-2025,G. Zhou; M. Cao; Q. Yang; Y. Zhang; S. Han; H. Wang. 2024. Integrated Design of OFDM-LFM Lidar Communication in IoV Environment,2,3,3,2,2,2,1,3,3,phase_e_tqaf_deterministic_v1.0_2026-08-04,Review-specific technical quality and reporting appraisal; not a conventional risk-of-bias instrument and not GRADE.
STC-SINGLETON-SCR-01151,W. Bai; X. Zou; P. Li; J. Ye; Y. Yang; L. Yan; W. Pan; L. Yan. 2022. Photonic Millimeter-Wave Joint Radar Communication System Using Spectrum-Spreading Phase-Coding,2,3,3,2,2,2,1,3,3,phase_e_tqaf_deterministic_v1.0_2026-08-04,Review-specific technical quality and reporting appraisal; not a conventional risk-of-bias instrument and not GRADE.
STC-SINGLETON-SCR-01152,M. Fang; M. Lei; L. Tian; J. Zhang; B. Hua; Y. Cai; X. Wei; J. Yu; M. Zhu. 2023. On-Chip Photonic MMW Joint Communication and Radar System,3,3,3,2,2,2,1,3,3,phase_e_tqaf_deterministic_v1.0_2026-08-04,Review-specific technical quality and reporting appraisal; not a conventional risk-of-bias instrument and not GRADE.
STC-SINGLETON-SCR-01153,J. Chen; H. Huang; R. Zheng; B. Mo; Z. Yi; J. Wo; J. Zhang; X. Wang; X. Feng; J. Yao. 2025. Photonic-Assisted Joint Radar and Communication System Using Overlapped Spectrum for High-Resolution Ranging and High-Speed Data Transmission,3,3,3,2,2,2,1,3,3,phase_e_tqaf_deterministic_v1.0_2026-08-04,Review-specific technical quality and reporting appraisal; not a conventional risk-of-bias instrument and not GRADE.
STC-SINGLETON-SCR-01165,"Bo Yang, JinShuo Sun, Hao Chi, KuiWen Xu, ShuNa Yang. 2024. Joint radar and communication system based on a chaotic optoelectronic oscillator",2,3,3,2,2,2,1,3,3,phase_e_tqaf_deterministic_v1.0_2026-08-04,Review-specific technical quality and reporting appraisal; not a conventional risk-of-bias instrument and not GRADE.
STC-SINGLETON-SCR-01180,Xiaohui TangYanyang LeiJinglin SuiMeng XiaYaxi YanDexin BaYongkang Dong. 2026. Optical fiber communication and distributed multi-parameter sensing integrated network for smart power grid applications,3,3,3,2,2,2,1,3,3,phase_e_tqaf_deterministic_v1.0_2026-08-04,Review-specific technical quality and reporting appraisal; not a conventional risk-of-bias instrument and not GRADE.
STC-DSCM-ANN-DT-ECL-2025-2026,Bang YangJianwei TangLinsheng FanJinlong WeiYanfu Yang. 2026. Machine-learning-enhanced phase-based vibration sensing in coherent DSCM systems under commercial ECLs,3,3,3,2,2,2,1,3,3,phase_e_tqaf_deterministic_v1.0_2026-08-04,Review-specific technical quality and reporting appraisal; not a conventional risk-of-bias instrument and not GRADE.
STC-SINGLETON-SCR-01188,Rong TangYunjiang RaoHuijuan WuYong GengQiang JingLang XiePeng HeZhaoyu LiShengtao ZouTianyu HuaSijin ZhengYu Wu. 2026. Seamless integration of distributed acoustic sensing and passive optical networks for human intrusion monitoring,2,3,3,2,2,2,1,3,3,phase_e_tqaf_deterministic_v1.0_2026-08-04,Review-specific technical quality and reporting appraisal; not a conventional risk-of-bias instrument and not GRADE.
STC-SINGLETON-SCR-01229,Yixiao ZhouShanghong ZhaoXuan LiGuodong Wang. 2024. Photonic generation of frequency agile LFM signals for ISAC systems,3,3,3,2,2,1,1,3,3,phase_e_tqaf_deterministic_v1.0_2026-08-04,Review-specific technical quality and reporting appraisal; not a conventional risk-of-bias instrument and not GRADE.
