support_id,match_type,ieee_source_file,ieee_source_row,ieee_title,ieee_doi,scopus_source_file,scopus_source_row,scopus_title,scopus_doi,already_in_dedup_log,support_scope,notes
EXT_DEDUP_001,exact_doi,screening/external/IEEE_511_OISAC_Results.csv,3,Modulation Strategies for Robust Optical Wireless Communications and Sensing in 6G,10.1109/icton67126.2025.11125210,data/srch_logs/scopus_export_Dec 28-2025_b7fbefb1-055d-45f8-a240-8163c71acaa5.csv,110,Modulation Strategies for Robust Optical Wireless Communications and Sensing in 6G,10.1109/icton67126.2025.11125210,yes,noncanonical_external_overlap_support,External IEEE 511 export DOI match against visible Scopus update export.
EXT_DEDUP_002,normalized_title_only,screening/external/IEEE_511_OISAC_Results.csv,5,Photonic Terahertz Integrated Sensing and Communication (ISAC) Systems,,data/srch_logs/scopus_export_Dec 28-2025_b7fbefb1-055d-45f8-a240-8163c71acaa5.csv,145,Photonic Terahertz Integrated Sensing and Communication (ISAC) Systems,10.1364/ofc.2025.w4f.6,yes,noncanonical_external_overlap_support,External IEEE 511 export normalized-title match against visible Scopus update export.
EXT_DEDUP_003,exact_doi,screening/external/IEEE_511_OISAC_Results.csv,6,Analysis of Visible Light-Based ISAC Channel Characteristics in a V2V Scenario,10.1109/wcnc61545.2025.10978645,data/srch_logs/scopus_export_Dec 28-2025_b7fbefb1-055d-45f8-a240-8163c71acaa5.csv,169,Analysis of Visible Light-Based ISAC Channel Characteristics in a V2V Scenario,10.1109/wcnc61545.2025.10978645,yes,noncanonical_external_overlap_support,External IEEE 511 export DOI match against visible Scopus update export.
EXT_DEDUP_004,exact_doi,screening/external/IEEE_511_OISAC_Results.csv,10,Integrated Sensing and Communication for UAV Trajectory Optimization in Mixed FSO-RF Networks in Dynamic Weather Conditions,10.1109/wcnc61545.2025.10978163,data/srch_logs/scopus_export_Dec 28-2025_b7fbefb1-055d-45f8-a240-8163c71acaa5.csv,168,Integrated Sensing and Communication for UAV Trajectory Optimization in Mixed FSO-RF Networks in Dynamic Weather Conditions,10.1109/wcnc61545.2025.10978163,yes,noncanonical_external_overlap_support,External IEEE 511 export DOI match against visible Scopus update export.
EXT_DEDUP_005,exact_doi,screening/external/IEEE_511_OISAC_Results.csv,11,Recent Advancements and Challenges in Integrated Sensing and Communication in Optical Fiber,10.1109/icct62411.2024.10946617,data/srch_logs/scopus_export_Dec 28-2025_b7fbefb1-055d-45f8-a240-8163c71acaa5.csv,289,Recent Advancements and Challenges in Integrated Sensing and Communication in Optical Fiber,10.1109/icct62411.2024.10946617,yes,noncanonical_external_overlap_support,External IEEE 511 export DOI match against visible Scopus update export.
EXT_DEDUP_006,exact_doi,screening/external/IEEE_511_OISAC_Results.csv,14,Wide-Steering Integrated Sensing and Communication OPA-Based Lidar Design with Joint Waveform and Thinned Antenna,10.23919/oecc/psc62146.2025.11111436,data/srch_logs/scopus_export_Dec 28-2025_b7fbefb1-055d-45f8-a240-8163c71acaa5.csv,119,Wide-Steering Integrated Sensing and Communication OPA-Based Lidar Design with Joint Waveform and Thinned Antenna,10.23919/oecc/psc62146.2025.11111436,yes,noncanonical_external_overlap_support,External IEEE 511 export DOI match against visible Scopus update export.
EXT_DEDUP_007,exact_doi,screening/external/IEEE_511_OISAC_Results.csv,16,Integrated Positioning and Communication Relying on Wireless Optical OFDM,10.1109/jsac.2025.3543532,data/srch_logs/scopus_export_Dec 28-2025_b7fbefb1-055d-45f8-a240-8163c71acaa5.csv,54,Integrated Positioning and Communication Relying on Wireless Optical OFDM,10.1109/jsac.2025.3543532,yes,noncanonical_external_overlap_support,External IEEE 511 export DOI match against visible Scopus update export.
EXT_DEDUP_008,exact_doi,screening/external/IEEE_511_OISAC_Results.csv,18,Retroreflective Optical ISAC Supporting 3D Positioning in Indoor Environments,10.1109/acp/ipoc63121.2024.10809915,data/srch_logs/scopus_export_Dec 28-2025_b7fbefb1-055d-45f8-a240-8163c71acaa5.csv,231,Retroreflective Optical ISAC Supporting 3D Positioning in Indoor Environments,10.1109/acp/ipoc63121.2024.10809915,yes,noncanonical_external_overlap_support,External IEEE 511 export DOI match against visible Scopus update export.
EXT_DEDUP_009,exact_doi,screening/external/IEEE_511_OISAC_Results.csv,19,Phase-Coded FMCW for Optical Integrated Sensing and Communication,10.1109/acp/ipoc63121.2024.10809937,data/srch_logs/scopus_export_Dec 28-2025_b7fbefb1-055d-45f8-a240-8163c71acaa5.csv,236,Phase-Coded FMCW for Optical Integrated Sensing and Communication,10.1109/acp/ipoc63121.2024.10809937,yes,noncanonical_external_overlap_support,External IEEE 511 export DOI match against visible Scopus update export.
EXT_DEDUP_010,exact_doi,screening/external/IEEE_511_OISAC_Results.csv,20,Single-Ended > 100-km Distributed Vibration Sensor Based on OFDR Using Pearson Correlation Coefficient,10.1109/jsen.2025.3554542,data/srch_logs/scopus_export_Dec 28-2025_b7fbefb1-055d-45f8-a240-8163c71acaa5.csv,186,Single-Ended > 100-km Distributed Vibration Sensor Based on OFDR Using Pearson Correlation Coefficient,10.1109/jsen.2025.3554542,yes,noncanonical_external_overlap_support,External IEEE 511 export DOI match against visible Scopus update export.
EXT_DEDUP_011,exact_doi,screening/external/IEEE_511_OISAC_Results.csv,23,Movable Access Point-Aided Integrated Visible Light Communication and Sensing Networks,10.1109/lwc.2024.3521192,data/srch_logs/scopus_export_Dec 28-2025_b7fbefb1-055d-45f8-a240-8163c71acaa5.csv,48,Movable Access Point-Aided Integrated Visible Light Communication and Sensing Networks,10.1109/lwc.2024.3521192,yes,noncanonical_external_overlap_support,External IEEE 511 export DOI match against visible Scopus update export.
EXT_DEDUP_012,exact_doi,screening/external/IEEE_511_OISAC_Results.csv,25,Demonstration of Photonic Sub-THz ISAC System with Real-Time 251.03-Gbps Communication Rate and Offline 2.5-cm Sensing Resolution,10.1109/icocn63276.2024.10648485,data/srch_logs/scopus_export_Dec 28-2025_b7fbefb1-055d-45f8-a240-8163c71acaa5.csv,254,Demonstration of Photonic Sub-THz ISAC System with Real-Time 251.03-Gbps Communication Rate and Offline 2.5-cm Sensing Resolution,10.1109/icocn63276.2024.10648485,yes,noncanonical_external_overlap_support,External IEEE 511 export DOI match against visible Scopus update export.
EXT_DEDUP_013,normalized_title_only,screening/external/IEEE_511_OISAC_Results.csv,26,Double-effect DNN-based DBP Scheme for Integrated Sensing and Communications (ISAC),,data/srch_logs/scopus_export_Dec 28-2025_b7fbefb1-055d-45f8-a240-8163c71acaa5.csv,363,Double-effect DNN-based DBP Scheme for Integrated Sensing and Communications (ISAC),,yes,noncanonical_external_overlap_support,External IEEE 511 export normalized-title match against visible Scopus update export.
EXT_DEDUP_014,exact_doi,screening/external/IEEE_511_OISAC_Results.csv,27,Coexistence of Distributed Sensing and Ultra-Simple Coherent RoF Based Front-Haul for Radio Access Network,10.1109/jlt.2025.3555486,data/srch_logs/scopus_export_Dec 28-2025_b7fbefb1-055d-45f8-a240-8163c71acaa5.csv,187,Coexistence of Distributed Sensing and Ultra-Simple Coherent RoF Based Front-Haul for Radio Access Network,10.1109/jlt.2025.3555486,yes,noncanonical_external_overlap_support,External IEEE 511 export DOI match against visible Scopus update export.
EXT_DEDUP_015,normalized_title_only,screening/external/IEEE_511_OISAC_Results.csv,28,Photonic THz Sensing-assisted Multipath Channel Estimation for ISAC,,data/srch_logs/scopus_export_Dec 28-2025_b7fbefb1-055d-45f8-a240-8163c71acaa5.csv,140,Photonic THz Sensing-assisted Multipath Channel Estimation for ISAC,10.1364/ofc.2025.th2a.23,no,noncanonical_external_overlap_support,External IEEE 511 export normalized-title match against visible Scopus update export.
EXT_DEDUP_016,exact_doi,screening/external/IEEE_511_OISAC_Results.csv,29,Full-Duplex Integrated Sensing and Communication System Based on Microwave Photonics,10.1109/acp/ipoc63121.2024.10809573,data/srch_logs/scopus_export_Dec 28-2025_b7fbefb1-055d-45f8-a240-8163c71acaa5.csv,235,Full-duplex Integrated Sensing and Communication System Based on Microwave Photonics,10.1109/acp/ipoc63121.2024.10809573,yes,noncanonical_external_overlap_support,External IEEE 511 export DOI match against visible Scopus update export.
EXT_DEDUP_017,exact_doi,screening/external/IEEE_511_OISAC_Results.csv,33,A Technical Review of Integrated Sensing and Communication in Optical Transmission System,10.1109/icocn59242.2023.10236125,data/srch_logs/scopus_export_Dec 28-2025_b7fbefb1-055d-45f8-a240-8163c71acaa5.csv,333,A Technical Review of Integrated Sensing and Communication in Optical Transmission System,10.1109/icocn59242.2023.10236125,no,noncanonical_external_overlap_support,External IEEE 511 export DOI match against visible Scopus update export.
EXT_DEDUP_018,exact_doi,screening/external/IEEE_511_OISAC_Results.csv,34,Photonic Integrated Sensing and Communication System Harnessing Submarine Fiber Optic Cables for Coastal Event Monitoring,10.1109/mcom.002.2200191,data/srch_logs/scopus_export_Dec 28-2025_b7fbefb1-055d-45f8-a240-8163c71acaa5.csv,348,Photonic Integrated Sensing and Communication System Harnessing Submarine Fiber Optic Cables for Coastal Event Monitoring,10.1109/mcom.002.2200191,yes,noncanonical_external_overlap_support,External IEEE 511 export DOI match against visible Scopus update export.
EXT_DEDUP_019,exact_doi,screening/external/IEEE_511_OISAC_Results.csv,38,"Optical Integrated Sensing and Communication: Architectures, Potentials and Challenges",10.1109/iotm.001.2300196,data/srch_logs/scopus_export_Dec 28-2025_b7fbefb1-055d-45f8-a240-8163c71acaa5.csv,207,"Optical Integrated Sensing and Communication: Architectures, Potentials and Challenges",10.1109/iotm.001.2300196,yes,noncanonical_external_overlap_support,External IEEE 511 export DOI match against visible Scopus update export.
EXT_DEDUP_020,exact_doi,screening/external/IEEE_511_OISAC_Results.csv,39,Joint Visible Light Sensing and Communication Using m-CAP Modulation,10.1109/tbc.2022.3201649,data/srch_logs/scopus_export_Dec 28-2025_b7fbefb1-055d-45f8-a240-8163c71acaa5.csv,316,Joint Visible Light Sensing and Communication Using m-CAP Modulation,10.1109/tbc.2022.3201649,yes,noncanonical_external_overlap_support,External IEEE 511 export DOI match against visible Scopus update export.
EXT_DEDUP_021,exact_doi,screening/external/IEEE_511_OISAC_Results.csv,40,Free-Space Optical Integrated Sensing and Communication Based on DCO-OFDM: Performance Metrics and Resource Allocation,10.1109/jiot.2024.3469279,data/srch_logs/scopus_export_Dec 28-2025_b7fbefb1-055d-45f8-a240-8163c71acaa5.csv,61,Free-Space Optical Integrated Sensing and Communication Based on DCO-OFDM: Performance Metrics and Resource Allocation,10.1109/jiot.2024.3469279,yes,noncanonical_external_overlap_support,External IEEE 511 export DOI match against visible Scopus update export.
EXT_DEDUP_022,exact_doi,screening/external/IEEE_511_OISAC_Results.csv,41,Pre-Compensation of LFM Sensing Probe via Integrated Sensing and Communication over Fiber System,10.23919/oecc/psc62146.2025.11111272,data/srch_logs/scopus_export_Dec 28-2025_b7fbefb1-055d-45f8-a240-8163c71acaa5.csv,122,Pre-Compensation of LFM Sensing Probe via Integrated Sensing and Communication over Fiber System,10.23919/oecc/psc62146.2025.11111272,yes,noncanonical_external_overlap_support,External IEEE 511 export DOI match against visible Scopus update export.
EXT_DEDUP_023,normalized_title_only,screening/external/IEEE_511_OISAC_Results.csv,43,Optical Transport Network Optimization Supporting Integrated Sensing and Communication Services,,data/srch_logs/scopus_export_Dec 28-2025_b7fbefb1-055d-45f8-a240-8163c71acaa5.csv,142,Optical Transport Network Optimization Supporting Integrated Sensing and Communication Services,10.1364/ofc.2025.w2a.48,yes,noncanonical_external_overlap_support,External IEEE 511 export normalized-title match against visible Scopus update export.
EXT_DEDUP_024,exact_doi,screening/external/IEEE_511_OISAC_Results.csv,44,W-band Photonic-based Integration of Sensing and Communication with Frequency-division Multiplexed Waveforms in Fiber-wireless Integrated Network,10.1109/acp55869.2022.10088790,data/srch_logs/scopus_export_Dec 28-2025_b7fbefb1-055d-45f8-a240-8163c71acaa5.csv,356,W-band Photonic-based Integration of Sensing and Communication with Frequency-division Multiplexed Waveforms in Fiber-wireless Integrated Network,10.1109/acp55869.2022.10088790,yes,noncanonical_external_overlap_support,External IEEE 511 export DOI match against visible Scopus update export.
EXT_DEDUP_025,exact_doi,screening/external/IEEE_511_OISAC_Results.csv,50,THz Integrated Sensing and Communication With Full-Photonic Direct LFM Reception and De-Chirping for D-Band Fiber-Wireless Network,10.1109/tmtt.2025.3549729,data/srch_logs/scopus_export_Dec 28-2025_b7fbefb1-055d-45f8-a240-8163c71acaa5.csv,178,THz Integrated Sensing and Communication With Full-Photonic Direct LFM Reception and De-Chirping for D-Band Fiber-Wireless Network,10.1109/tmtt.2025.3549729,yes,noncanonical_external_overlap_support,External IEEE 511 export DOI match against visible Scopus update export.
EXT_DEDUP_026,exact_doi,screening/external/IEEE_511_OISAC_Results.csv,51,ReflexGest: Recognizing Hand Gestures Under VLC-Capable Lamps,10.1109/tmc.2025.3545340,data/srch_logs/scopus_export_Dec 28-2025_b7fbefb1-055d-45f8-a240-8163c71acaa5.csv,52,ReflexGest: Recognizing Hand Gestures Under VLC-Capable Lamps,10.1109/tmc.2025.3545340,yes,noncanonical_external_overlap_support,External IEEE 511 export DOI match against visible Scopus update export.
EXT_DEDUP_027,exact_doi,screening/external/IEEE_511_OISAC_Results.csv,54,Photonics-Enabled Full-Duplex Millimeter-Wave Integrated Sensing and Communication,10.1109/acp/ipoc63121.2024.10810000,data/srch_logs/scopus_export_Dec 28-2025_b7fbefb1-055d-45f8-a240-8163c71acaa5.csv,234,Photonics-enabled full-duplex millimeter-wave integrated sensing and communication,10.1109/acp/ipoc63121.2024.10810000,yes,noncanonical_external_overlap_support,External IEEE 511 export DOI match against visible Scopus update export.
EXT_DEDUP_028,normalized_title_only,screening/external/IEEE_511_OISAC_Results.csv,57,Photonics-Aided THz ISAC System Based on A Spectral Overlapping Multi-Carrier 16QAM-LFM Waveform,,data/srch_logs/scopus_export_Dec 28-2025_b7fbefb1-055d-45f8-a240-8163c71acaa5.csv,144,Photonics-Aided THz ISAC System Based on A Spectral Overlapping Multi-Carrier 16QAM-LFM Waveform,10.1364/ofc.2025.th2a.27,no,noncanonical_external_overlap_support,External IEEE 511 export normalized-title match against visible Scopus update export.
EXT_DEDUP_029,exact_doi,screening/external/IEEE_511_OISAC_Results.csv,62,Pulse Sequence Sensing and Pulse Position Modulation for Optical Integrated Sensing and Communication,10.1109/lcomm.2023.3270184,data/srch_logs/scopus_export_Dec 28-2025_b7fbefb1-055d-45f8-a240-8163c71acaa5.csv,310,Pulse Sequence Sensing and Pulse Position Modulation for Optical Integrated Sensing and Communication,10.1109/lcomm.2023.3270184,yes,noncanonical_external_overlap_support,External IEEE 511 export DOI match against visible Scopus update export.
EXT_DEDUP_030,exact_doi,screening/external/IEEE_511_OISAC_Results.csv,64,OCDM-Based FMCW Waveform Design for FSO Integrated Sensing and Communications,10.1109/jlt.2025.3592208,data/srch_logs/scopus_export_Dec 28-2025_b7fbefb1-055d-45f8-a240-8163c71acaa5.csv,137,OCDM-Based FMCW Waveform Design for FSO Integrated Sensing and Communications,10.1109/jlt.2025.3592208,yes,noncanonical_external_overlap_support,External IEEE 511 export DOI match against visible Scopus update export.
EXT_DEDUP_031,exact_doi,screening/external/IEEE_511_OISAC_Results.csv,74,Visible Light Integrated Positioning and Communication: A Multi-Task Federated Learning Framework,10.1109/tmc.2022.3207164,data/srch_logs/scopus_export_Dec 28-2025_b7fbefb1-055d-45f8-a240-8163c71acaa5.csv,303,Visible Light Integrated Positioning and Communication: A Multi-Task Federated Learning Framework,10.1109/tmc.2022.3207164,yes,noncanonical_external_overlap_support,External IEEE 511 export DOI match against visible Scopus update export.
EXT_DEDUP_032,exact_doi,screening/external/IEEE_511_OISAC_Results.csv,75,UAV-Aided Flying Retroreflective Optical ISAC with Angle Diversity Transmitters,10.23919/oecc/psc62146.2025.11110803,data/srch_logs/scopus_export_Dec 28-2025_b7fbefb1-055d-45f8-a240-8163c71acaa5.csv,121,UAV-Aided Flying Retroreflective Optical ISAC with Angle Diversity Transmitters,10.23919/oecc/psc62146.2025.11110803,yes,noncanonical_external_overlap_support,External IEEE 511 export DOI match against visible Scopus update export.
EXT_DEDUP_033,exact_doi,screening/external/IEEE_511_OISAC_Results.csv,76,Co-Route Fiber Recognition and Status Diagnosis Based on Integrated Sensing and Communication in 6G Transport Networks,10.1109/jiot.2024.3414863,data/srch_logs/scopus_export_Dec 28-2025_b7fbefb1-055d-45f8-a240-8163c71acaa5.csv,272,Co-Route Fiber Recognition and Status Diagnosis Based on Integrated Sensing and Communication in 6G Transport Networks,10.1109/jiot.2024.3414863,yes,noncanonical_external_overlap_support,External IEEE 511 export DOI match against visible Scopus update export.
EXT_DEDUP_034,normalized_title_only,screening/external/IEEE_511_OISAC_Results.csv,78,Photonic-based W-band Flexible TFDM Integrated Sensing and Communication System for Fiber-wireless Network,10.1364/ofc.2023.w4j.5,data/srch_logs/scopus_export_Dec 28-2025_b7fbefb1-055d-45f8-a240-8163c71acaa5.csv,343,Photonic-based W-band Flexible TFDM Integrated Sensing and Communication System for Fiber-wireless Network,10.23919/ofc49934.2023.10116069,yes,noncanonical_external_overlap_support,External IEEE 511 export normalized-title match against visible Scopus update export.
EXT_DEDUP_035,exact_doi,screening/external/IEEE_511_OISAC_Results.csv,79,Photonic-Based W-Band Integrated Sensing and Communication System With Flexible Time- Frequency Division Multiplexed Waveforms for Fiber-Wireless Network,10.1109/jlt.2024.3354070,data/srch_logs/scopus_export_Dec 28-2025_b7fbefb1-055d-45f8-a240-8163c71acaa5.csv,219,Photonic-Based W-Band Integrated Sensing and Communication System With Flexible Time- Frequency Division Multiplexed Waveforms for Fiber-Wireless Network,10.1109/jlt.2024.3354070,yes,noncanonical_external_overlap_support,External IEEE 511 export DOI match against visible Scopus update export.
EXT_DEDUP_036,normalized_title_only,screening/external/IEEE_511_OISAC_Results.csv,81,Co-Wavelength-Channel Integration of Ultra-Low-Frequency Distributed Acoustic Sensing and High-Capacity Communication,10.1109/acp/ipoc63121.2024.10810040,data/srch_logs/scopus_export_Dec 28-2025_b7fbefb1-055d-45f8-a240-8163c71acaa5.csv,32,Co-wavelength-channel integration of ultra-low-frequency distributed acoustic sensing and high-capacity communication,10.1364/prj.551958,yes,noncanonical_external_overlap_support,External IEEE 511 export normalized-title match against visible Scopus update export.
EXT_DEDUP_037,exact_doi,screening/external/IEEE_511_OISAC_Results.csv,83,Monolithic III-Nitride Photonic Circuit for Integrated Sensing and Communication System,10.1109/sslchinaifws60785.2023.10399712,data/srch_logs/scopus_export_Dec 28-2025_b7fbefb1-055d-45f8-a240-8163c71acaa5.csv,324,Monolithic III-Nitride Photonic Circuit for Integrated Sensing and Communication System,10.1109/sslchinaifws60785.2023.10399712,no,noncanonical_external_overlap_support,External IEEE 511 export DOI match against visible Scopus update export.
EXT_DEDUP_038,exact_doi,screening/external/IEEE_511_OISAC_Results.csv,84,A Photonics-Assisted D-Band ISAC System Based on A Time-Frequency Efficient Waveform,10.1109/acp/ipoc63121.2024.10809716,data/srch_logs/scopus_export_Dec 28-2025_b7fbefb1-055d-45f8-a240-8163c71acaa5.csv,232,A Photonics-Assisted D-Band ISAC System Based on A Time-Frequency Efficient Waveform,10.1109/acp/ipoc63121.2024.10809716,no,noncanonical_external_overlap_support,External IEEE 511 export DOI match against visible Scopus update export.
EXT_DEDUP_039,exact_doi,screening/external/IEEE_511_OISAC_Results.csv,86,Zero-Padding 2D-DFT Scheme for Photonics-Assisted W-Band Fiber-Wireless ISAC System With Orthogonal Time Frequency Space Modulation,10.1109/jlt.2025.3602312,data/srch_logs/scopus_export_Dec 28-2025_b7fbefb1-055d-45f8-a240-8163c71acaa5.csv,126,Zero-Padding 2D-DFT Scheme for Photonics-Assisted W-Band Fiber-Wireless ISAC System with Orthogonal Time Frequency Space Modulation,10.1109/jlt.2025.3602312,yes,noncanonical_external_overlap_support,External IEEE 511 export DOI match against visible Scopus update export.
EXT_DEDUP_040,exact_doi,screening/external/IEEE_511_OISAC_Results.csv,88,Simulation of Constant-Envelope THz Integrated Sensing and Communication System Based on Photonics with 2D Positioning,10.1109/acp/ipoc63121.2024.10809603,data/srch_logs/scopus_export_Dec 28-2025_b7fbefb1-055d-45f8-a240-8163c71acaa5.csv,230,Simulation of Constant-envelope THz Integrated Sensing and Communication System based on Photonics with 2D Positioning,10.1109/acp/ipoc63121.2024.10809603,no,noncanonical_external_overlap_support,External IEEE 511 export DOI match against visible Scopus update export.
EXT_DEDUP_041,exact_doi,screening/external/IEEE_511_OISAC_Results.csv,91,Power Allocation for OFDM-Based Free Space Optical Integrated Sensing and Communication,10.1109/icc51166.2024.10622583,data/srch_logs/scopus_export_Dec 28-2025_b7fbefb1-055d-45f8-a240-8163c71acaa5.csv,282,Power Allocation for OFDM-Based Free Space Optical Integrated Sensing and Communication,10.1109/icc51166.2024.10622583,yes,noncanonical_external_overlap_support,External IEEE 511 export DOI match against visible Scopus update export.
EXT_DEDUP_042,exact_doi,screening/external/IEEE_511_OISAC_Results.csv,92,Joint Optimization of Slot Selection and Power Allocation in Integrated Visible Light Communication and Sensing Systems,10.1109/jiot.2023.3303137,data/srch_logs/scopus_export_Dec 28-2025_b7fbefb1-055d-45f8-a240-8163c71acaa5.csv,298,Joint Optimization of Slot Selection and Power Allocation in Integrated Visible Light Communication and Sensing Systems,10.1109/jiot.2023.3303137,yes,noncanonical_external_overlap_support,External IEEE 511 export DOI match against visible Scopus update export.
EXT_DEDUP_043,exact_doi,screening/external/IEEE_511_OISAC_Results.csv,93,Visible Light Communication-Enabled Simultaneous Position and Orientation Detection for Harnessing Multipath Interference and Random Fading,10.1109/tits.2023.3324361,data/srch_logs/scopus_export_Dec 28-2025_b7fbefb1-055d-45f8-a240-8163c71acaa5.csv,221,Visible Light Communication-Enabled Simultaneous Position and Orientation Detection for Harnessing Multipath Interference and Random Fading,10.1109/tits.2023.3324361,yes,noncanonical_external_overlap_support,External IEEE 511 export DOI match against visible Scopus update export.
EXT_DEDUP_044,exact_doi,screening/external/IEEE_511_OISAC_Results.csv,94,Distributed Fiber Optic Sensing (DFOS) in Telecom Networks: Industry Trends and Standards Development,10.1109/jlt.2025.3597192,data/srch_logs/scopus_export_Dec 28-2025_b7fbefb1-055d-45f8-a240-8163c71acaa5.csv,133,Distributed Fiber Optic Sensing (DFOS) in Telecom Networks: Industry Trends and Standards Development,10.1109/jlt.2025.3597192,no,noncanonical_external_overlap_support,External IEEE 511 export DOI match against visible Scopus update export.
EXT_DEDUP_045,exact_doi,screening/external/IEEE_511_OISAC_Results.csv,99,Remote Phase-Shift LiDAR With Communication,10.1109/tcomm.2023.3233962,data/srch_logs/scopus_export_Dec 28-2025_b7fbefb1-055d-45f8-a240-8163c71acaa5.csv,317,Remote Phase-Shift LiDAR With Communication,10.1109/tcomm.2023.3233962,yes,noncanonical_external_overlap_support,External IEEE 511 export DOI match against visible Scopus update export.
EXT_DEDUP_046,exact_doi,screening/external/IEEE_511_OISAC_Results.csv,100,Adaptive Resource Allocation in ADO-OFDM for Optical Wireless Integrated Sensing and Communication,10.1109/globecom52923.2024.10901628,data/srch_logs/scopus_export_Dec 28-2025_b7fbefb1-055d-45f8-a240-8163c71acaa5.csv,294,Adaptive Resource Allocation in ADO-OFDM for Optical Wireless Integrated Sensing and Communication,10.1109/globecom52923.2024.10901628,yes,noncanonical_external_overlap_support,External IEEE 511 export DOI match against visible Scopus update export.
EXT_DEDUP_047,exact_doi,screening/external/IEEE_511_OISAC_Results.csv,102,Integrated Sensing and Communication in the Visible Spectral Range: A Novel Closed Loop Controller,10.1109/cobcom55489.2022.9880677,data/srch_logs/scopus_export_Dec 28-2025_b7fbefb1-055d-45f8-a240-8163c71acaa5.csv,359,Integrated Sensing and Communication in the Visible Spectral Range: A Novel Closed Loop Controller,10.1109/cobcom55489.2022.9880677,yes,noncanonical_external_overlap_support,External IEEE 511 export DOI match against visible Scopus update export.
EXT_DEDUP_048,exact_doi,screening/external/IEEE_511_OISAC_Results.csv,109,Optical Integrated Sensing and Communication With Light-Emitting Diode,10.1109/jiot.2024.3523045,data/srch_logs/scopus_export_Dec 28-2025_b7fbefb1-055d-45f8-a240-8163c71acaa5.csv,59,Optical Integrated Sensing and Communication With Light-Emitting Diode,10.1109/jiot.2024.3523045,yes,noncanonical_external_overlap_support,External IEEE 511 export DOI match against visible Scopus update export.
EXT_DEDUP_049,exact_doi,screening/external/IEEE_511_OISAC_Results.csv,114,Free Space Optical Integrated Sensing and Communication Based on LFM and CPM,10.1109/lcomm.2023.3332658,data/srch_logs/scopus_export_Dec 28-2025_b7fbefb1-055d-45f8-a240-8163c71acaa5.csv,283,Free Space Optical Integrated Sensing and Communication Based on LFM and CPM,10.1109/lcomm.2023.3332658,yes,noncanonical_external_overlap_support,External IEEE 511 export DOI match against visible Scopus update export.
EXT_DEDUP_050,exact_doi,screening/external/IEEE_511_OISAC_Results.csv,116,Microwave Photonics Empowered Integrated Sensing and Communication for 6G,10.1109/tmtt.2025.3532810,data/srch_logs/scopus_export_Dec 28-2025_b7fbefb1-055d-45f8-a240-8163c71acaa5.csv,50,Microwave Photonics Empowered Integrated Sensing and Communication for 6G,10.1109/tmtt.2025.3532810,no,noncanonical_external_overlap_support,External IEEE 511 export DOI match against visible Scopus update export.
EXT_DEDUP_051,exact_doi,screening/external/IEEE_511_OISAC_Results.csv,117,Channel Characterization and Modeling for VLC-IoE Applications in 6G: A Survey,10.1109/jiot.2024.3430326,data/srch_logs/scopus_export_Dec 28-2025_b7fbefb1-055d-45f8-a240-8163c71acaa5.csv,267,Channel Characterization and Modeling for VLC-IoE Applications in 6G: A Survey,10.1109/jiot.2024.3430326,no,noncanonical_external_overlap_support,External IEEE 511 export DOI match against visible Scopus update export.
EXT_DEDUP_052,exact_doi,screening/external/IEEE_511_OISAC_Results.csv,131,Photonic-Based Flexible Integrated Sensing and Communication With Multiple Targets Detection Capability for W-Band Fiber-Wireless Network,10.1109/tmtt.2024.3355936,data/srch_logs/scopus_export_Dec 28-2025_b7fbefb1-055d-45f8-a240-8163c71acaa5.csv,280,Photonic-Based Flexible Integrated Sensing and Communication With Multiple Targets Detection Capability for W-Band Fiber-Wireless Network,10.1109/tmtt.2024.3355936,yes,noncanonical_external_overlap_support,External IEEE 511 export DOI match against visible Scopus update export.
EXT_DEDUP_053,exact_doi,screening/external/IEEE_511_OISAC_Results.csv,132,Terrestrial and Non-Terrestrial Networks for Integrated Sensing and Communication,10.1109/isse63315.2024.10741118,data/srch_logs/scopus_export_Dec 28-2025_b7fbefb1-055d-45f8-a240-8163c71acaa5.csv,238,Terrestrial and Non-Terrestrial Networks for Integrated Sensing and Communication,10.1109/isse63315.2024.10741118,yes,noncanonical_external_overlap_support,External IEEE 511 export DOI match against visible Scopus update export.
EXT_DEDUP_054,exact_doi,screening/external/IEEE_511_OISAC_Results.csv,133,A Unified Waveform for Optical Wireless Integrated Sensing and Communication,10.1109/acp55869.2022.10088865,data/srch_logs/scopus_export_Dec 28-2025_b7fbefb1-055d-45f8-a240-8163c71acaa5.csv,357,A Unified Waveform for Optical Wireless Integrated Sensing and Communication,10.1109/acp55869.2022.10088865,yes,noncanonical_external_overlap_support,External IEEE 511 export DOI match against visible Scopus update export.
EXT_DEDUP_055,exact_doi,screening/external/IEEE_511_OISAC_Results.csv,134,Photonics-Assisted Millimeter-Wave Integrated Sensing and Communication Based on OTFS,10.1109/jlt.2025.3613544,data/srch_logs/scopus_export_Dec 28-2025_b7fbefb1-055d-45f8-a240-8163c71acaa5.csv,102,Photonics-Assisted Millimeter-Wave Integrated Sensing and Communication Based on OTFS,10.1109/jlt.2025.3613544,no,noncanonical_external_overlap_support,External IEEE 511 export DOI match against visible Scopus update export.
EXT_DEDUP_056,exact_doi,screening/external/IEEE_511_OISAC_Results.csv,135,Optical Wireless Integrated Sensing and Communication Based on Optical Phased Array: Performance Metric and Optimal Beamforming,10.1109/twc.2025.3559254,data/srch_logs/scopus_export_Dec 28-2025_b7fbefb1-055d-45f8-a240-8163c71acaa5.csv,174,Optical Wireless Integrated Sensing and Communication Based on Optical Phased Array: Performance Metric and Optimal Beamforming,10.1109/twc.2025.3559254,yes,noncanonical_external_overlap_support,External IEEE 511 export DOI match against visible Scopus update export.
EXT_DEDUP_057,exact_doi,screening/external/IEEE_511_OISAC_Results.csv,137,6-DoF Location-and-Pose Estimation Toward Integrated Visible Light Communication and Sensing: Algorithm Design and Performance Limits,10.1109/tsp.2024.3383285,data/srch_logs/scopus_export_Dec 28-2025_b7fbefb1-055d-45f8-a240-8163c71acaa5.csv,275,6-DoF Location-and-Pose Estimation Toward Integrated Visible Light Communication and Sensing: Algorithm Design and Performance Limits,10.1109/tsp.2024.3383285,yes,noncanonical_external_overlap_support,External IEEE 511 export DOI match against visible Scopus update export.
EXT_DEDUP_058,normalized_title_only,screening/external/IEEE_511_OISAC_Results.csv,140,Integrated Sensing and Communications for Metropolitan Environments,,data/srch_logs/scopus_export_Dec 28-2025_b7fbefb1-055d-45f8-a240-8163c71acaa5.csv,141,Integrated Sensing and Communications for Metropolitan Environments,10.1364/ofc.2025.tu3c.3,yes,noncanonical_external_overlap_support,External IEEE 511 export normalized-title match against visible Scopus update export.
EXT_DEDUP_059,exact_doi,screening/external/IEEE_511_OISAC_Results.csv,141,THz-Over-Fiber System With Orthogonal Chirp Division Multiplexing for Integrated Sensing and Communication,10.1109/jlt.2023.3311645,data/srch_logs/scopus_export_Dec 28-2025_b7fbefb1-055d-45f8-a240-8163c71acaa5.csv,286,THz-Over-Fiber System With Orthogonal Chirp Division Multiplexing for Integrated Sensing and Communication,10.1109/jlt.2023.3311645,yes,noncanonical_external_overlap_support,External IEEE 511 export DOI match against visible Scopus update export.
EXT_DEDUP_060,exact_doi,screening/external/IEEE_511_OISAC_Results.csv,145,Measurement-based Validation of Ray-tracing Model at sub-THz for ISAC Applications of Blockage in Industrial Scenario,10.46620/ursiatrasc24/mktb3572,data/srch_logs/scopus_export_Dec 28-2025_b7fbefb1-055d-45f8-a240-8163c71acaa5.csv,266,Measurement-based Validation of Ray-tracing Model at sub-THz for ISAC Applications of Blockage in Industrial Scenario,10.46620/ursiatrasc24/mktb3572,yes,noncanonical_external_overlap_support,External IEEE 511 export DOI match against visible Scopus update export.
EXT_DEDUP_061,exact_doi,screening/external/IEEE_511_OISAC_Results.csv,146,6G-EWOC: AI-Enhanced Fiber-Wireless Optical 6G Network in Support of Connected Mobility,10.1109/camad62243.2024.10942755,data/srch_logs/scopus_export_Dec 28-2025_b7fbefb1-055d-45f8-a240-8163c71acaa5.csv,291,6G-EWOC: AI-Enhanced Fiber-Wireless Optical 6G Network in Support of Connected Mobility,10.1109/camad62243.2024.10942755,no,noncanonical_external_overlap_support,External IEEE 511 export DOI match against visible Scopus update export.
EXT_DEDUP_062,exact_doi,screening/external/IEEE_511_OISAC_Results.csv,147,An Adaptive Control System for Satellite-Ground Laser Communication Based on Integrated Sensing and Communication,10.23919/oecc/psc62146.2025.11110813,data/srch_logs/scopus_export_Dec 28-2025_b7fbefb1-055d-45f8-a240-8163c71acaa5.csv,120,An Adaptive Control System for Satellite-Ground Laser Communication Based on Integrated Sensing and Communication,10.23919/oecc/psc62146.2025.11110813,no,noncanonical_external_overlap_support,External IEEE 511 export DOI match against visible Scopus update export.
EXT_DEDUP_063,exact_doi,screening/external/IEEE_511_OISAC_Results.csv,149,Radar-to-Radar Communication for Connected Vehicles with Commercial Devices,10.1109/icton67126.2025.11125281,data/srch_logs/scopus_export_Dec 28-2025_b7fbefb1-055d-45f8-a240-8163c71acaa5.csv,114,Radar-to-Radar Communication for Connected Vehicles with Commercial Devices,10.1109/icton67126.2025.11125281,no,noncanonical_external_overlap_support,External IEEE 511 export DOI match against visible Scopus update export.
EXT_DEDUP_064,exact_doi,screening/external/IEEE_511_OISAC_Results.csv,150,Joint Communication and Sensing Prospects: Potential Through Visible Light,10.1109/cobcom62281.2024.10631227,data/srch_logs/scopus_export_Dec 28-2025_b7fbefb1-055d-45f8-a240-8163c71acaa5.csv,257,Joint Communication and Sensing Prospects: Potential Through Visible Light,10.1109/cobcom62281.2024.10631227,yes,noncanonical_external_overlap_support,External IEEE 511 export DOI match against visible Scopus update export.
EXT_DEDUP_065,exact_doi,screening/external/IEEE_511_OISAC_Results.csv,151,Advanced Signal Processing in Distributed Acoustic Sensors Based on Submarine Cables for Seismology Applications,10.1109/jlt.2023.3273268,data/srch_logs/scopus_export_Dec 28-2025_b7fbefb1-055d-45f8-a240-8163c71acaa5.csv,308,Advanced Signal Processing in Distributed Acoustic Sensors Based on Submarine Cables for Seismology Applications,10.1109/jlt.2023.3273268,yes,noncanonical_external_overlap_support,External IEEE 511 export DOI match against visible Scopus update export.
EXT_DEDUP_066,exact_doi,screening/external/IEEE_511_OISAC_Results.csv,152,Exploring Photonic THz-ISAC Systems with Integrated Waveforms,10.1109/jlt.2025.3615209,data/srch_logs/scopus_export_Dec 28-2025_b7fbefb1-055d-45f8-a240-8163c71acaa5.csv,96,Exploring Photonic THz-ISAC Systems with Integrated Waveforms,10.1109/jlt.2025.3615209,yes,noncanonical_external_overlap_support,External IEEE 511 export DOI match against visible Scopus update export.
EXT_DEDUP_067,exact_doi,screening/external/IEEE_511_OISAC_Results.csv,153,Full-Duplex RO-ISAC System: Wavelength Division Duplexing and Hybrid Waveform Design,10.1109/lpt.2025.3570997,data/srch_logs/scopus_export_Dec 28-2025_b7fbefb1-055d-45f8-a240-8163c71acaa5.csv,170,Full-Duplex RO-ISAC System: Wavelength Division Duplexing and Hybrid Waveform Design,10.1109/lpt.2025.3570997,yes,noncanonical_external_overlap_support,External IEEE 511 export DOI match against visible Scopus update export.
EXT_DEDUP_068,exact_doi,screening/external/IEEE_511_OISAC_Results.csv,154,Integrated Vibration Sensing in DSCM Systems Under ECLs Based on ANN and Digital Twin,10.1109/icocn67308.2025.11145413,data/srch_logs/scopus_export_Dec 28-2025_b7fbefb1-055d-45f8-a240-8163c71acaa5.csv,106,Integrated Vibration Sensing in DSCM Systems Under ECLs Based on ANN and Digital Twin,10.1109/icocn67308.2025.11145413,yes,noncanonical_external_overlap_support,External IEEE 511 export DOI match against visible Scopus update export.
EXT_DEDUP_069,exact_doi,screening/external/IEEE_511_OISAC_Results.csv,156,Clock and Carrier Synchronization Using Optical Frequency Combs in Radio Access Networks,10.1109/ict65093.2025.11046275,data/srch_logs/scopus_export_Dec 28-2025_b7fbefb1-055d-45f8-a240-8163c71acaa5.csv,151,Clock and Carrier Synchronization Using Optical Frequency Combs in Radio Access Networks,10.1109/ict65093.2025.11046275,yes,noncanonical_external_overlap_support,External IEEE 511 export DOI match against visible Scopus update export.
EXT_DEDUP_070,exact_doi,screening/external/IEEE_511_OISAC_Results.csv,158,Flexible Waveform Design for RO-ISAC Based on OFDM-Embedded Maximum Length Sequence,10.1109/lwc.2025.3593253,data/srch_logs/scopus_export_Dec 28-2025_b7fbefb1-055d-45f8-a240-8163c71acaa5.csv,138,Flexible Waveform Design for RO-ISAC Based on OFDM-Embedded Maximum Length Sequence,10.1109/lwc.2025.3593253,yes,noncanonical_external_overlap_support,External IEEE 511 export DOI match against visible Scopus update export.
EXT_DEDUP_071,exact_doi,screening/external/IEEE_511_OISAC_Results.csv,162,Integrated Communication and Enhanced Forward Phase-Based Sensing Based on Frequency-Domain Pilot Tones in DSCM Systems Using 100 kHz ECLs,10.1109/jlt.2024.3510371,data/srch_logs/scopus_export_Dec 28-2025_b7fbefb1-055d-45f8-a240-8163c71acaa5.csv,190,Integrated Communication and Enhanced Forward Phase-Based Sensing Based on Frequency-Domain Pilot Tones in DSCM Systems Using 100 kHz ECLs,10.1109/jlt.2024.3510371,yes,noncanonical_external_overlap_support,External IEEE 511 export DOI match against visible Scopus update export.
EXT_DEDUP_072,exact_doi,screening/external/IEEE_511_OISAC_Results.csv,163,THz-over-fiber system with orthogonal chirp division multiplexing for integrated sensing and communication,10.1109/oecc56963.2023.10209717,data/srch_logs/scopus_export_Dec 28-2025_b7fbefb1-055d-45f8-a240-8163c71acaa5.csv,336,THz-over-fiber system with orthogonal chirp division multiplexing for integrated sensing and communication,10.1109/oecc56963.2023.10209717,yes,noncanonical_external_overlap_support,External IEEE 511 export DOI match against visible Scopus update export.
EXT_DEDUP_073,exact_doi,screening/external/IEEE_511_OISAC_Results.csv,167,Integrated Communication and In-band Spectrum Polarization-Based Sensing via Fraction-Division Non-Orthogonal Multiple Access,10.1109/jlt.2025.3625373,data/srch_logs/scopus_export_Dec 28-2025_b7fbefb1-055d-45f8-a240-8163c71acaa5.csv,85,Integrated Communication and In-band Spectrum Polarization-Based Sensing via Fraction-Division Non-Orthogonal Multiple Access,10.1109/jlt.2025.3625373,yes,noncanonical_external_overlap_support,External IEEE 511 export DOI match against visible Scopus update export.
EXT_DEDUP_074,exact_doi,screening/external/IEEE_511_OISAC_Results.csv,170,Photonics-Aided THz Integrated Sensing and Communication System Based on a Subcarrier-Chirp Inter-Embedded Waveform,10.1109/ojcoms.2025.3545896,data/srch_logs/scopus_export_Dec 28-2025_b7fbefb1-055d-45f8-a240-8163c71acaa5.csv,172,Photonics-Aided THz Integrated Sensing and Communication System Based on a Subcarrier-Chirp Inter-Embedded Waveform,10.1109/ojcoms.2025.3545896,yes,noncanonical_external_overlap_support,External IEEE 511 export DOI match against visible Scopus update export.
EXT_DEDUP_075,exact_doi,screening/external/IEEE_511_OISAC_Results.csv,173,Traveling Wave Antenna-on-Display Featuring Simultaneous 2-D Phase and Frequency Beam Scanning for Integrated Sensing and Communication,10.23919/eucap63536.2025.10999638,data/srch_logs/scopus_export_Dec 28-2025_b7fbefb1-055d-45f8-a240-8163c71acaa5.csv,167,Traveling Wave Antenna-on-Display Featuring Simultaneous 2-D Phase and Frequency Beam Scanning for Integrated Sensing and Communication,10.23919/eucap63536.2025.10999638,yes,noncanonical_external_overlap_support,External IEEE 511 export DOI match against visible Scopus update export.
EXT_DEDUP_076,exact_doi,screening/external/IEEE_511_OISAC_Results.csv,175,LFM-PSK-based integrated sensing and communication system in the THz band,10.1109/oecc56963.2023.10209671,data/srch_logs/scopus_export_Dec 28-2025_b7fbefb1-055d-45f8-a240-8163c71acaa5.csv,337,LFM-PSK-based integrated sensing and communication system in the THz band,10.1109/oecc56963.2023.10209671,no,noncanonical_external_overlap_support,External IEEE 511 export DOI match against visible Scopus update export.
EXT_DEDUP_077,exact_doi,screening/external/IEEE_511_OISAC_Results.csv,180,The Role of Photonic Sensing Technologies in Healthcare 5.0: a Comprehensive Review of Future Perspectives and Applications,10.1109/jiot.2025.3622344,data/srch_logs/scopus_export_Dec 28-2025_b7fbefb1-055d-45f8-a240-8163c71acaa5.csv,90,The Role of Photonic Sensing Technologies in Healthcare 5.0: A Comprehensive Review of Future Perspectives and Applications,10.1109/jiot.2025.3622344,no,noncanonical_external_overlap_support,External IEEE 511 export DOI match against visible Scopus update export.
EXT_DEDUP_078,exact_doi,screening/external/IEEE_511_OISAC_Results.csv,184,Sliding window-based LSTM scheme for PAM-4 photonics-assisted W-band ISAC systems,10.1109/lpt.2025.3614902,data/srch_logs/scopus_export_Dec 28-2025_b7fbefb1-055d-45f8-a240-8163c71acaa5.csv,103,Sliding window-based LSTM scheme for PAM-4 photonics-assisted W-band ISAC systems,10.1109/lpt.2025.3614902,no,noncanonical_external_overlap_support,External IEEE 511 export DOI match against visible Scopus update export.
EXT_DEDUP_079,exact_doi,screening/external/IEEE_511_OISAC_Results.csv,185,Signal-Signal Beating Interference: From Destructive to Constructive for Photonic THz Integrated Sensing and Communication System Using Self-Coherent OFDM,10.1109/tmtt.2025.3638469,data/srch_logs/scopus_export_Dec 28-2025_b7fbefb1-055d-45f8-a240-8163c71acaa5.csv,68,Signal-Signal Beating Interference: From Destructive to Constructive for Photonic THz Integrated Sensing and Communication System Using Self-Coherent OFDM,10.1109/tmtt.2025.3638469,yes,noncanonical_external_overlap_support,External IEEE 511 export DOI match against visible Scopus update export.
EXT_DEDUP_080,exact_doi,screening/external/IEEE_511_OISAC_Results.csv,186,Towards Efficient Confluent Edge Networks,10.1109/eucnc/6gsummit60053.2024.10597093,data/srch_logs/scopus_export_Dec 28-2025_b7fbefb1-055d-45f8-a240-8163c71acaa5.csv,265,Towards Efficient Confluent Edge Networks,10.1109/eucnc/6gsummit60053.2024.10597093,yes,noncanonical_external_overlap_support,External IEEE 511 export DOI match against visible Scopus update export.
EXT_DEDUP_081,exact_doi,screening/external/IEEE_511_OISAC_Results.csv,191,Flexible Vibration Sensing Using Kalman Smoother Integrated in ECL-Based Communication Systems,10.1109/lpt.2025.3577173,data/srch_logs/scopus_export_Dec 28-2025_b7fbefb1-055d-45f8-a240-8163c71acaa5.csv,165,Flexible Vibration Sensing Using Kalman Smoother Integrated in ECL-Based Communication Systems,10.1109/lpt.2025.3577173,yes,noncanonical_external_overlap_support,External IEEE 511 export DOI match against visible Scopus update export.
EXT_DEDUP_082,exact_doi,screening/external/IEEE_511_OISAC_Results.csv,194,A Beam-Scannable Photonic THz-ISAC System Based on Risley Prisms,10.1109/acp/poem59049.2023.10368958,data/srch_logs/scopus_export_Dec 28-2025_b7fbefb1-055d-45f8-a240-8163c71acaa5.csv,326,A Beam-Scannable Photonic THz-ISAC System Based on Risley Prisms,10.1109/acp/poem59049.2023.10368958,no,noncanonical_external_overlap_support,External IEEE 511 export DOI match against visible Scopus update export.
EXT_DEDUP_083,exact_doi,screening/external/IEEE_511_OISAC_Results.csv,195,Photonics-assisted Millimeter-Wave Multiband Integrated Sensing and Communication System Using Coherent Receiving,10.1109/jstqe.2023.3276903,data/srch_logs/scopus_export_Dec 28-2025_b7fbefb1-055d-45f8-a240-8163c71acaa5.csv,304,Photonics-assisted Millimeter-Wave Multiband Integrated Sensing and Communication System Using Coherent Receiving,10.1109/jstqe.2023.3276903,yes,noncanonical_external_overlap_support,External IEEE 511 export DOI match against visible Scopus update export.
EXT_DEDUP_084,exact_doi,screening/external/IEEE_511_OISAC_Results.csv,198,Microwave Photonics Computational Signal Algebra Framework for Radar Integrated Sensing and Communication Applications,10.1109/lamc63321.2025.10880541,data/srch_logs/scopus_export_Dec 28-2025_b7fbefb1-055d-45f8-a240-8163c71acaa5.csv,44,Microwave Photonics Computational Signal Algebra Framework for Radar Integrated Sensing and Communication Applications,10.1109/lamc63321.2025.10880541,no,noncanonical_external_overlap_support,External IEEE 511 export DOI match against visible Scopus update export.
EXT_DEDUP_085,exact_doi,screening/external/IEEE_511_OISAC_Results.csv,200,"Free Space Optical Communication for Inter-Satellite Link: Architecture, Potentials and Trends",10.1109/mcom.002.2300024,data/srch_logs/scopus_export_Dec 28-2025_b7fbefb1-055d-45f8-a240-8163c71acaa5.csv,218,"Free Space Optical Communication for Inter-Satellite Link: Architecture, Potentials and Trends",10.1109/mcom.002.2300024,yes,noncanonical_external_overlap_support,External IEEE 511 export DOI match against visible Scopus update export.
EXT_DEDUP_086,exact_doi,screening/external/IEEE_511_OISAC_Results.csv,205,Demonstration of High Sensitivity Detection and High Precision Localization of Vibrations in Bidirectional Coherent Transmission Systems Enabled by Carrier Laser Phase Noise Retrieval,10.1109/jlt.2025.3593142,data/srch_logs/scopus_export_Dec 28-2025_b7fbefb1-055d-45f8-a240-8163c71acaa5.csv,135,Demonstration of High Sensitivity Detection and High Precision Localization of Vibrations in Bidirectional Coherent Transmission Systems Enabled by Carrier Laser Phase Noise Retrieval,10.1109/jlt.2025.3593142,yes,noncanonical_external_overlap_support,External IEEE 511 export DOI match against visible Scopus update export.
EXT_DEDUP_087,exact_doi,screening/external/IEEE_511_OISAC_Results.csv,206,Optimal Beamforming for Optical Wireless Integrated Sensing and Communication Based on Optical Phased Array,10.1109/icc52391.2025.11160979,data/srch_logs/scopus_export_Dec 28-2025_b7fbefb1-055d-45f8-a240-8163c71acaa5.csv,95,Optimal Beamforming for Optical Wireless Integrated Sensing and Communication Based on Optical Phased Array,10.1109/icc52391.2025.11160979,yes,noncanonical_external_overlap_support,External IEEE 511 export DOI match against visible Scopus update export.
EXT_DEDUP_088,exact_doi,screening/external/IEEE_511_OISAC_Results.csv,210,PAM Waveform Design for Joint Communication and Sensing Based on Visible Light,10.1109/jiot.2024.3373447,data/srch_logs/scopus_export_Dec 28-2025_b7fbefb1-055d-45f8-a240-8163c71acaa5.csv,210,PAM Waveform Design for Joint Communication and Sensing Based on Visible Light,10.1109/jiot.2024.3373447,yes,noncanonical_external_overlap_support,External IEEE 511 export DOI match against visible Scopus update export.
EXT_DEDUP_089,exact_doi,screening/external/IEEE_511_OISAC_Results.csv,211,Multi-Modal Integrated Sensing and Communication in Internet of Things With Large Language Models,10.1109/miot.2025.3575888,data/srch_logs/scopus_export_Dec 28-2025_b7fbefb1-055d-45f8-a240-8163c71acaa5.csv,25,Multi-Modal Integrated Sensing and Communication in Internet of Things With Large Language Models,10.1109/miot.2025.3575888,yes,noncanonical_external_overlap_support,External IEEE 511 export DOI match against visible Scopus update export.
EXT_DEDUP_090,exact_doi,screening/external/IEEE_511_OISAC_Results.csv,213,Spectral-Efficient Frequency-Division Photonic Millimeter-Wave Integrated Sensing and Communication System Using Improved Sparse LFM Sub-Bands Fusion,10.1109/jlt.2023.3265799,data/srch_logs/scopus_export_Dec 28-2025_b7fbefb1-055d-45f8-a240-8163c71acaa5.csv,301,Spectral-Efficient Frequency-Division Photonic Millimeter-Wave Integrated Sensing and Communication System Using Improved Sparse LFM Sub-Bands Fusion,10.1109/jlt.2023.3265799,no,noncanonical_external_overlap_support,External IEEE 511 export DOI match against visible Scopus update export.
EXT_DEDUP_091,exact_doi,screening/external/IEEE_511_OISAC_Results.csv,215,Perception-Enhanced Multitask Multimodal Semantic Communication for UAV-Assisted Integrated Sensing and Communication System,10.1109/iccworkshops67674.2025.11162428,data/srch_logs/scopus_export_Dec 28-2025_b7fbefb1-055d-45f8-a240-8163c71acaa5.csv,99,Perception-Enhanced Multitask Multimodal Semantic Communication for UAV-Assisted Integrated Sensing and Communication System,10.1109/iccworkshops67674.2025.11162428,yes,noncanonical_external_overlap_support,External IEEE 511 export DOI match against visible Scopus update export.
EXT_DEDUP_092,exact_doi,screening/external/IEEE_511_OISAC_Results.csv,219,A Spectrum-Efficient MoF Architecture for Joint Sensing and Communication in B5G Based on Polarization Interleaving and Polarization-Insensitive Filtering,10.1109/jlt.2022.3181608,data/srch_logs/scopus_export_Dec 28-2025_b7fbefb1-055d-45f8-a240-8163c71acaa5.csv,353,A Spectrum-Efficient MoF Architecture for Joint Sensing and Communication in B5G Based on Polarization Interleaving and Polarization-Insensitive Filtering,10.1109/jlt.2022.3181608,yes,noncanonical_external_overlap_support,External IEEE 511 export DOI match against visible Scopus update export.
EXT_DEDUP_093,exact_doi,screening/external/IEEE_511_OISAC_Results.csv,220,Nanoantennas and Nanoradars: The Future of Integrated Sensing and Communication at the Nanoscale,10.1109/tmbmc.2024.3434545,data/srch_logs/scopus_export_Dec 28-2025_b7fbefb1-055d-45f8-a240-8163c71acaa5.csv,263,Nanoantennas and Nanoradars: The Future of Integrated Sensing and Communication at the Nanoscale,10.1109/tmbmc.2024.3434545,yes,noncanonical_external_overlap_support,External IEEE 511 export DOI match against visible Scopus update export.
EXT_DEDUP_094,exact_doi,screening/external/IEEE_511_OISAC_Results.csv,222,Microwave Photonic Integrated Sensing and Communication Based on Polarization Multiplexing and Frequency-to-Time Mapping,10.1109/jiot.2025.3542099,data/srch_logs/scopus_export_Dec 28-2025_b7fbefb1-055d-45f8-a240-8163c71acaa5.csv,51,Microwave Photonic Integrated Sensing and Communication Based on Polarization Multiplexing and Frequency-to-Time Mapping,10.1109/jiot.2025.3542099,yes,noncanonical_external_overlap_support,External IEEE 511 export DOI match against visible Scopus update export.
EXT_DEDUP_095,normalized_title_only,screening/external/IEEE_511_OISAC_Results.csv,224,Integrated Sensing and Communications using External Cavity Laser with Laser Frequency Comb,,data/srch_logs/scopus_export_Dec 28-2025_b7fbefb1-055d-45f8-a240-8163c71acaa5.csv,147,Integrated Sensing and Communications using External Cavity Laser with Laser Frequency Comb,10.1364/ofc.2025.tu2k.4,no,noncanonical_external_overlap_support,External IEEE 511 export normalized-title match against visible Scopus update export.
EXT_DEDUP_096,exact_doi,screening/external/IEEE_511_OISAC_Results.csv,225,Optical Integrated Sensing and Communication System Based on Combination of OIRS and PD Array for Mobile Scenarios,10.1109/twc.2024.3484569,data/srch_logs/scopus_export_Dec 28-2025_b7fbefb1-055d-45f8-a240-8163c71acaa5.csv,243,Optical Integrated Sensing and Communication System Based on Combination of OIRS and PD Array for Mobile Scenarios,10.1109/twc.2024.3484569,yes,noncanonical_external_overlap_support,External IEEE 511 export DOI match against visible Scopus update export.
EXT_DEDUP_097,exact_doi,screening/external/IEEE_511_OISAC_Results.csv,231,Bidirectional Retroreflective Optical ISAC Using Time Division Duplexing and Clipped OFDM,10.1109/lpt.2025.3541038,data/srch_logs/scopus_export_Dec 28-2025_b7fbefb1-055d-45f8-a240-8163c71acaa5.csv,55,Bidirectional Retroreflective Optical ISAC Using Time Division Duplexing and Clipped OFDM,10.1109/lpt.2025.3541038,yes,noncanonical_external_overlap_support,External IEEE 511 export DOI match against visible Scopus update export.
EXT_DEDUP_098,exact_doi,screening/external/IEEE_511_OISAC_Results.csv,238,RIS-Assisted Physical Layer Security in Emerging RF and Optical Wireless Communications Systems: A Comprehensive Survey,10.1109/comst.2024.3487112,data/srch_logs/scopus_export_Dec 28-2025_b7fbefb1-055d-45f8-a240-8163c71acaa5.csv,63,RIS-Assisted Physical Layer Security in Emerging RF and Optical Wireless Communications Systems: A Comprehensive Survey,10.1109/comst.2024.3487112,no,noncanonical_external_overlap_support,External IEEE 511 export DOI match against visible Scopus update export.
EXT_DEDUP_099,exact_doi,screening/external/IEEE_511_OISAC_Results.csv,239,Optical Wireless Integrated Sensing and Communication Based on EADO-OFDM: A Flexible Resource Allocation Perspective,10.1109/twc.2025.3557061,data/srch_logs/scopus_export_Dec 28-2025_b7fbefb1-055d-45f8-a240-8163c71acaa5.csv,180,Optical Wireless Integrated Sensing and Communication Based on EADO-OFDM: A Flexible Resource Allocation Perspective,10.1109/twc.2025.3557061,yes,noncanonical_external_overlap_support,External IEEE 511 export DOI match against visible Scopus update export.
EXT_DEDUP_100,exact_doi,screening/external/IEEE_511_OISAC_Results.csv,240,Intent and Context-Aware Optical Networks,10.1109/icton67126.2025.11125334,data/srch_logs/scopus_export_Dec 28-2025_b7fbefb1-055d-45f8-a240-8163c71acaa5.csv,112,Intent and Context-Aware Optical Networks,10.1109/icton67126.2025.11125334,yes,noncanonical_external_overlap_support,External IEEE 511 export DOI match against visible Scopus update export.
EXT_DEDUP_101,exact_doi,screening/external/IEEE_511_OISAC_Results.csv,246,Machine Learning-Enhanced Multi-Pump RFA for High-Performance Optical Backbone in Low-Altitude Sensing and Communication,10.1109/jiot.2025.3626345,data/srch_logs/scopus_export_Dec 28-2025_b7fbefb1-055d-45f8-a240-8163c71acaa5.csv,83,Machine Learning-Enhanced Multi-Pump RFA for High-Performance Optical Backbone in Low-Altitude Sensing and Communication,10.1109/jiot.2025.3626345,yes,noncanonical_external_overlap_support,External IEEE 511 export DOI match against visible Scopus update export.
EXT_DEDUP_102,exact_doi,screening/external/IEEE_511_OISAC_Results.csv,251,Photonic Chirp Spread Spectrum THz-ISAC: Constraints and Design Considerations,10.1109/tmtt.2025.3615239,data/srch_logs/scopus_export_Dec 28-2025_b7fbefb1-055d-45f8-a240-8163c71acaa5.csv,82,Photonic Chirp Spread Spectrum THz-ISAC: Constraints and Design Considerations,10.1109/tmtt.2025.3615239,no,noncanonical_external_overlap_support,External IEEE 511 export DOI match against visible Scopus update export.
EXT_DEDUP_103,exact_doi,screening/external/IEEE_511_OISAC_Results.csv,252,Joint communication and sensing in access networks for anthropic activities monitoring and real-time safety surveillance,10.1109/sum65312.2025.11121744,data/srch_logs/scopus_export_Dec 28-2025_b7fbefb1-055d-45f8-a240-8163c71acaa5.csv,117,Joint communication and sensing in access networks for anthropic activities monitoring and real-time safety surveillance,10.1109/sum65312.2025.11121744,yes,noncanonical_external_overlap_support,External IEEE 511 export DOI match against visible Scopus update export.
EXT_DEDUP_104,exact_doi,screening/external/IEEE_511_OISAC_Results.csv,253,Multi-Channel Photonic THz-ISAC System Based on Integrated LFM-QAM Waveform,10.1109/jlt.2024.3392282,data/srch_logs/scopus_export_Dec 28-2025_b7fbefb1-055d-45f8-a240-8163c71acaa5.csv,209,Multi-Channel Photonic THz-ISAC System Based on Integrated LFM-QAM Waveform,10.1109/jlt.2024.3392282,yes,noncanonical_external_overlap_support,External IEEE 511 export DOI match against visible Scopus update export.
EXT_DEDUP_105,exact_doi,screening/external/IEEE_511_OISAC_Results.csv,256,Integrated Communication and Radar Detection Based-on Single Modulator at W-Band,10.1109/icicsp62589.2024.10809149,data/srch_logs/scopus_export_Dec 28-2025_b7fbefb1-055d-45f8-a240-8163c71acaa5.csv,287,Integrated Communication and Radar Detection Based-on Single Modulator at W-Band,10.1109/icicsp62589.2024.10809149,no,noncanonical_external_overlap_support,External IEEE 511 export DOI match against visible Scopus update export.
EXT_DEDUP_106,exact_doi,screening/external/IEEE_511_OISAC_Results.csv,262,Radar-Centric Photonic Terahertz Integrated Sensing and Communication System Based on LFM-PSK Waveform,10.1109/tmtt.2023.3267546,data/srch_logs/scopus_export_Dec 28-2025_b7fbefb1-055d-45f8-a240-8163c71acaa5.csv,305,Radar-Centric Photonic Terahertz Integrated Sensing and Communication System Based on LFM-PSK Waveform,10.1109/tmtt.2023.3267546,no,noncanonical_external_overlap_support,External IEEE 511 export DOI match against visible Scopus update export.
EXT_DEDUP_107,exact_doi,screening/external/IEEE_511_OISAC_Results.csv,264,Experimental Demonstration of Integrated Optical Wireless Sensing and Communication,10.1109/jlt.2024.3415417,data/srch_logs/scopus_export_Dec 28-2025_b7fbefb1-055d-45f8-a240-8163c71acaa5.csv,271,Experimental Demonstration of Integrated Optical Wireless Sensing and Communication,10.1109/jlt.2024.3415417,yes,noncanonical_external_overlap_support,External IEEE 511 export DOI match against visible Scopus update export.
EXT_DEDUP_108,exact_doi,screening/external/IEEE_511_OISAC_Results.csv,270,Optical Integrated Sensing and Communication with Light-Emitting Diode,10.1109/iccworkshops59551.2024.10615407,data/srch_logs/scopus_export_Dec 28-2025_b7fbefb1-055d-45f8-a240-8163c71acaa5.csv,258,Optical Integrated Sensing and Communication with Light-Emitting Diode,10.1109/iccworkshops59551.2024.10615407,yes,noncanonical_external_overlap_support,External IEEE 511 export DOI match against visible Scopus update export.
EXT_DEDUP_109,exact_doi,screening/external/IEEE_511_OISAC_Results.csv,271,LiDAR aided Simulation Pipeline for Wireless Communication in Vehicular Traffic Scenarios,10.1109/pimrc56721.2023.10294057,data/srch_logs/scopus_export_Dec 28-2025_b7fbefb1-055d-45f8-a240-8163c71acaa5.csv,330,LiDAR aided Simulation Pipeline for Wireless Communication in Vehicular Traffic Scenarios,10.1109/pimrc56721.2023.10294057,yes,noncanonical_external_overlap_support,External IEEE 511 export DOI match against visible Scopus update export.
EXT_DEDUP_110,exact_doi,screening/external/IEEE_511_OISAC_Results.csv,274,Beam Pattern Modulation Embedded Hybrid Transceiver Optimization for Integrated Sensing and Communication,10.1109/twc.2025.3545372,data/srch_logs/scopus_export_Dec 28-2025_b7fbefb1-055d-45f8-a240-8163c71acaa5.csv,46,Beam Pattern Modulation Embedded Hybrid Transceiver Optimization for Integrated Sensing and Communication,10.1109/twc.2025.3545372,no,noncanonical_external_overlap_support,External IEEE 511 export DOI match against visible Scopus update export.
EXT_DEDUP_111,exact_doi,screening/external/IEEE_511_OISAC_Results.csv,276,Poster Abstract: Joint Optical Wireless Communication and Sensing using Neuromorphic Cameras,10.1109/ipsn61024.2024.00053,data/srch_logs/scopus_export_Dec 28-2025_b7fbefb1-055d-45f8-a240-8163c71acaa5.csv,269,Poster Abstract: Joint Optical Wireless Communication and Sensing using Neuromorphic Cameras,10.1109/ipsn61024.2024.00053,yes,noncanonical_external_overlap_support,External IEEE 511 export DOI match against visible Scopus update export.
EXT_DEDUP_112,exact_doi,screening/external/IEEE_511_OISAC_Results.csv,279,Preamble-Free Synchronization Based on Dual-chirp Waveforms for Photonic THz-ISAC,10.1109/jlt.2023.3344788,data/srch_logs/scopus_export_Dec 28-2025_b7fbefb1-055d-45f8-a240-8163c71acaa5.csv,215,Preamble-Free Synchronization Based on Dual-chirp Waveforms for Photonic THz-ISAC,10.1109/jlt.2023.3344788,no,noncanonical_external_overlap_support,External IEEE 511 export DOI match against visible Scopus update export.
EXT_DEDUP_113,exact_doi,screening/external/IEEE_511_OISAC_Results.csv,280,Optical IRS-Aided Indoor Visible Light Fingerprint Localization,10.1109/tgcn.2025.3589348,data/srch_logs/scopus_export_Dec 28-2025_b7fbefb1-055d-45f8-a240-8163c71acaa5.csv,148,Optical IRS-Aided Indoor Visible Light Fingerprint Localization,10.1109/tgcn.2025.3589348,yes,noncanonical_external_overlap_support,External IEEE 511 export DOI match against visible Scopus update export.
EXT_DEDUP_114,exact_doi,screening/external/IEEE_511_OISAC_Results.csv,281,Advanced Integration of Sensing and Communication With High DSP Compatibility for SMART Network,10.1109/lpt.2025.3593343,data/srch_logs/scopus_export_Dec 28-2025_b7fbefb1-055d-45f8-a240-8163c71acaa5.csv,136,Advanced Integration of Sensing and Communication With High DSP Compatibility for SMART Network,10.1109/lpt.2025.3593343,yes,noncanonical_external_overlap_support,External IEEE 511 export DOI match against visible Scopus update export.
EXT_DEDUP_115,exact_doi,screening/external/IEEE_511_OISAC_Results.csv,292,Terahertz Photonics in Radar and ISAC Applications,10.1109/acp/poem59049.2023.10368967,data/srch_logs/scopus_export_Dec 28-2025_b7fbefb1-055d-45f8-a240-8163c71acaa5.csv,327,Terahertz Photonics in Radar and ISAC Applications,10.1109/acp/poem59049.2023.10368967,no,noncanonical_external_overlap_support,External IEEE 511 export DOI match against visible Scopus update export.
EXT_DEDUP_116,exact_doi,screening/external/IEEE_511_OISAC_Results.csv,296,Integrated Sensing and Communication in 6G: the Deterministic Channel Models for THz Imaging,10.1109/pimrc50174.2021.9569384,data/srch_logs/scopus_export_Dec 28-2025_b7fbefb1-055d-45f8-a240-8163c71acaa5.csv,367,Integrated Sensing and Communication in 6G: The Deterministic Channel Models for THz Imaging,10.1109/pimrc50174.2021.9569384,yes,noncanonical_external_overlap_support,External IEEE 511 export DOI match against visible Scopus update export.
EXT_DEDUP_117,exact_doi,screening/external/IEEE_511_OISAC_Results.csv,297,Enhanced Room Coverage With Photon-Level NLOS Ultraviolet Optical Wireless Communication,10.1109/lpt.2025.3559423,data/srch_logs/scopus_export_Dec 28-2025_b7fbefb1-055d-45f8-a240-8163c71acaa5.csv,179,Enhanced Room Coverage With Photon-Level NLOS Ultraviolet Optical Wireless Communication,10.1109/lpt.2025.3559423,yes,noncanonical_external_overlap_support,External IEEE 511 export DOI match against visible Scopus update export.
EXT_DEDUP_118,exact_doi,screening/external/IEEE_511_OISAC_Results.csv,307,Integrated Design of OFDM-LFM Lidar Communication in IoV Environment,10.1109/icicn62625.2024.10761294,data/srch_logs/scopus_export_Dec 28-2025_b7fbefb1-055d-45f8-a240-8163c71acaa5.csv,237,Integrated Design of OFDM-LFM Lidar Communication in IoV Environment,10.1109/icicn62625.2024.10761294,yes,noncanonical_external_overlap_support,External IEEE 511 export DOI match against visible Scopus update export.
EXT_DEDUP_119,exact_doi,screening/external/IEEE_511_OISAC_Results.csv,309,On the Feasibility of Cyclist Detection Using MIMO-Radar for Long-Range ISAC Scenarios,10.23919/icmu65253.2025.11219159,data/srch_logs/scopus_export_Dec 28-2025_b7fbefb1-055d-45f8-a240-8163c71acaa5.csv,65,On the Feasibility of Cyclist Detection Using MIMO-Radar for Long-Range ISAC Scenarios,10.23919/icmu65253.2025.11219159,yes,noncanonical_external_overlap_support,External IEEE 511 export DOI match against visible Scopus update export.
EXT_DEDUP_120,exact_doi,screening/external/IEEE_511_OISAC_Results.csv,310,Integration of Sensing and Communication in a W-Band Fiber-Wireless Link Enabled by Electromagnetic Polarization Multiplexing,10.1109/jlt.2023.3280388,data/srch_logs/scopus_export_Dec 28-2025_b7fbefb1-055d-45f8-a240-8163c71acaa5.csv,300,Integration of Sensing and Communication in a W-Band Fiber-Wireless Link Enabled by Electromagnetic Polarization Multiplexing,10.1109/jlt.2023.3280388,yes,noncanonical_external_overlap_support,External IEEE 511 export DOI match against visible Scopus update export.
EXT_DEDUP_121,exact_doi,screening/external/IEEE_511_OISAC_Results.csv,318,A Reconfigurable Phase-Time Array Transmitter Achieving Keyless Secured Transmission and Multi-Receiver Localization for Low-Latency Joint Communication and Sensing,10.1109/jssc.2023.3237462,data/srch_logs/scopus_export_Dec 28-2025_b7fbefb1-055d-45f8-a240-8163c71acaa5.csv,309,A Reconfigurable Phase-Time Array Transmitter Achieving Keyless Secured Transmission and Multi-Receiver Localization for Low-Latency Joint Communication and Sensing,10.1109/jssc.2023.3237462,yes,noncanonical_external_overlap_support,External IEEE 511 export DOI match against visible Scopus update export.
EXT_DEDUP_122,normalized_title_only,screening/external/IEEE_511_OISAC_Results.csv,320,All-Optical Computing for Direction-of-Arrival Estimation Beyond Diffraction Limits,,data/srch_logs/scopus_export_Dec 28-2025_b7fbefb1-055d-45f8-a240-8163c71acaa5.csv,79,All-Optical Computing for Direction-of-Arrival Estimation Beyond Diffraction Limits,,yes,noncanonical_external_overlap_support,External IEEE 511 export normalized-title match against visible Scopus update export.
EXT_DEDUP_123,exact_doi,screening/external/IEEE_511_OISAC_Results.csv,323,All-Optical Computing for Super-Resolution Direction of Arrival Estimation,10.1109/acp/ipoc63121.2024.10809945,data/srch_logs/scopus_export_Dec 28-2025_b7fbefb1-055d-45f8-a240-8163c71acaa5.csv,233,All-optical computing for super-resolution direction of arrival estimation,10.1109/acp/ipoc63121.2024.10809945,yes,noncanonical_external_overlap_support,External IEEE 511 export DOI match against visible Scopus update export.
EXT_DEDUP_124,exact_doi,screening/external/IEEE_511_OISAC_Results.csv,325,Optical Integrated Sensing and Communication for Cooperative Mobile Robotics: Design and Experiments,10.23919/wiopt58741.2023.10349823,data/srch_logs/scopus_export_Dec 28-2025_b7fbefb1-055d-45f8-a240-8163c71acaa5.csv,323,Optical Integrated Sensing and Communication for Cooperative Mobile Robotics: Design and Experiments,10.23919/wiopt58741.2023.10349823,yes,noncanonical_external_overlap_support,External IEEE 511 export DOI match against visible Scopus update export.
EXT_DEDUP_125,exact_doi,screening/external/IEEE_511_OISAC_Results.csv,329,Photonic THz-ISAC demonstration with simultaneous 120Gbit/s communication and 2.5mm sensing resolution,10.1049/icp.2023.2658,data/srch_logs/scopus_export_Dec 28-2025_b7fbefb1-055d-45f8-a240-8163c71acaa5.csv,318,Photonic THz-ISAC Demonstration with Simultaneous 120Gbit/s Communication and 2.5mm Sensing Resolution,10.1049/icp.2023.2658,no,noncanonical_external_overlap_support,External IEEE 511 export DOI match against visible Scopus update export.
EXT_DEDUP_126,exact_doi,screening/external/IEEE_511_OISAC_Results.csv,331,Low-Profile Broadband 1-Bit Randomly Encoded Folded Reflectarray Co-Aperture Transceiver for Frequency-Diverse Microwave Imaging,10.1109/lawp.2024.3436914,data/srch_logs/scopus_export_Dec 28-2025_b7fbefb1-055d-45f8-a240-8163c71acaa5.csv,264,Low-Profile Broadband 1-Bit Randomly Encoded Folded Reflectarray Co-Aperture Transceiver for Frequency-Diverse Microwave Imaging,10.1109/lawp.2024.3436914,yes,noncanonical_external_overlap_support,External IEEE 511 export DOI match against visible Scopus update export.
EXT_DEDUP_127,exact_doi,screening/external/IEEE_511_OISAC_Results.csv,332,A General 6G Large-scale Fading Channel Model for Multiple Frequency Bands and Scenarios,10.1109/iccc65529.2025.11148844,data/srch_logs/scopus_export_Dec 28-2025_b7fbefb1-055d-45f8-a240-8163c71acaa5.csv,100,A General 6G Large-scale Fading Channel Model for Multiple Frequency Bands and Scenarios,10.1109/iccc65529.2025.11148844,yes,noncanonical_external_overlap_support,External IEEE 511 export DOI match against visible Scopus update export.
EXT_DEDUP_128,exact_doi,screening/external/IEEE_511_OISAC_Results.csv,342,VehicleTalk: Lightweight V2V Network Enabled by Optical Wireless Communication and Sensing,10.1109/vtc2024-spring62846.2024.10683127,data/srch_logs/scopus_export_Dec 28-2025_b7fbefb1-055d-45f8-a240-8163c71acaa5.csv,251,VehicleTalk: Lightweight V2V Network Enabled by Optical Wireless Communication and Sensing,10.1109/vtc2024-spring62846.2024.10683127,yes,noncanonical_external_overlap_support,External IEEE 511 export DOI match against visible Scopus update export.
EXT_DEDUP_129,exact_doi,screening/external/IEEE_511_OISAC_Results.csv,350,A Computational Signal Algebra Framework for Microwave Photonics Radar Integrated Sensing and Communications,10.1109/icaccs60874.2024.10716942,data/srch_logs/scopus_export_Dec 28-2025_b7fbefb1-055d-45f8-a240-8163c71acaa5.csv,241,A Computational Signal Algebra Framework for Microwave Photonics Radar Integrated Sensing and Communications,10.1109/icaccs60874.2024.10716942,no,noncanonical_external_overlap_support,External IEEE 511 export DOI match against visible Scopus update export.
EXT_DEDUP_130,exact_doi,screening/external/IEEE_511_OISAC_Results.csv,351,Microalgae Density Measurement Using Quantum-Dot-Integrated Sensing and Communication System,10.1109/tim.2025.3595231,data/srch_logs/scopus_export_Dec 28-2025_b7fbefb1-055d-45f8-a240-8163c71acaa5.csv,132,Microalgae Density Measurement Using Quantum-Dot-Integrated Sensing and Communication System,10.1109/tim.2025.3595231,yes,noncanonical_external_overlap_support,External IEEE 511 export DOI match against visible Scopus update export.
EXT_DEDUP_131,exact_doi,screening/external/IEEE_511_OISAC_Results.csv,352,Joint Lambertian Model Calibration and Positioning of Photodiode Devices towards Integrated Optical Wireless Communication and Sensing,10.1109/iccc62479.2024.10681813,data/srch_logs/scopus_export_Dec 28-2025_b7fbefb1-055d-45f8-a240-8163c71acaa5.csv,249,Joint Lambertian Model Calibration and Positioning of Photodiode Devices towards Integrated Optical Wireless Communication and Sensing,10.1109/iccc62479.2024.10681813,yes,noncanonical_external_overlap_support,External IEEE 511 export DOI match against visible Scopus update export.
EXT_DEDUP_132,exact_doi,screening/external/IEEE_511_OISAC_Results.csv,359,Broadband Photon-Assisted Terahertz Communication and Sensing,10.1109/jlt.2023.3252821,data/srch_logs/scopus_export_Dec 28-2025_b7fbefb1-055d-45f8-a240-8163c71acaa5.csv,311,Broadband Photon-Assisted Terahertz Communication and Sensing,10.1109/jlt.2023.3252821,yes,noncanonical_external_overlap_support,External IEEE 511 export DOI match against visible Scopus update export.
EXT_DEDUP_133,exact_doi,screening/external/IEEE_511_OISAC_Results.csv,362,Passive Sensing Technique Using Cyclic Prefix in Power-Constrained Optical Wireless Communication Systems,10.1109/tvt.2025.3640107,data/srch_logs/scopus_export_Dec 28-2025_b7fbefb1-055d-45f8-a240-8163c71acaa5.csv,70,Passive Sensing Technique Using Cyclic Prefix in Power-Constrained Optical Wireless Communication Systems,10.1109/tvt.2025.3640107,yes,noncanonical_external_overlap_support,External IEEE 511 export DOI match against visible Scopus update export.
EXT_DEDUP_134,exact_doi,screening/external/IEEE_511_OISAC_Results.csv,364,Mobile Terahertz Communication and Sensing Systems: A Future Look,10.1109/mvt.2024.3485258,data/srch_logs/scopus_export_Dec 28-2025_b7fbefb1-055d-45f8-a240-8163c71acaa5.csv,240,Mobile Terahertz Communication and Sensing Systems: A Future Look,10.1109/mvt.2024.3485258,no,noncanonical_external_overlap_support,External IEEE 511 export DOI match against visible Scopus update export.
EXT_DEDUP_135,exact_doi,screening/external/IEEE_511_OISAC_Results.csv,380,New Paradigm for Integrated Sensing and Communication with Rydberg Atomic Receiver,10.1109/mcom.001.2500371,data/srch_logs/scopus_export_Dec 28-2025_b7fbefb1-055d-45f8-a240-8163c71acaa5.csv,77,New Paradigm for Integrated Sensing and Communication with Rydberg Atomic Receiver,10.1109/mcom.001.2500371,yes,noncanonical_external_overlap_support,External IEEE 511 export DOI match against visible Scopus update export.
EXT_DEDUP_136,exact_doi,screening/external/IEEE_511_OISAC_Results.csv,382,Continuous Event Recording Technology For Integrated Sensing And Communications In Space,10.1109/igarss53475.2024.10642111,data/srch_logs/scopus_export_Dec 28-2025_b7fbefb1-055d-45f8-a240-8163c71acaa5.csv,242,Continuous Event Recording Technology For Integrated Sensing And Communications In Space,10.1109/igarss53475.2024.10642111,yes,noncanonical_external_overlap_support,External IEEE 511 export DOI match against visible Scopus update export.
EXT_DEDUP_137,exact_doi,screening/external/IEEE_511_OISAC_Results.csv,387,Channel-Training-Aided Target Sensing for Terahertz Integrated Sensing and Massive MIMO Communications,10.1109/jiot.2024.3447584,data/srch_logs/scopus_export_Dec 28-2025_b7fbefb1-055d-45f8-a240-8163c71acaa5.csv,62,Channel-Training-Aided Target Sensing for Terahertz Integrated Sensing and Massive MIMO Communications,10.1109/jiot.2024.3447584,no,noncanonical_external_overlap_support,External IEEE 511 export DOI match against visible Scopus update export.
EXT_DEDUP_138,exact_doi,screening/external/IEEE_511_OISAC_Results.csv,397,Sensing Assisted Localization Services for Indoor Environments,10.23919/wiopt66569.2025.11123308,data/srch_logs/scopus_export_Dec 28-2025_b7fbefb1-055d-45f8-a240-8163c71acaa5.csv,116,Sensing Assisted Localization Services for Indoor Environments,10.23919/wiopt66569.2025.11123308,yes,noncanonical_external_overlap_support,External IEEE 511 export DOI match against visible Scopus update export.
EXT_DEDUP_139,exact_doi,screening/external/IEEE_511_OISAC_Results.csv,402,Multimodal Sensing for Intelligent V2X: A Review of Recent Advances Toward Deployment,10.1109/jiot.2025.3601236,data/srch_logs/scopus_export_Dec 28-2025_b7fbefb1-055d-45f8-a240-8163c71acaa5.csv,127,Multimodal Sensing for Intelligent V2X: A Review of Recent Advances Toward Deployment,10.1109/jiot.2025.3601236,no,noncanonical_external_overlap_support,External IEEE 511 export DOI match against visible Scopus update export.
EXT_DEDUP_140,exact_doi,screening/external/IEEE_511_OISAC_Results.csv,415,UAV Detection Based on the Variance of Higher-Order Cumulants,10.1109/tvt.2024.3370590,data/srch_logs/scopus_export_Dec 28-2025_b7fbefb1-055d-45f8-a240-8163c71acaa5.csv,279,UAV Detection Based on the Variance of Higher-Order Cumulants,10.1109/tvt.2024.3370590,no,noncanonical_external_overlap_support,External IEEE 511 export DOI match against visible Scopus update export.
EXT_DEDUP_141,exact_doi,screening/external/IEEE_511_OISAC_Results.csv,421,"A Comprehensive Survey on Full-Duplex Communication: Current Solutions, Future Trends, and Open Issues",10.1109/comst.2023.3318198,data/srch_logs/scopus_export_Dec 28-2025_b7fbefb1-055d-45f8-a240-8163c71acaa5.csv,335,"A Comprehensive Survey on Full-Duplex Communication: Current Solutions, Future Trends, and Open Issues",10.1109/comst.2023.3318198,no,noncanonical_external_overlap_support,External IEEE 511 export DOI match against visible Scopus update export.
EXT_DEDUP_142,exact_doi,screening/external/IEEE_511_OISAC_Results.csv,431,Demo: Integrated On-site Localization and Optical Camera Communication for Drones,10.1109/wowmom57956.2023.00055,data/srch_logs/scopus_export_Dec 28-2025_b7fbefb1-055d-45f8-a240-8163c71acaa5.csv,339,Demo: Integrated On-site Localization and Optical Camera Communication for Drones,10.1109/wowmom57956.2023.00055,yes,noncanonical_external_overlap_support,External IEEE 511 export DOI match against visible Scopus update export.
EXT_DEDUP_143,exact_doi,screening/external/IEEE_511_OISAC_Results.csv,432,"Multichannel Wind-Signal Driven Digital Twin for a 50 m2 Heliostat: Compressed Sampling, Load Estimation and Edge–Cloud Hybrid Computing",10.1109/icspcc66825.2025.11194376,data/srch_logs/scopus_export_Dec 28-2025_b7fbefb1-055d-45f8-a240-8163c71acaa5.csv,78,"Multichannel Wind-Signal Driven Digital Twin for a 50 m2 Heliostat: Compressed Sampling, Load Estimation and Edge-Cloud Hybrid Computing",10.1109/icspcc66825.2025.11194376,yes,noncanonical_external_overlap_support,External IEEE 511 export DOI match against visible Scopus update export.
EXT_DEDUP_144,exact_doi,screening/external/IEEE_511_OISAC_Results.csv,436,Qualitative Survey on Artificial Intelligence Integrated Blockchain Approach for 6G and Beyond,10.1109/access.2023.3319083,data/srch_logs/scopus_export_Dec 28-2025_b7fbefb1-055d-45f8-a240-8163c71acaa5.csv,334,Qualitative Survey on Artificial Intelligence Integrated Blockchain Approach for 6G and beyond,10.1109/access.2023.3319083,yes,noncanonical_external_overlap_support,External IEEE 511 export DOI match against visible Scopus update export.
EXT_DEDUP_145,exact_doi,screening/external/IEEE_511_OISAC_Results.csv,440,Secrecy Energy Efficiency of Hybrid Wireless Body Area Networks,10.1109/tmc.2025.3618098,data/srch_logs/scopus_export_Dec 28-2025_b7fbefb1-055d-45f8-a240-8163c71acaa5.csv,93,Secrecy Energy Efficiency of Hybrid Wireless Body Area Networks,10.1109/tmc.2025.3618098,yes,noncanonical_external_overlap_support,External IEEE 511 export DOI match against visible Scopus update export.
EXT_DEDUP_146,exact_doi,screening/external/IEEE_511_OISAC_Results.csv,456,Integrating Secure Communications Into Frequency Hopping MIMO Radar With Improved Data Rate,10.1109/twc.2021.3140022,data/srch_logs/scopus_export_Dec 28-2025_b7fbefb1-055d-45f8-a240-8163c71acaa5.csv,355,Integrating Secure Communications Into Frequency Hopping MIMO Radar With Improved Data Rate,10.1109/twc.2021.3140022,no,noncanonical_external_overlap_support,External IEEE 511 export DOI match against visible Scopus update export.
EXT_DEDUP_147,exact_doi,screening/external/IEEE_511_OISAC_Results.csv,473,"6G Wireless Communication Systems: Applications, Requirements, Technologies, Challenges, and Research Directions",10.1109/ojcoms.2020.3010270,data/srch_logs/scopus_export_Dec 28-2025_b7fbefb1-055d-45f8-a240-8163c71acaa5.csv,371,"6G Wireless Communication Systems: Applications, Requirements, Technologies, Challenges, and Research Directions",10.1109/ojcoms.2020.3010270,yes,noncanonical_external_overlap_support,External IEEE 511 export DOI match against visible Scopus update export.
EXT_DEDUP_148,exact_doi,screening/external/IEEE_511_OISAC_Results.csv,486,"Photonics-assisted System for Joint Radar Ranging, Wireless Communications and Spectrum Sensing",10.1109/jlt.2025.3632104,data/srch_logs/scopus_export_Dec 28-2025_b7fbefb1-055d-45f8-a240-8163c71acaa5.csv,76,"Photonics-assisted System for Joint Radar Ranging, Wireless Communications and Spectrum Sensing",10.1109/jlt.2025.3632104,yes,noncanonical_external_overlap_support,External IEEE 511 export DOI match against visible Scopus update export.
EXT_DEDUP_149,exact_doi,screening/external/IEEE_511_OISAC_Results.csv,490,Robust Characterization of Terahertz Metasurface Sensor With Ultrahigh Frequency Selectivity and Polarization Sensitivity,10.1109/jsen.2024.3470995,data/srch_logs/scopus_export_Dec 28-2025_b7fbefb1-055d-45f8-a240-8163c71acaa5.csv,246,Robust Characterization of Terahertz Metasurface Sensor With Ultrahigh Frequency Selectivity and Polarization Sensitivity,10.1109/jsen.2024.3470995,yes,noncanonical_external_overlap_support,External IEEE 511 export DOI match against visible Scopus update export.
EXT_DEDUP_150,exact_doi,screening/external/IEEE_511_OISAC_Results.csv,496,A brief overview of W-band applications in satellite communication systems,10.1049/icp.2025.2221,data/srch_logs/scopus_export_Dec 28-2025_b7fbefb1-055d-45f8-a240-8163c71acaa5.csv,109,A BRIEF OVERVIEW OF W-BAND APPLICATIONS IN SATELLITE COMMUNICATION SYSTEMS,10.1049/icp.2025.2221,no,noncanonical_external_overlap_support,External IEEE 511 export DOI match against visible Scopus update export.
EXT_DEDUP_151,exact_doi,screening/external/IEEE_511_OISAC_Results.csv,500,"Physical Layer Security for Authentication, Confidentiality, and Malicious Node Detection: A Paradigm Shift in Securing IoT Networks",10.1109/comst.2023.3327327,data/srch_logs/scopus_export_Dec 28-2025_b7fbefb1-055d-45f8-a240-8163c71acaa5.csv,284,"Physical Layer Security for Authentication, Confidentiality, and Malicious Node Detection: A Paradigm Shift in Securing IoT Networks",10.1109/comst.2023.3327327,yes,noncanonical_external_overlap_support,External IEEE 511 export DOI match against visible Scopus update export.
EXT_DEDUP_152,exact_doi,screening/external/IEEE_511_OISAC_Results.csv,502,SDOA-Net: An Efficient Deep-Learning-Based DOA Estimation Network for Imperfect Array,10.1109/tim.2024.3391338,data/srch_logs/scopus_export_Dec 28-2025_b7fbefb1-055d-45f8-a240-8163c71acaa5.csv,274,SDOA-Net: An Efficient Deep-Learning-Based DOA Estimation Network for Imperfect Array,10.1109/tim.2024.3391338,yes,noncanonical_external_overlap_support,External IEEE 511 export DOI match against visible Scopus update export.
