study_cluster_id,primary_report_id,primary_screening_record_id,title,year,venue,canonical_modality,validation_maturity_max,survey_use_status,eligible_report_count,eligible_report_lineage,independent_human_status
STC-ACO-OFDM-LFM-LIDAR-2025,RPT-SCR-01115-01,SCR-01115,Integrated Design of OFDM-LFM Lidar Communication in IoV Environment,2024,"2024 IEEE 12th International Conference on Information, Communication and Networks (ICICN)",FSO,4,survey_ready,1,RPT-SCR-01115-01 (SCR-01115; primary_source; primary_report),not_documented
STC-DP-IMDD-THZ-RANGING-2025-2026,RPT-SCR-00989-01,SCR-00989,310Gbps Transmission and Centimeter-Level Ranging Photonic THz ISAC System,2026,Journal of Lightwave Technology,photonic_THz,5,survey_ready,2,RPT-SCR-00989-01 (SCR-00989; primary_source; journal_version); RPT-SCR-00933-01 (SCR-00933; supplementary_source; conference_version),not_documented
STC-DSCM-ANN-DT-ECL-2025-2026,RPT-SCR-01185-01,SCR-01185,Machine-learning-enhanced phase-based vibration sensing in coherent DSCM systems under commercial ECLs,2026,Science China Information Sciences,fiber,4,survey_ready,2,RPT-SCR-01185-01 (SCR-01185; primary_source; journal_version); RPT-SCR-00722-01 (SCR-00722; supplementary_source; conference_version),not_documented
STC-EADO-OFDM-RANGING-2024-2025,RPT-SCR-00956-01,SCR-00956,Optical Wireless Integrated Sensing and Communication Based on EADO-OFDM: A Flexible Resource Allocation Perspective,2025,IEEE Transactions on Wireless Communications,FSO,2,survey_ready,2,RPT-SCR-00956-01 (SCR-00956; primary_source; journal_version); RPT-SCR-00955-01 (SCR-00955; supplementary_source; conference_version),not_documented
STC-ENDOGENOUS-TS-FRFT-DAS-2025,RPT-SCR-00072-01,SCR-00072,Endogenous integration of communication and interference fading free sensing using telecom pilots via joint polarization-fraction domain multiplexing,2025,Optics Express,fiber,4,survey_ready,2,RPT-SCR-00072-01 (SCR-00072; primary_source; canonical_journal_report); RPT-SCR-00099-01 (SCR-00099; supplementary_source; conference_companion_report),not_documented
STC-FRDM-POLARIZATION-SENSING-2025-2026,RPT-SCR-00220-01,SCR-00220,Integrated Communication and In-Band Spectrum Polarization-Based Sensing via Fraction-Division Non-Orthogonal Multiple Access,2026,Journal of Lightwave Technology,fiber,4,survey_ready,2,RPT-SCR-00220-01 (SCR-00220; primary_source; canonical_journal_report); RPT-SCR-00592-01 (SCR-00592; supplementary_source; conference_companion_report),not_documented
STC-ICP-RL-HLLB-3650KM-2024-2025,RPT-SCR-01100-01,SCR-01100,Simultaneous Transmission and Sensing Emulation Using Interconnected Counter-Propagating Recirculating Loops,2025,2025 European Conference on Optical Communications (ECOC),fiber,4,survey_ready,1,RPT-SCR-01100-01 (SCR-01100; primary_source; companion_report),not_documented
STC-III-NITRIDE-MOTION-VLC-2023,RPT-SCR-00763-01,SCR-00763,Integrated Sensing and Communication Chip Based on III-Nitride for Motion Detection,2023,ACS Omega,VLC_LiFi,5,survey_ready_with_claim_restrictions,2,RPT-SCR-00763-01 (SCR-00763; primary_source; primary_report); RPT-SCR-00619-01 (SCR-00619; supplementary_source; companion_report),not_documented
STC-LED-OISAC-2024-2025,RPT-SCR-00901-01,SCR-00901,Optical Integrated Sensing and Communication With Light-Emitting Diode,2025,IEEE Internet of Things Journal,VLC_LiFi,2,survey_ready,1,RPT-SCR-00901-01 (SCR-00901; primary_source; journal_version),not_documented
STC-MMW-OFDM-PENG-2023-2024,RPT-SCR-00889-01,SCR-00889,Photonics-assisted integrated sensing and communication with ranging resolution improvement by multiple signal classification,2024,Optics Express,photonic_THz,4,survey_ready,2,RPT-SCR-00889-01 (SCR-00889; primary_source; journal_version); RPT-SCR-00900-01 (SCR-00900; supplementary_source; conference_version),not_documented
STC-MULTICHANNEL-LFM-QAM-THZ-2024-2026,RPT-SCR-00988-01,SCR-00988,Multi-Channel Photonic THz-ISAC System Based on Integrated LFM-QAM Waveform,2024,Journal of Lightwave Technology,photonic_THz,5,survey_ready,2,RPT-SCR-00988-01 (SCR-00988; primary_source; journal_version); RPT-SCR-00440-01 (SCR-00440; supplementary_source; conference_version),not_documented
STC-OCDM-THZ-OVER-FIBER-2024-2025,RPT-SCR-00993-01,SCR-00993,THz-Over-Fiber System With Orthogonal Chirp Division Multiplexing for Integrated Sensing and Communication,2024,Journal of Lightwave Technology,photonic_THz,4,survey_ready,2,RPT-SCR-00993-01 (SCR-00993; primary_source; journal_version); RPT-SCR-01149-01 (SCR-01149; supplementary_source; conference_version),not_documented
STC-ODDM-PHOTONIC-MMW-2024-2025,RPT-SCR-00973-01,SCR-00973,Photonics-Assisted mmWave Integrated Sensing and Communication System Enabled by ODDM Waveform,2026,IEEE Transactions on Microwave Theory and Techniques,photonic_THz,5,survey_ready,2,RPT-SCR-00973-01 (SCR-00973; primary_source; journal_version); RPT-SCR-01005-01 (SCR-01005; supplementary_source; conference_version),not_documented
STC-OPA-OWISAC-BEAMFORMING-2024-2025,RPT-SCR-00940-01,SCR-00940,Optical Wireless Integrated Sensing and Communication Based on Optical Phased Array: Performance Metric and Optimal Beamforming,2025,IEEE Transactions on Wireless Communications,FSO,3,survey_ready,2,RPT-SCR-00940-01 (SCR-00940; primary_source; journal_version); RPT-SCR-00945-01 (SCR-00945; supplementary_source; conference_version),not_documented
STC-REALTIME-BIDIR-DMT-THZ-2024-2026,RPT-SCR-01054-01,SCR-01054,Real-Time Integrated Sensing with 5.08 mm Range Resolution and 15.5 Gbps Bidirectional Wireless Communication Over a 270-Meter Outdoor Photonic-Assisted Terahertz Link,2026,IEEE Photonics Journal,photonic_THz,6,survey_ready,3,RPT-SCR-01054-01 (SCR-01054; primary_source; journal_version); RPT-SCR-01065-01 (SCR-01065; supplementary_source; conference_version); RPT-SCR-01184-01 (SCR-01184; supplementary_source; companion_report),not_documented
STC-SELF-HOMODYNE-MCF-OFDR-2024-2025,RPT-SCR-01015-01,SCR-01015,Integrated Sensing and Communication in Self-Homodyne MCF Transmission Systems With Linear Frequency Modulation,2026,Journal of Lightwave Technology,fiber,4,survey_ready,2,RPT-SCR-01015-01 (SCR-01015; primary_source; journal_version); RPT-SCR-00984-01 (SCR-00984; supplementary_source; conference_version),not_documented
STC-SEVENCORE-COMB-SH-DAS-2024-2025,RPT-SCR-00346-01,SCR-00346,Integrating High-Capacity Self-Homodyne Transmission and High-Sensitivity Dual-Pulse ϕ-OTDR with an EO Comb over a 7-Core Fiber,2026,Photonics,fiber,5,survey_ready,2,RPT-SCR-00346-01 (SCR-00346; primary_source; journal_version); RPT-SCR-01031-01 (SCR-01031; supplementary_source; conference_version),not_documented
STC-SF-LFM-OFDM-THZ-2025-2026,RPT-SCR-00978-01,SCR-00978,Photonics-Aided THz Integrated Sensing and Communication System Based on a Time-Frequency Efficient SF-LFM-OFDM Waveform,2026,IEEE Transactions on Microwave Theory and Techniques,photonic_THz,4,survey_ready,2,RPT-SCR-00978-01 (SCR-00978; primary_source; journal_version); RPT-SCR-01019-01 (SCR-01019; supplementary_source; conference_version),not_documented
STC-SINGLETON-SCR-00001,RPT-SCR-00001-01,SCR-00001,High-Speed Flexible Near-Infrared Organic Photodetectors for Self-Powered Optical Integrated Sensing and Communications,2025,Advanced Functional Materials,VLC_LiFi,5,survey_ready,1,RPT-SCR-00001-01 (SCR-00001; primary_source; standalone_primary_report),not_documented
STC-SINGLETON-SCR-00002,RPT-SCR-00002-01,SCR-00002,Integrated Optical Sensing and Communication (IOSAC) System Based on Hybrid-Waveguide Structures,2024,Advanced Materials Technologies,fiber,5,survey_ready,1,RPT-SCR-00002-01 (SCR-00002; primary_source; standalone_primary_report),not_documented
STC-SINGLETON-SCR-00007,RPT-SCR-00007-01,SCR-00007,OFDM-based optical integrated sensing and communication framework using embedded pilot subcarriers,2026,Optics Continuum,fiber,2,survey_ready,1,RPT-SCR-00007-01 (SCR-00007; primary_source; standalone_primary_report),not_documented
STC-SINGLETON-SCR-00008,RPT-SCR-00008-01,SCR-00008,Enhanced single-fiber bi-directional FT-DVS using a 600-kHz linewidth DBR laser with LPN compensation for O-ISAC [Invited],2026,Chinese Optics Letters,fiber,2,survey_ready,1,RPT-SCR-00008-01 (SCR-00008; primary_source; standalone_primary_report),not_documented
STC-SINGLETON-SCR-00009,RPT-SCR-00009-01,SCR-00009,Optical integrated sensing and communication (O-ISAC): A unified framework for 6G and AI-Powered intelligent networks,2026,Journal of Optical Communications,hybrid_optical,2,survey_ready,1,RPT-SCR-00009-01 (SCR-00009; primary_source; standalone_primary_report),not_documented
STC-SINGLETON-SCR-00011,RPT-SCR-00011-01,SCR-00011,Retroreflective optical ISAC using OFDM: channel modeling and performance analysis,2024,Optics Letters,FSO,4,survey_ready,1,RPT-SCR-00011-01 (SCR-00011; primary_source; standalone_primary_report),not_documented
STC-SINGLETON-SCR-00012,RPT-SCR-00012-01,SCR-00012,Single-Source optical integrated sensing and communication (O-ISAC) with sequential target recognition,2026,Optics and Laser Technology,FSO,5,survey_ready,1,RPT-SCR-00012-01 (SCR-00012; primary_source; standalone_primary_report),not_documented
STC-SINGLETON-SCR-00013,RPT-SCR-00013-01,SCR-00013,On the coexistence of distributed fiber optic sensing and IM/DD transmission via digital subcarrier multiplexing,2026,Optics Express,fiber,5,survey_ready,1,RPT-SCR-00013-01 (SCR-00013; primary_source; standalone_primary_report),not_documented
STC-SINGLETON-SCR-00015,RPT-SCR-00015-01,SCR-00015,Integrated optical covert sensing and communication,2025,Chinese Optics Letters,fiber,5,survey_ready,1,RPT-SCR-00015-01 (SCR-00015; primary_source; standalone_primary_report),not_documented
STC-SINGLETON-SCR-00036,RPT-SCR-00036-01,SCR-00036,Millimeter-Wave Integrated Sensing and Communication System Based on a Photonics-Assisted Phased Array,2026,Laser and Photonics Reviews,photonic_THz,4,survey_ready,1,RPT-SCR-00036-01 (SCR-00036; primary_source; standalone_primary_report),not_documented
STC-SINGLETON-SCR-00038,RPT-SCR-00038-01,SCR-00038,Native and Reconfigurable Distributed Acoustic Sensing Integrated with Single-carrier 64QAM Transmission Signal,2025,"Optical Fiber Communication Conference in Proceedings Optical Fiber Communication Conference, OFC 2025 and Optical Fiber Communication Conference (OFC) Postdeadline Papers 2025",fiber,4,survey_ready,1,RPT-SCR-00038-01 (SCR-00038; primary_source; standalone_primary_report),not_documented
STC-SINGLETON-SCR-00052,RPT-SCR-00052-01,SCR-00052,Cc-Otdr Sequence Shaping Enabling Joint Co-Directional Sensing and Communication,2025,"2025 IEEE Photonics Conference, IPC 2025 - Proceedings",fiber,4,survey_ready,1,RPT-SCR-00052-01 (SCR-00052; primary_source; standalone_primary_report),not_documented
STC-SINGLETON-SCR-00056,RPT-SCR-00056-01,SCR-00056,Joint break-point localization sensing based on OFDR and non-disruptive communication fiber ISAC system,2025,Optics and Laser Technology,fiber,4,survey_ready,1,RPT-SCR-00056-01 (SCR-00056; primary_source; standalone_primary_report),not_documented
STC-SINGLETON-SCR-00057,RPT-SCR-00057-01,SCR-00057,Pre-Compensation of LFM Sensing Probe via Integrated Sensing and Communication over Fiber System,2025,"Opto-Electronics and Communications Conference, OECC",fiber,4,survey_ready,1,RPT-SCR-00057-01 (SCR-00057; primary_source; standalone_primary_report),not_documented
STC-SINGLETON-SCR-00086,RPT-SCR-00086-01,SCR-00086,Photonic THz Sensing-assisted Multipath Channel Estimation for ISAC,2025,"Optical Fiber Communication Conference in Proceedings Optical Fiber Communication Conference, OFC 2025 and Optical Fiber Communication Conference (OFC) Postdeadline Papers 2025",photonic_THz,4,survey_ready,1,RPT-SCR-00086-01 (SCR-00086; primary_source; standalone_primary_report),not_documented
STC-SINGLETON-SCR-00091,RPT-SCR-00091-01,SCR-00091,Communication and Sensing via Hermite-Gaussian Time-Domain Mode-Division-Multiple-Access,2025,"Asia Communications and Photonics Conference, ACP",hybrid_optical,2,survey_ready,1,RPT-SCR-00091-01 (SCR-00091; primary_source; standalone_primary_report),not_documented
STC-SINGLETON-SCR-00110,RPT-SCR-00110-01,SCR-00110,Integrated Optical Camera Communication and Scene Sensing Based on Generative Adversarial Networks,2026,IEEE Transactions on Mobile Computing,VLC_LiFi,4,survey_ready,1,RPT-SCR-00110-01 (SCR-00110; primary_source; standalone_primary_report),not_documented
STC-SINGLETON-SCR-00123,RPT-SCR-00123-01,SCR-00123,Glass fiber-based integrated sensing and communication system for vehicular applications,2026,Advanced Photonics Nexus,fiber,5,survey_ready,1,RPT-SCR-00123-01 (SCR-00123; primary_source; standalone_primary_report),not_documented
STC-SINGLETON-SCR-00151,RPT-SCR-00151-01,SCR-00151,Integrated Communication and Enhanced Forward Phase-Based Sensing Based on Frequency-Domain Pilot Tones in DSCM Systems Using 100 kHz ECLs,2025,Journal of Lightwave Technology,fiber,4,survey_ready,1,RPT-SCR-00151-01 (SCR-00151; primary_source; standalone_primary_report),not_documented
STC-SINGLETON-SCR-00160,RPT-SCR-00160-01,SCR-00160,Photonic Generation of Joint Amplitude-Frequency Modulated Waveform for THz Integrated Sensing and Communication,2025,Microwave and Optical Technology Letters,photonic_THz,5,survey_ready,1,RPT-SCR-00160-01 (SCR-00160; primary_source; standalone_primary_report),not_documented
STC-SINGLETON-SCR-00177,RPT-SCR-00177-01,SCR-00177,Integrated photonic ultrawideband real-time spectrum sensing for 6G wireless networks,2026,Nature Communications,photonic_THz,5,survey_ready,1,RPT-SCR-00177-01 (SCR-00177; primary_source; standalone_primary_report),not_documented
STC-SINGLETON-SCR-00185,RPT-SCR-00185-01,SCR-00185,Integrated Terahertz FMCW Radar and FSK Communication Enabled by High-Speed Wavelength Tunable Lasers,2025,Photonics,photonic_THz,5,survey_ready,1,RPT-SCR-00185-01 (SCR-00185; primary_source; standalone_primary_report),not_documented
STC-SINGLETON-SCR-00189,RPT-SCR-00189-01,SCR-00189,Sensing µm-scale vibrations in the Hz range within a THz communication system,2026,Optics Express,photonic_THz,5,survey_ready_with_claim_restrictions,1,RPT-SCR-00189-01 (SCR-00189; primary_source; standalone_primary_report),not_documented
STC-SINGLETON-SCR-00196,RPT-SCR-00196-01,SCR-00196,Adaptive visible light integrated sensing and communication for cable-free virtual reality,2025,Photonics Research,VLC_LiFi,5,survey_ready,1,RPT-SCR-00196-01 (SCR-00196; primary_source; standalone_primary_report),not_documented
STC-SINGLETON-SCR-00210,RPT-SCR-00210-01,SCR-00210,Software-Defined Radio Experimental Validation of an OTFS-Based ISAC for Velocity Estimation in an ARoF Setup,2026,Technologies,hybrid_optical,5,survey_ready_with_claim_restrictions,1,RPT-SCR-00210-01 (SCR-00210; primary_source; standalone_primary_report),not_documented
STC-SINGLETON-SCR-00218,RPT-SCR-00218-01,SCR-00218,Parallel Path Effect-Free Remote Monitoring and Sensing in Live XGS-PON Using Legacy Optical Time Domain Reflectometry,2025,Journal of Lightwave Technology,fiber,5,survey_ready,1,RPT-SCR-00218-01 (SCR-00218; primary_source; standalone_primary_report),not_documented
STC-SINGLETON-SCR-00233,RPT-SCR-00233-01,SCR-00233,Bi-LSTM-Transformer hybrid network for V2V optical wireless ISAC systems,2026,ICT Express,FSO,2,survey_ready,1,RPT-SCR-00233-01 (SCR-00233; primary_source; standalone_primary_report),not_documented
STC-SINGLETON-SCR-00238,RPT-SCR-00238-01,SCR-00238,Multi-service integrated sensing and communication system for industrial internet-of-things,2026,Optics and Lasers in Engineering,fiber,5,survey_ready,1,RPT-SCR-00238-01 (SCR-00238; primary_source; standalone_primary_report),not_documented
STC-SINGLETON-SCR-00256,RPT-SCR-00256-01,SCR-00256,OCDM Integrated LiDAR and Communication System for UAVs,2025,"2025 13th International Conference on Information and Communication Networks, ICICN 2025",FSO,2,survey_ready_with_claim_restrictions,1,RPT-SCR-00256-01 (SCR-00256; primary_source; standalone_primary_report),not_documented
STC-SINGLETON-SCR-00268,RPT-SCR-00268-01,SCR-00268,Full dimensional control of structured microwaves based on microcombs,2026,Nature Photonics,other_optical,5,survey_ready,1,RPT-SCR-00268-01 (SCR-00268; primary_source; standalone_primary_report),not_documented
STC-SINGLETON-SCR-00273,RPT-SCR-00273-01,SCR-00273,Optical Camera-Based Integrated Sensing and Communication for V2X Applications: Model and Optimization,2025,Sensors,VLC_LiFi,5,survey_ready_with_claim_restrictions,1,RPT-SCR-00273-01 (SCR-00273; primary_source; standalone_primary_report),not_documented
STC-SINGLETON-SCR-00274,RPT-SCR-00274-01,SCR-00274,A Unified OFDM-ISAC Signal Generation Architecture in W-Band via Photonics-Aided Frequency Multiplication and Phase Noise Mitigation,2025,Photonics,photonic_THz,2,survey_ready_with_claim_restrictions,1,RPT-SCR-00274-01 (SCR-00274; primary_source; standalone_primary_report),not_documented
STC-SINGLETON-SCR-00277,RPT-SCR-00277-01,SCR-00277,"Towards last-mile connectivity in 6G-IoT: An integrated MIMO-FSO communication system and FBG sensors under atmospheric attenuations, strain and temperature effects",2025,"Engineering Science and Technology, an International Journal",hybrid_optical,2,survey_ready_with_claim_restrictions,1,RPT-SCR-00277-01 (SCR-00277; primary_source; standalone_primary_report),not_documented
STC-SINGLETON-SCR-00278,RPT-SCR-00278-01,SCR-00278,Demonstration of High Sensitivity Detection and High Precision Localization of Vibrations in Bidirectional Coherent Transmission Systems Enabled by Carrier Laser Phase Noise Retrieval,2025,Journal of Lightwave Technology,fiber,5,survey_ready_with_claim_restrictions,1,RPT-SCR-00278-01 (SCR-00278; primary_source; standalone_primary_report),not_documented
STC-SINGLETON-SCR-00294,RPT-SCR-00294-01,SCR-00294,Optoelectronic integrated sensing and communication system based on InGaN/GaN MQW for wireless detection of air pressure,2025,Sensors and Actuators A: Physical,VLC_LiFi,5,survey_ready_with_claim_restrictions,1,RPT-SCR-00294-01 (SCR-00294; primary_source; standalone_primary_report),not_documented
STC-SINGLETON-SCR-00312,RPT-SCR-00312-01,SCR-00312,Photonics-Aided THz ISAC System Based on A Spectral Overlapping Multi-Carrier 16QAM-LFM Waveform,2025,"2025 Optical Fiber Communications Conference and Exhibition, OFC 2025 - Proceedings",photonic_THz,5,survey_ready,1,RPT-SCR-00312-01 (SCR-00312; primary_source; standalone_primary_report),not_documented
STC-SINGLETON-SCR-00344,RPT-SCR-00344-01,SCR-00344,Co-wavelength-channel integration of ultra-low-frequency distributed acoustic sensing and high-capacity communication,2025,Photonics Research,fiber,5,survey_ready,1,RPT-SCR-00344-01 (SCR-00344; primary_source; standalone_primary_report),not_documented
STC-SINGLETON-SCR-00356,RPT-SCR-00356-01,SCR-00356,Exploitation of FMF capabilities for joint communications and sensing,2025,International Conference on Transparent Optical Networks,fiber,5,survey_ready,1,RPT-SCR-00356-01 (SCR-00356; primary_source; standalone_primary_report),not_documented
STC-SINGLETON-SCR-00361,RPT-SCR-00361-01,SCR-00361,Photonic-aided Doppler-robust ISAC system based on index modulation and chirp multiplexing,2025,Optics Express,photonic_THz,5,survey_ready_with_claim_restrictions,1,RPT-SCR-00361-01 (SCR-00361; primary_source; standalone_primary_report),not_documented
STC-SINGLETON-SCR-00362,RPT-SCR-00362-01,SCR-00362,Frequency-comb-steered ultrawideband quasi-true-time-delay beamformer for integrated sensing and communication,2025,Nature Communications,photonic_THz,5,survey_ready,1,RPT-SCR-00362-01 (SCR-00362; primary_source; standalone_primary_report),not_documented
STC-SINGLETON-SCR-00366,RPT-SCR-00366-01,SCR-00366,Integrated ultra-large dynamic vibration sensing with fronthaul analog radio-over-fiber transmission,2025,Photonics Research,hybrid_optical,5,survey_ready,1,RPT-SCR-00366-01 (SCR-00366; primary_source; standalone_primary_report),not_documented
STC-SINGLETON-SCR-00367,RPT-SCR-00367-01,SCR-00367,Common bias-digital subcarrier multiplexing scheme for integrated sensing and communication in short-reach optical transmission systems,2025,Optics Express,fiber,5,survey_ready,1,RPT-SCR-00367-01 (SCR-00367; primary_source; standalone_primary_report),not_documented
STC-SINGLETON-SCR-00369,RPT-SCR-00369-01,SCR-00369,Simultaneous polarization demultiplexing and vibration sensing via single pilot tone in DSCM-ISAC systems,2025,Optics Express,fiber,5,survey_ready,1,RPT-SCR-00369-01 (SCR-00369; primary_source; standalone_primary_report),not_documented
STC-SINGLETON-SCR-00376,RPT-SCR-00376-01,SCR-00376,An integrated sensing and communication solar skin for health monitoring and human–machine interaction,2026,Nano Energy,VLC_LiFi,5,survey_ready,1,RPT-SCR-00376-01 (SCR-00376; primary_source; standalone_primary_report),not_documented
STC-SINGLETON-SCR-00379,RPT-SCR-00379-01,SCR-00379,Enhanced Room Coverage With Photon-Level NLOS Ultraviolet Optical Wireless Communication,2025,IEEE Photonics Technology Letters,other_optical,5,survey_ready,1,RPT-SCR-00379-01 (SCR-00379; primary_source; standalone_primary_report),not_documented
STC-SINGLETON-SCR-00387,RPT-SCR-00387-01,SCR-00387,Demonstration of Ranging-Based Phase Encryption for Enhanced Free-Space Optical Security,2026,Journal of Lightwave Technology,FSO,5,survey_ready,1,RPT-SCR-00387-01 (SCR-00387; primary_source; standalone_primary_report),not_documented
STC-SINGLETON-SCR-00396,RPT-SCR-00396-01,SCR-00396,Integrated sensing and communication system based on a photonic integrated broadband multi-beamformer,2025,Optics Express,photonic_THz,5,survey_ready,1,RPT-SCR-00396-01 (SCR-00396; primary_source; standalone_primary_report),not_documented
STC-SINGLETON-SCR-00406,RPT-SCR-00406-01,SCR-00406,Microcomb-synchronized optoelectronics,2025,Nature Electronics,photonic_THz,5,survey_ready,1,RPT-SCR-00406-01 (SCR-00406; primary_source; standalone_primary_report),not_documented
STC-SINGLETON-SCR-00407,RPT-SCR-00407-01,SCR-00407,Analysis of Visible Light-Based ISAC Channel Characteristics in a V2V Scenario,2025,"IEEE Wireless Communications and Networking Conference, WCNC",VLC_LiFi,2,survey_ready,1,RPT-SCR-00407-01 (SCR-00407; primary_source; standalone_primary_report),not_documented
STC-SINGLETON-SCR-00418,RPT-SCR-00418-01,SCR-00418,W-band photonics-aided OFDM system integrating sensing and communication with phase noise suppression scheme,2025,Optics and Laser Technology,photonic_THz,5,survey_ready,1,RPT-SCR-00418-01 (SCR-00418; primary_source; standalone_primary_report),not_documented
STC-SINGLETON-SCR-00432,RPT-SCR-00432-01,SCR-00432,Ultrasonic phase extraction method for co-cable identification in coherent optical transmission systems,2024,Chinese Optics Letters,fiber,5,survey_ready,1,RPT-SCR-00432-01 (SCR-00432; primary_source; standalone_primary_report),not_documented
STC-SINGLETON-SCR-00436,RPT-SCR-00436-01,SCR-00436,Optical Transport Network Optimization Supporting Integrated Sensing and Communication Services,2025,"Optical Fiber Communication Conference in Proceedings Optical Fiber Communication Conference, OFC 2025 and Optical Fiber Communication Conference (OFC) Postdeadline Papers 2025",hybrid_optical,5,survey_ready_with_claim_restrictions,1,RPT-SCR-00436-01 (SCR-00436; primary_source; standalone_primary_report),not_documented
STC-SINGLETON-SCR-00451,RPT-SCR-00451-01,SCR-00451,Wearable Sensors Based on Miniaturized High-Performance Hybrid Nanogenerator for Medical Health Monitoring,2024,Biosensors,VLC_LiFi,5,survey_ready,1,RPT-SCR-00451-01 (SCR-00451; primary_source; standalone_primary_report),not_documented
STC-SINGLETON-SCR-00456,RPT-SCR-00456-01,SCR-00456,An Adaptive Control System for Satellite-Ground Laser Communication Based on Integrated Sensing and Communication,2025,"Opto-Electronics and Communications Conference, OECC",FSO,2,survey_ready,1,RPT-SCR-00456-01 (SCR-00456; primary_source; standalone_primary_report),not_documented
STC-SINGLETON-SCR-00460,RPT-SCR-00460-01,SCR-00460,Integrated high precision time-of-flight depth sensing and optical communication based on Hamiltonian coding,2023,Optics Communications,VLC_LiFi,5,survey_ready,1,RPT-SCR-00460-01 (SCR-00460; primary_source; standalone_primary_report),not_documented
STC-SINGLETON-SCR-00473,RPT-SCR-00473-01,SCR-00473,High-performance Vibration Sensing Based on Subband Phase-Shift Transform in Integrated Sensing and Communication System,2025,"Asia Communications and Photonics Conference, ACP",fiber,5,survey_ready_with_claim_restrictions,1,RPT-SCR-00473-01 (SCR-00473; primary_source; standalone_primary_report),not_documented
STC-SINGLETON-SCR-00488,RPT-SCR-00488-01,SCR-00488,6-DoF Location-and-Pose Estimation Toward Integrated Visible Light Communication and Sensing: Algorithm Design and Performance Limits,2024,IEEE Transactions on Signal Processing,VLC_LiFi,2,survey_ready,1,RPT-SCR-00488-01 (SCR-00488; primary_source; standalone_primary_report),not_documented
STC-SINGLETON-SCR-00492,RPT-SCR-00492-01,SCR-00492,Millimeter-wave over fiber integrated sensing and communication system using self-coherent OFDM,2024,Optics Express,photonic_THz,5,survey_ready,1,RPT-SCR-00492-01 (SCR-00492; primary_source; standalone_primary_report),not_documented
STC-SINGLETON-SCR-00496,RPT-SCR-00496-01,SCR-00496,First Demonstration of FTTR-based RFID Network for Integrated Sensing and Communication,2025,"Asia Communications and Photonics Conference, ACP",fiber,6,survey_ready,1,RPT-SCR-00496-01 (SCR-00496; primary_source; standalone_primary_report),not_documented
STC-SINGLETON-SCR-00502,RPT-SCR-00502-01,SCR-00502,Demonstration of radar-aided flexible communication in a photonics-based W-band distributed integrated sensing and communication system for 6G,2024,Chinese Optics Letters,photonic_THz,5,survey_ready,1,RPT-SCR-00502-01 (SCR-00502; primary_source; standalone_primary_report),not_documented
STC-SINGLETON-SCR-00506,RPT-SCR-00506-01,SCR-00506,Catch Me If You Can: Laser Tethering with Highly Mobile Targets,2024,"Proceedings of the 21st USENIX Symposium on Networked Systems Design and Implementation, NSDI 2024",FSO,5,survey_ready_with_claim_restrictions,1,RPT-SCR-00506-01 (SCR-00506; primary_source; standalone_primary_report),not_documented
STC-SINGLETON-SCR-00527,RPT-SCR-00527-01,SCR-00527,Joint Visible Light Sensing and Communication Using m-CAP Modulation,2023,IEEE Transactions on Broadcasting,VLC_LiFi,2,survey_ready_with_claim_restrictions,1,RPT-SCR-00527-01 (SCR-00527; primary_source; standalone_primary_report),not_documented
STC-SINGLETON-SCR-00557,RPT-SCR-00557-01,SCR-00557,Visible Light Communication-Enabled Simultaneous Position and Orientation Detection for Harnessing Multipath Interference and Random Fading,2024,IEEE Transactions on Intelligent Transportation Systems,VLC_LiFi,2,survey_ready,1,RPT-SCR-00557-01 (SCR-00557; primary_source; standalone_primary_report),not_documented
STC-SINGLETON-SCR-00576,RPT-SCR-00576-01,SCR-00576,Remote Phase-Shift LiDAR With Communication,2023,IEEE Transactions on Communications,FSO,4,survey_ready,1,RPT-SCR-00576-01 (SCR-00576; primary_source; standalone_primary_report),not_documented
STC-SINGLETON-SCR-00589,RPT-SCR-00589-01,SCR-00589,Deep Integration Between Polarimetric Forward-Transmission Fiber-Optic Communication and Distributed Sensing Systems,2024,Sensors,fiber,5,survey_ready,1,RPT-SCR-00589-01 (SCR-00589; primary_source; standalone_primary_report),not_documented
STC-SINGLETON-SCR-00594,RPT-SCR-00594-01,SCR-00594,Wide-Steering Integrated Sensing and Communication OPA-Based Lidar Design with Joint Waveform and Thinned Antenna,2025,"Opto-Electronics and Communications Conference, OECC",FSO,2,survey_ready,1,RPT-SCR-00594-01 (SCR-00594; primary_source; standalone_primary_report),not_documented
STC-SINGLETON-SCR-00602,RPT-SCR-00602-01,SCR-00602,Photonics-assisted self-interference cancellation for in-band full-duplex integrated sensing and communication transceiver,2024,Optics Express,photonic_THz,5,survey_ready_with_claim_restrictions,1,RPT-SCR-00602-01 (SCR-00602; primary_source; standalone_primary_report),not_documented
STC-SINGLETON-SCR-00607,RPT-SCR-00607-01,SCR-00607,Integrated Distributed Sensing and Quantum Communication Networks,2024,Research,fiber,5,survey_ready_with_claim_restrictions,1,RPT-SCR-00607-01 (SCR-00607; primary_source; standalone_primary_report),not_documented
STC-SINGLETON-SCR-00626,RPT-SCR-00626-01,SCR-00626,Learned Digital Back-Propagation for an optical-domain waveform integrated with communication and sensing,2023,ACM International Conference Proceeding Series,fiber,2,survey_ready,1,RPT-SCR-00626-01 (SCR-00626; primary_source; standalone_primary_report),not_documented
STC-SINGLETON-SCR-00631,RPT-SCR-00631-01,SCR-00631,Integration of endogenous sensing and communication based on photonics-enabled cellular base station networks with a spectrum fusion algorithm,2024,Optics Express,fiber,6,survey_ready,1,RPT-SCR-00631-01 (SCR-00631; primary_source; standalone_primary_report),not_documented
STC-SINGLETON-SCR-00647,RPT-SCR-00647-01,SCR-00647,Integrated sensing and communication in an optical fibre,2023,Light: Science and Applications,fiber,5,survey_ready,1,RPT-SCR-00647-01 (SCR-00647; primary_source; standalone_primary_report),not_documented
STC-SINGLETON-SCR-00665,RPT-SCR-00665-01,SCR-00665,Flexible Vibration Sensing Using Kalman Smoother Integrated in ECL-Based Communication Systems,2025,IEEE Photonics Technology Letters,fiber,4,survey_ready,1,RPT-SCR-00665-01 (SCR-00665; primary_source; standalone_primary_report),not_documented
STC-SINGLETON-SCR-00679,RPT-SCR-00679-01,SCR-00679,A novel passive bi-directional audio over fiber transmission system with 20 Km,2024,Optical Fiber Technology,fiber,4,survey_ready,1,RPT-SCR-00679-01 (SCR-00679; primary_source; standalone_primary_report),not_documented
STC-SINGLETON-SCR-00680,RPT-SCR-00680-01,SCR-00680,Deep Integration of Fiber-Optic Communication and Sensing Systems Using Forward-Transmission Distributed Vibration Sensing and on–off Keying,2024,Sensors,fiber,4,survey_ready_with_claim_restrictions,1,RPT-SCR-00680-01 (SCR-00680; primary_source; standalone_primary_report),not_documented
STC-SINGLETON-SCR-00719,RPT-SCR-00719-01,SCR-00719,Development of an Integrated Communication and Sensing System Using Spread Spectrum and Photonics Technologies,2024,Photonics,fiber,4,survey_ready,1,RPT-SCR-00719-01 (SCR-00719; primary_source; standalone_primary_report),not_documented
STC-SINGLETON-SCR-00730,RPT-SCR-00730-01,SCR-00730,Continuous Event Recording Technology For Integrated Sensing And Communications In Space,2024,International Geoscience and Remote Sensing Symposium (IGARSS),FSO,6,survey_ready,1,RPT-SCR-00730-01 (SCR-00730; primary_source; standalone_primary_report),not_documented
STC-SINGLETON-SCR-00761,RPT-SCR-00761-01,SCR-00761,Joint Communication and Eavesdropper Detection on the Lossy Bosonic Channel,2024,"Proceedings - IEEE Global Communications Conference, GLOBECOM",fiber,2,survey_ready,1,RPT-SCR-00761-01 (SCR-00761; primary_source; standalone_primary_report),not_documented
STC-SINGLETON-SCR-00808,RPT-SCR-00808-01,SCR-00808,Photonics-aided integrated sensing and communications in mmW bands based on a DC-offset QPSK-encoded LFMCW,2022,Optics Express,photonic_THz,5,survey_ready,1,RPT-SCR-00808-01 (SCR-00808; primary_source; standalone_primary_report),not_documented
STC-SINGLETON-SCR-00833,RPT-SCR-00833-01,SCR-00833,CORE-Lens: Simultaneous Communication and Object REcognition with Disentangled-GAN Cameras,2022,"Proceedings of the Annual International Conference on Mobile Computing and Networking, MOBICOM",VLC_LiFi,5,survey_ready_with_claim_restrictions,1,RPT-SCR-00833-01 (SCR-00833; primary_source; standalone_primary_report),not_documented
STC-SINGLETON-SCR-00836,RPT-SCR-00836-01,SCR-00836,Integrated Sensing and Communication in the Visible Spectral Range: A Novel Closed Loop Controller,2022,"2022 International Conference on Broadband Communications for Next Generation Networks and Multimedia Applications, CoBCom 2022",VLC_LiFi,5,survey_ready,1,RPT-SCR-00836-01 (SCR-00836; primary_source; standalone_primary_report),not_documented
STC-SINGLETON-SCR-00873,RPT-SCR-00873-01,SCR-00873,"Monolithically Integrated Sensing, Communication, and Energy Harvester",2022,Energy Technology,VLC_LiFi,5,survey_ready,1,RPT-SCR-00873-01 (SCR-00873; primary_source; standalone_primary_report),not_documented
STC-SINGLETON-SCR-00882,RPT-SCR-00882-01,SCR-00882,Performance Analysis of Microwave Photonics Assisted Joint Radar Communications,2024,"2024 International Conference on Wireless Communications, Signal Processing and Networking, WiSPNET 2024",photonic_THz,2,survey_ready,1,RPT-SCR-00882-01 (SCR-00882; primary_source; standalone_primary_report),not_documented
STC-SINGLETON-SCR-00884,RPT-SCR-00884-01,SCR-00884,Photonic-assisted generation of joint radar and communication signals with immunity to power fading,2023,Optics Communications,photonic_THz,4,survey_ready,1,RPT-SCR-00884-01 (SCR-00884; primary_source; standalone_primary_report),not_documented
STC-SINGLETON-SCR-00885,RPT-SCR-00885-01,SCR-00885,Photonic-aid dual-formats LFM signals generator for joint radar-communication system,2022,Optik,photonic_THz,2,survey_ready_with_claim_restrictions,1,RPT-SCR-00885-01 (SCR-00885; primary_source; standalone_primary_report),not_documented
STC-SINGLETON-SCR-00887,RPT-SCR-00887-01,SCR-00887,"Microwave Photonic Joint Radar, Wireless Communications, and Spectrum Sensing System With Broadband Tunability From 12 to 40 GHz",2026,IEEE Internet of Things Journal,photonic_THz,4,survey_ready,1,RPT-SCR-00887-01 (SCR-00887; primary_source; standalone_primary_report),not_documented
STC-SINGLETON-SCR-00891,RPT-SCR-00891-01,SCR-00891,Millimeter-wave joint radar and communication system based on photonic frequency-multiplying constant envelope LFM-OFDM,2022,Optics Express,photonic_THz,4,survey_ready,1,RPT-SCR-00891-01 (SCR-00891; primary_source; standalone_primary_report),not_documented
STC-SINGLETON-SCR-00893,RPT-SCR-00893-01,SCR-00893,Microwave Photonic Joint Radar and Secure Communication via Radar Signal Masking,2025,IEEE Microwave and Wireless Technology Letters,photonic_THz,4,survey_ready,1,RPT-SCR-00893-01 (SCR-00893; primary_source; standalone_primary_report),not_documented
STC-SINGLETON-SCR-00896,RPT-SCR-00896-01,SCR-00896,Photonics-assisted joint radar and communication system based on an optoelectronic oscillator,2021,Optics Express,photonic_THz,4,survey_ready,1,RPT-SCR-00896-01 (SCR-00896; primary_source; standalone_primary_report),not_documented
STC-SINGLETON-SCR-00899,RPT-SCR-00899-01,SCR-00899,Photonic-assisted generation of fast switchable multi-format LFM waveforms with a tuned bandwidth for a joint radar-communication system,2025,Optics Communications,photonic_THz,4,survey_ready_with_claim_restrictions,1,RPT-SCR-00899-01 (SCR-00899; primary_source; standalone_primary_report),not_documented
STC-SINGLETON-SCR-00902,RPT-SCR-00902-01,SCR-00902,Bidirectional Retroreflective Optical ISAC Using Time Division Duplexing and Clipped OFDM,2025,IEEE Photonics Technology Letters,VLC_LiFi,4,survey_ready,1,RPT-SCR-00902-01 (SCR-00902; primary_source; standalone_primary_report),not_documented
STC-SINGLETON-SCR-00903,RPT-SCR-00903-01,SCR-00903,Phase-Coded FMCW for Optical Integrated Sensing and Communication,2024,2024 Asia Communications and Photonics Conference (ACP) and International Conference on Information Photonics and Optical Communications (IPOC),FSO,2,survey_ready,1,RPT-SCR-00903-01 (SCR-00903; primary_source; standalone_primary_report),not_documented
STC-SINGLETON-SCR-00904,RPT-SCR-00904-01,SCR-00904,Gaussian Pulse-Based PSS-PPM Scheme for Optical Integrated Sensing and Communication Systems,2025,2025 Asia Communications and Photonics Conference (ACP),FSO,3,survey_ready,1,RPT-SCR-00904-01 (SCR-00904; primary_source; standalone_primary_report),not_documented
STC-SINGLETON-SCR-00905,RPT-SCR-00905-01,SCR-00905,Retroreflective Optical ISAC Supporting 3D Positioning in Indoor Environments,2024,2024 Asia Communications and Photonics Conference (ACP) and International Conference on Information Photonics and Optical Communications (IPOC),VLC_LiFi,2,survey_ready,1,RPT-SCR-00905-01 (SCR-00905; primary_source; standalone_primary_report),not_documented
STC-SINGLETON-SCR-00906,RPT-SCR-00906-01,SCR-00906,Quantum Optical Integrated Sensing and Communication With Homodyne BPSK Detection,2026,IEEE Wireless Communications Letters,other_optical,2,survey_ready,1,RPT-SCR-00906-01 (SCR-00906; primary_source; standalone_primary_report),not_documented
STC-SINGLETON-SCR-00908,RPT-SCR-00908-01,SCR-00908,Optical ISAC: Fundamental Performance Limits and Transceiver Design,2024,2024 IEEE Globecom Workshops (GC Wkshps),FSO,2,survey_ready,1,RPT-SCR-00908-01 (SCR-00908; primary_source; standalone_primary_report),not_documented
STC-SINGLETON-SCR-00909,RPT-SCR-00909-01,SCR-00909,Free Space Optical Integrated Sensing and Communication Based on LFM and CPM,2024,IEEE Communications Letters,FSO,3,survey_ready,1,RPT-SCR-00909-01 (SCR-00909; primary_source; standalone_primary_report),not_documented
STC-SINGLETON-SCR-00910,RPT-SCR-00910-01,SCR-00910,Optical Integrated Sensing and Communication for Cooperative Mobile Robotics: Design and Experiments,2023,"2023 21st International Symposium on Modeling and Optimization in Mobile, Ad Hoc, and Wireless Networks (WiOpt)",VLC_LiFi,6,survey_ready,1,RPT-SCR-00910-01 (SCR-00910; primary_source; standalone_primary_report),not_documented
STC-SINGLETON-SCR-00912,RPT-SCR-00912-01,SCR-00912,Flexible Waveform Design for RO-ISAC Based on OFDM-Embedded Maximum Length Sequence,2025,IEEE Wireless Communications Letters,VLC_LiFi,4,survey_ready,1,RPT-SCR-00912-01 (SCR-00912; primary_source; standalone_primary_report),not_documented
STC-SINGLETON-SCR-00913,RPT-SCR-00913-01,SCR-00913,Pulse Sequence Sensing and Pulse Position Modulation for Optical Integrated Sensing and Communication,2023,IEEE Communications Letters,FSO,3,survey_ready,1,RPT-SCR-00913-01 (SCR-00913; primary_source; standalone_primary_report),not_documented
STC-SINGLETON-SCR-00914,RPT-SCR-00914-01,SCR-00914,Optical Integrated Sensing and Communication System Based on Combination of OIRS and PD Array for Mobile Scenarios,2024,IEEE Transactions on Wireless Communications,FSO,3,survey_ready,1,RPT-SCR-00914-01 (SCR-00914; primary_source; standalone_primary_report),not_documented
STC-SINGLETON-SCR-00915,RPT-SCR-00915-01,SCR-00915,UAV-Aided Flying Retroreflective Optical ISAC with Angle Diversity Transmitters,2025,2025 30th OptoElectronics and Communications Conference (OECC) and 2025 International Conference on Photonics in Switching and Computing (PSC),VLC_LiFi,2,survey_ready,1,RPT-SCR-00915-01 (SCR-00915; primary_source; standalone_primary_report),not_documented
STC-SINGLETON-SCR-00916,RPT-SCR-00916-01,SCR-00916,Optical Integrated Sensing and Communication Lidar Based on RBPSK-FMCW Joint Waveform and Optical Phased Array,2026,Journal of Lightwave Technology,FSO,4,survey_ready,1,RPT-SCR-00916-01 (SCR-00916; primary_source; standalone_primary_report),not_documented
STC-SINGLETON-SCR-00917,RPT-SCR-00917-01,SCR-00917,Integrated Sensing and Communication for UAV Trajectory Optimization in Mixed FSO-RF Networks in Dynamic Weather Conditions,2025,2025 IEEE Wireless Communications and Networking Conference (WCNC),FSO,3,survey_ready,1,RPT-SCR-00917-01 (SCR-00917; primary_source; standalone_primary_report),not_documented
STC-SINGLETON-SCR-00918,RPT-SCR-00918-01,SCR-00918,"Multiuser Retroreflective Optical ISAC: Waveform Design, Joint Sensing and Multiple Access",2026,Journal of Lightwave Technology,VLC_LiFi,4,survey_ready,1,RPT-SCR-00918-01 (SCR-00918; primary_source; standalone_primary_report),not_documented
STC-SINGLETON-SCR-00919,RPT-SCR-00919-01,SCR-00919,Full-Duplex RO-ISAC System: Wavelength Division Duplexing and Hybrid Waveform Design,2025,IEEE Photonics Technology Letters,VLC_LiFi,4,survey_ready_with_claim_restrictions,1,RPT-SCR-00919-01 (SCR-00919; primary_source; standalone_primary_report),not_documented
STC-SINGLETON-SCR-00920,RPT-SCR-00920-01,SCR-00920,Experimental Demonstration of Multi-User Full-Duplex RO-ISAC System,2025,2025 Asia Communications and Photonics Conference (ACP),VLC_LiFi,4,survey_ready_with_claim_restrictions,1,RPT-SCR-00920-01 (SCR-00920; primary_source; standalone_primary_report),not_documented
STC-SINGLETON-SCR-00922,RPT-SCR-00922-01,SCR-00922,Leveraging ISAC for Adaptive Cell Zooming in Mixed FSO-RF Networks,2025,"2025 IEEE 36th International Symposium on Personal, Indoor and Mobile Radio Communications (PIMRC)",FSO,3,survey_ready,1,RPT-SCR-00922-01 (SCR-00922; primary_source; standalone_primary_report),not_documented
STC-SINGLETON-SCR-00925,RPT-SCR-00925-01,SCR-00925,Performance Analysis of NOMA-Assisted Optical OFDM ISAC Systems with Clipping Distortion,2026,2026 IEEE Wireless Communications and Networking Conference (WCNC),VLC_LiFi,2,survey_ready,1,RPT-SCR-00925-01 (SCR-00925; primary_source; standalone_primary_report),not_documented
STC-SINGLETON-SCR-00926,RPT-SCR-00926-01,SCR-00926,LACO-OFDM-Based Optical ISAC System Design and Performance Analysis,2026,IEEE Internet of Things Journal,FSO,3,survey_ready,1,RPT-SCR-00926-01 (SCR-00926; primary_source; standalone_primary_report),not_documented
STC-SINGLETON-SCR-00937,RPT-SCR-00937-01,SCR-00937,Simulation of Constant-Envelope THz Integrated Sensing and Communication System Based on Photonics with 2D Positioning,2024,2024 Asia Communications and Photonics Conference (ACP) and International Conference on Information Photonics and Optical Communications (IPOC),photonic_THz,2,survey_ready,1,RPT-SCR-00937-01 (SCR-00937; primary_source; standalone_primary_report),not_documented
STC-SINGLETON-SCR-00941,RPT-SCR-00941-01,SCR-00941,Joint Design of Optical Phased Array Beamforming and OFDM Waveform in Optical Wireless Integrated Sensing and Communication,2026,IEEE Transactions on Wireless Communications,FSO,2,survey_ready,1,RPT-SCR-00941-01 (SCR-00941; primary_source; standalone_primary_report),not_documented
STC-SINGLETON-SCR-00943,RPT-SCR-00943-01,SCR-00943,Monolithic III-Nitride Photonic Circuit for Integrated Sensing and Communication System,2023,2023 20th China International Forum on Solid State Lighting & 2023 9th International Forum on Wide Bandgap Semiconductors (SSLCHINA: IFWS),VLC_LiFi,5,survey_ready,1,RPT-SCR-00943-01 (SCR-00943; primary_source; standalone_primary_report),not_documented
STC-SINGLETON-SCR-00944,RPT-SCR-00944-01,SCR-00944,Heterogeneous Integrated III-V-on-Soi Transmitter for 6G FiWi mmWave/FSO Integrated Sensing and Communication,2025,2025 European Conference on Optical Communications (ECOC),hybrid_optical,5,survey_ready_with_claim_restrictions,1,RPT-SCR-00944-01 (SCR-00944; primary_source; standalone_primary_report),not_documented
STC-SINGLETON-SCR-00949,RPT-SCR-00949-01,SCR-00949,Double-effect DNN-based DBP Scheme for Integrated Sensing and Communications (ISAC),2022,2022 Optical Fiber Communications Conference and Exhibition (OFC),fiber,3,survey_ready,1,RPT-SCR-00949-01 (SCR-00949; primary_source; standalone_primary_report),not_documented
STC-SINGLETON-SCR-00953,RPT-SCR-00953-01,SCR-00953,A Beam-Scannable Photonic THz-ISAC System Based on Risley Prisms,2023,2023 Asia Communications and Photonics Conference/2023 International Photonics and Optoelectronics Meetings (ACP/POEM),photonic_THz,4,survey_ready,1,RPT-SCR-00953-01 (SCR-00953; primary_source; standalone_primary_report),not_documented
STC-SINGLETON-SCR-00954,RPT-SCR-00954-01,SCR-00954,Signal-Signal Beating Interference: From Destructive to Constructive for Photonic THz Integrated Sensing and Communication System Using Self-Coherent OFDM,2026,IEEE Transactions on Microwave Theory and Techniques,photonic_THz,4,survey_ready,1,RPT-SCR-00954-01 (SCR-00954; primary_source; standalone_primary_report),not_documented
STC-SINGLETON-SCR-00959,RPT-SCR-00959-01,SCR-00959,Fiber Events Recognition in Integrated Sensing and Communication Systems Based on Signal State of Polarization Analysis,2025,2025 Photonics & Electromagnetics Research Symposium - Fall (PIERS-Fall),fiber,4,survey_ready,1,RPT-SCR-00959-01 (SCR-00959; primary_source; standalone_primary_report),not_documented
STC-SINGLETON-SCR-00965,RPT-SCR-00965-01,SCR-00965,Microwave Photonics Empowered Minimalist Base Station for Integrated Sensing and Communication via Cascaded Intensity and Phase Modulation,2026,Journal of Lightwave Technology,photonic_THz,4,survey_ready,1,RPT-SCR-00965-01 (SCR-00965; primary_source; standalone_primary_report),not_documented
STC-SINGLETON-SCR-00970,RPT-SCR-00970-01,SCR-00970,Spectral-Efficient Frequency-Division Photonic Millimeter-Wave Integrated Sensing and Communication System Using Improved Sparse LFM Sub-Bands Fusion,2023,Journal of Lightwave Technology,photonic_THz,5,survey_ready,1,RPT-SCR-00970-01 (SCR-00970; primary_source; standalone_primary_report),not_documented
STC-SINGLETON-SCR-00974,RPT-SCR-00974-01,SCR-00974,Bit Inversion Probabilistic Shaping Enabling Performance Tradeoff in Photonics-Aided Millimeter-Wave OFDM Integrated Sensing and Communication Systems,2026,IEEE Transactions on Microwave Theory and Techniques,photonic_THz,5,survey_ready,1,RPT-SCR-00974-01 (SCR-00974; primary_source; standalone_primary_report),not_documented
STC-SINGLETON-SCR-00975,RPT-SCR-00975-01,SCR-00975,Radar-Centric Photonic Terahertz Integrated Sensing and Communication System Based on LFM-PSK Waveform,2023,IEEE Transactions on Microwave Theory and Techniques,photonic_THz,5,survey_ready,1,RPT-SCR-00975-01 (SCR-00975; primary_source; standalone_primary_report),not_documented
STC-SINGLETON-SCR-00977,RPT-SCR-00977-01,SCR-00977,Photonics Terahertz Dual-Band Anti-Jamming Integrated Sensing and Communication System Empowered by Permutation Frequency Hopping,2026,Journal of Lightwave Technology,photonic_THz,4,survey_ready,1,RPT-SCR-00977-01 (SCR-00977; primary_source; standalone_primary_report),not_documented
STC-SINGLETON-SCR-00979,RPT-SCR-00979-01,SCR-00979,Demonstration of Integrated Sensing and Communications in an ARoF-Based Radar System Utilizing Pulse Position Modulation,2026,IEEE Access,photonic_THz,6,survey_ready,1,RPT-SCR-00979-01 (SCR-00979; primary_source; standalone_primary_report),not_documented
STC-SINGLETON-SCR-00980,RPT-SCR-00980-01,SCR-00980,Interference Cancellation for Optical Wireless ISAC Based on Optical Phased Array,2025,GLOBECOM 2025 - 2025 IEEE Global Communications Conference,FSO,2,survey_ready,1,RPT-SCR-00980-01 (SCR-00980; primary_source; standalone_primary_report),not_documented
STC-SINGLETON-SCR-00983,RPT-SCR-00983-01,SCR-00983,A Spectrum-Efficient MoF Architecture for Joint Sensing and Communication in B5G Based on Polarization Interleaving and Polarization-Insensitive Filtering,2022,Journal of Lightwave Technology,fiber,4,survey_ready,1,RPT-SCR-00983-01 (SCR-00983; primary_source; standalone_primary_report),not_documented
STC-SINGLETON-SCR-00985,RPT-SCR-00985-01,SCR-00985,Photonic-Based Flexible Integrated Sensing and Communication With Multiple Targets Detection Capability for W-Band Fiber-Wireless Network,2024,IEEE Transactions on Microwave Theory and Techniques,photonic_THz,4,survey_ready,1,RPT-SCR-00985-01 (SCR-00985; primary_source; standalone_primary_report),not_documented
STC-SINGLETON-SCR-00986,RPT-SCR-00986-01,SCR-00986,THz Integrated Sensing and Communication With Full-Photonic Direct LFM Reception and De-Chirping for D-Band Fiber-Wireless Network,2025,IEEE Transactions on Microwave Theory and Techniques,photonic_THz,4,survey_ready_with_claim_restrictions,1,RPT-SCR-00986-01 (SCR-00986; primary_source; standalone_primary_report),not_documented
STC-SINGLETON-SCR-00990,RPT-SCR-00990-01,SCR-00990,Preamble-Free Synchronization Based on Dual-chirp Waveforms for Photonic THz-ISAC,2024,Journal of Lightwave Technology,photonic_THz,5,survey_ready,1,RPT-SCR-00990-01 (SCR-00990; primary_source; standalone_primary_report),not_documented
STC-SINGLETON-SCR-00992,RPT-SCR-00992-01,SCR-00992,Photonic Frequency-Hopped THz ISAC-Enabled by Electro-Optically Tunable Laser,2026,IEEE Photonics Technology Letters,photonic_THz,5,survey_ready,1,RPT-SCR-00992-01 (SCR-00992; primary_source; standalone_primary_report),not_documented
STC-SINGLETON-SCR-00994,RPT-SCR-00994-01,SCR-00994,A Cross-Correlation MUSIC Scheme Based on OFDM for Photonics-Aided W-Band ISAC Systems,2026,IEEE Photonics Technology Letters,photonic_THz,4,survey_ready,1,RPT-SCR-00994-01 (SCR-00994; primary_source; standalone_primary_report),not_documented
STC-SINGLETON-SCR-00996,RPT-SCR-00996-01,SCR-00996,Microwave Photonic Integrated Sensing and Communication Based on Polarization Multiplexing and Frequency-to-Time Mapping,2025,IEEE Internet of Things Journal,photonic_THz,4,survey_ready,1,RPT-SCR-00996-01 (SCR-00996; primary_source; standalone_primary_report),not_documented
STC-SINGLETON-SCR-00998,RPT-SCR-00998-01,SCR-00998,An Orthogonal Time Frequency Space Waveform With W-MUSIC Scheme for Photonic-Aided ISAC System,2026,IEEE Photonics Technology Letters,photonic_THz,4,survey_ready,1,RPT-SCR-00998-01 (SCR-00998; primary_source; standalone_primary_report),not_documented
STC-SINGLETON-SCR-01000,RPT-SCR-01000-01,SCR-01000,Simultaneous Full-Photonic Dechirping and Demodulation THz-ISAC System Based on Thin-Film Lithium Niobate Modulator,2026,Journal of Lightwave Technology,photonic_THz,4,survey_ready,1,RPT-SCR-01000-01 (SCR-01000; primary_source; standalone_primary_report),not_documented
STC-SINGLETON-SCR-01001,RPT-SCR-01001-01,SCR-01001,Movable Access Point-Aided Integrated Visible Light Communication and Sensing Networks,2025,IEEE Wireless Communications Letters,VLC_LiFi,3,survey_ready,1,RPT-SCR-01001-01 (SCR-01001; primary_source; standalone_primary_report),not_documented
STC-SINGLETON-SCR-01004,RPT-SCR-01004-01,SCR-01004,Sliding Window-Based LSTM Scheme for PAM-4 Photonics-Assisted W-Band ISAC Systems,2026,IEEE Photonics Technology Letters,photonic_THz,4,survey_ready_with_claim_restrictions,1,RPT-SCR-01004-01 (SCR-01004; primary_source; standalone_primary_report),not_documented
STC-SINGLETON-SCR-01006,RPT-SCR-01006-01,SCR-01006,Co-Route Fiber Recognition and Status Diagnosis Based on Integrated Sensing and Communication in 6G Transport Networks,2024,IEEE Internet of Things Journal,fiber,6,survey_ready_with_claim_restrictions,1,RPT-SCR-01006-01 (SCR-01006; primary_source; standalone_primary_report),not_documented
STC-SINGLETON-SCR-01008,RPT-SCR-01008-01,SCR-01008,Submarine integrated sensing and communication cable networks enable high-precision earthquake location estimation through linear wavefront theory,2026,Journal of Optical Communications and Networking,fiber,6,survey_ready,1,RPT-SCR-01008-01 (SCR-01008; primary_source; standalone_primary_report),not_documented
STC-SINGLETON-SCR-01009,RPT-SCR-01009-01,SCR-01009,Demonstration of Photonic Sub-THz ISAC System with Real-Time 251.03-Gbps Communication Rate and Offline 2.5-cm Sensing Resolution,2024,2024 22nd International Conference on Optical Communications and Networks (ICOCN),photonic_THz,5,survey_ready,1,RPT-SCR-01009-01 (SCR-01009; primary_source; standalone_primary_report),not_documented
STC-SINGLETON-SCR-01010,RPT-SCR-01010-01,SCR-01010,Photonic Chirp Spread Spectrum THz-ISAC: Constraints and Design Considerations,2026,IEEE Transactions on Microwave Theory and Techniques,photonic_THz,5,survey_ready,1,RPT-SCR-01010-01 (SCR-01010; primary_source; standalone_primary_report),not_documented
STC-SINGLETON-SCR-01011,RPT-SCR-01011-01,SCR-01011,A THz with VLC Assisted ISAC System Under the Impact of Human Blockages,2026,2026 IEEE Wireless Communications and Networking Conference (WCNC),hybrid_optical,3,survey_ready_with_claim_restrictions,1,RPT-SCR-01011-01 (SCR-01011; primary_source; standalone_primary_report),not_documented
STC-SINGLETON-SCR-01012,RPT-SCR-01012-01,SCR-01012,A Sub-THz ISAC System with Simultaneous Real-Time 125.516-Gbps Communication Rate and Offline 10-mm Sensing Resolution Enabled by Photonics,2024,ECOC 2024; 50th European Conference on Optical Communication,photonic_THz,4,survey_ready,1,RPT-SCR-01012-01 (SCR-01012; primary_source; standalone_primary_report),not_documented
STC-SINGLETON-SCR-01018,RPT-SCR-01018-01,SCR-01018,Zero-Padding 2D-DFT Scheme for Photonics-Assisted W-Band Fiber-Wireless ISAC System With Orthogonal Time Frequency Space Modulation,2025,Journal of Lightwave Technology,photonic_THz,4,survey_ready,1,RPT-SCR-01018-01 (SCR-01018; primary_source; standalone_primary_report),not_documented
STC-SINGLETON-SCR-01020,RPT-SCR-01020-01,SCR-01020,Probabilistic Shaping With Bit-Weighted Distribution Matching for Photonics-Assisted mmWave Dual-Functional OFDM ISAC Systems,2026,Journal of Lightwave Technology,photonic_THz,4,survey_ready,1,RPT-SCR-01020-01 (SCR-01020; primary_source; standalone_primary_report),not_documented
STC-SINGLETON-SCR-01021,RPT-SCR-01021-01,SCR-01021,Microalgae Density Measurement Using Quantum-Dot-Integrated Sensing and Communication System,2025,IEEE Transactions on Instrumentation and Measurement,VLC_LiFi,4,survey_ready_with_claim_restrictions,1,RPT-SCR-01021-01 (SCR-01021; primary_source; standalone_primary_report),not_documented
STC-SINGLETON-SCR-01023,RPT-SCR-01023-01,SCR-01023,Passive Sensing Technique Using Cyclic Prefix in Power-Constrained Optical Wireless Communication Systems,2025,IEEE Transactions on Vehicular Technology,FSO,3,survey_ready,1,RPT-SCR-01023-01 (SCR-01023; primary_source; standalone_primary_report),not_documented
STC-SINGLETON-SCR-01024,RPT-SCR-01024-01,SCR-01024,Single-Source Integrated Optical Wireless Positioning and Communication,2026,2026 IEEE 6th International Symposium on Joint Communications & Sensing (JC&S),VLC_LiFi,3,survey_ready_with_claim_restrictions,1,RPT-SCR-01024-01 (SCR-01024; primary_source; standalone_primary_report),not_documented
STC-SINGLETON-SCR-01025,RPT-SCR-01025-01,SCR-01025,"Revolutionizing 6G: Experimental Validation of an Optical Integrated Communication, Sensing, and Power Transfer System",2026,IEEE Journal on Selected Areas in Communications,FSO,4,survey_ready,1,RPT-SCR-01025-01 (SCR-01025; primary_source; standalone_primary_report),not_documented
STC-SINGLETON-SCR-01028,RPT-SCR-01028-01,SCR-01028,"Adaptive Lighting Control in Visible Light Systems: An Integrated Sensing, Communication, and Illumination Framework",2025,2025 11th International Conference on Computer and Communications (ICCC),VLC_LiFi,3,survey_ready,1,RPT-SCR-01028-01 (SCR-01028; primary_source; standalone_primary_report),not_documented
STC-SINGLETON-SCR-01029,RPT-SCR-01029-01,SCR-01029,Experimental Demonstration of Integrated Optical Wireless Sensing and Communication,2024,Journal of Lightwave Technology,FSO,5,survey_ready,1,RPT-SCR-01029-01 (SCR-01029; primary_source; standalone_primary_report),not_documented
STC-SINGLETON-SCR-01030,RPT-SCR-01030-01,SCR-01030,Joint Optimization of Slot Selection and Power Allocation in Integrated Visible Light Communication and Sensing Systems,2023,IEEE Internet of Things Journal,VLC_LiFi,3,survey_ready,1,RPT-SCR-01030-01 (SCR-01030; primary_source; standalone_primary_report),not_documented
STC-SINGLETON-SCR-01032,RPT-SCR-01032-01,SCR-01032,"Flexible Hybrid Waveform Design for Optical Integrated Communication, Sensing, and Power Transfer Systems",2026,Journal of Lightwave Technology,FSO,5,survey_ready,1,RPT-SCR-01032-01 (SCR-01032; primary_source; standalone_primary_report),not_documented
STC-SINGLETON-SCR-01033,RPT-SCR-01033-01,SCR-01033,"Integrated PC-FMCW Automotive Headlamp for Communication, Sensing, and Illumination",2025,2025 Asia Communications and Photonics Conference (ACP),VLC_LiFi,2,survey_ready,1,RPT-SCR-01033-01 (SCR-01033; primary_source; standalone_primary_report),not_documented
STC-SINGLETON-SCR-01034,RPT-SCR-01034-01,SCR-01034,VehicleTalk: Lightweight V2V Network Enabled by Optical Wireless Communication and Sensing,2024,2024 IEEE 99th Vehicular Technology Conference (VTC2024-Spring),VLC_LiFi,5,survey_ready,1,RPT-SCR-01034-01 (SCR-01034; primary_source; standalone_primary_report),not_documented
STC-SINGLETON-SCR-01036,RPT-SCR-01036-01,SCR-01036,ReflexGest: Recognizing Hand Gestures Under VLC-Capable Lamps,2025,IEEE Transactions on Mobile Computing,VLC_LiFi,5,survey_ready,1,RPT-SCR-01036-01 (SCR-01036; primary_source; standalone_primary_report),not_documented
STC-SINGLETON-SCR-01040,RPT-SCR-01040-01,SCR-01040,A Novel Comb Based Multi-Function Architecture for ISAC System,2026,Journal of Lightwave Technology,photonic_THz,4,survey_ready,1,RPT-SCR-01040-01 (SCR-01040; primary_source; standalone_primary_report),not_documented
STC-SINGLETON-SCR-01041,RPT-SCR-01041-01,SCR-01041,Photonics-based Terahertz Integrated Communication and Localization for D-band,2024,"2024 49th International Conference on Infrared, Millimeter, and Terahertz Waves (IRMMW-THz)",photonic_THz,4,survey_ready,1,RPT-SCR-01041-01 (SCR-01041; primary_source; standalone_primary_report),not_documented
STC-SINGLETON-SCR-01045,RPT-SCR-01045-01,SCR-01045,Secure Multi-Tenant Distributed Sensing for ISAC-Over-Fiber (IOSAC) Networks,2026,IEEE Access,fiber,3,survey_ready_with_claim_restrictions,1,RPT-SCR-01045-01 (SCR-01045; primary_source; standalone_primary_report),not_documented
STC-SINGLETON-SCR-01047,RPT-SCR-01047-01,SCR-01047,Indoor Health Monitoring with VLC-based Passive Posture Monitoring,2024,2024 Photonics & Electromagnetics Research Symposium (PIERS),VLC_LiFi,4,survey_ready,1,RPT-SCR-01047-01 (SCR-01047; primary_source; standalone_primary_report),not_documented
STC-SINGLETON-SCR-01049,RPT-SCR-01049-01,SCR-01049,Optical Transport Networks Supporting Integrated Communications and Sensing in 6G,2025,2025 European Conference on Optical Communications (ECOC),fiber,3,survey_ready,1,RPT-SCR-01049-01 (SCR-01049; primary_source; standalone_primary_report),not_documented
STC-SINGLETON-SCR-01050,RPT-SCR-01050-01,SCR-01050,Hybrid MRR-Assisted Long-Range SDMA for RO-ISAC Systems in Industry IoT Applications,2026,Journal of Lightwave Technology,FSO,4,survey_ready,1,RPT-SCR-01050-01 (SCR-01050; primary_source; standalone_primary_report),not_documented
STC-SINGLETON-SCR-01059,RPT-SCR-01059-01,SCR-01059,Joint Task Offloading and Resource Allocation for Integrated VLC and Sensing in Digital Twin-Aided Vehicular Edge Computing Networks,2025,IEEE Transactions on Vehicular Technology,VLC_LiFi,3,survey_ready,1,RPT-SCR-01059-01 (SCR-01059; primary_source; standalone_primary_report),not_documented
STC-SINGLETON-SCR-01060,RPT-SCR-01060-01,SCR-01060,An Information Interaction Method for Autonomous Train Operation Protection Based on Detection and Communication Integrated Microwave Photonic Radar,2026,IEEE Transactions on Instrumentation and Measurement,photonic_THz,4,survey_ready,1,RPT-SCR-01060-01 (SCR-01060; primary_source; standalone_primary_report),not_documented
STC-SINGLETON-SCR-01070,RPT-SCR-01070-01,SCR-01070,Integrated 1-Tb/s/λ Coherent Optical Transmission and Forward Vibration Sensing Using DFB Lasers with Combined Linewidth of 21.4 MHz,2025,2025 Asia Communications and Photonics Conference (ACP),fiber,4,survey_ready,1,RPT-SCR-01070-01 (SCR-01070; primary_source; standalone_primary_report),not_documented
STC-SINGLETON-SCR-01071,RPT-SCR-01071-01,SCR-01071,Long-Distance Integrated Forward Vibration Sensing and Terabit Optical Communication with 12.5-MHz DFB Laser via Phase Noise Separation,2026,2026 Optical Fiber Communications Conference and Exhibition (OFC),fiber,4,survey_ready,1,RPT-SCR-01071-01 (SCR-01071; primary_source; standalone_primary_report),not_documented
STC-SINGLETON-SCR-01072,RPT-SCR-01072-01,SCR-01072,Accurate vibration recognition enabled by synergistic sensing based on both phase and SOP for stable IM-DD optical interconnects,2026,Journal of Optical Communications and Networking,fiber,4,survey_ready,1,RPT-SCR-01072-01 (SCR-01072; primary_source; standalone_primary_report),not_documented
STC-SINGLETON-SCR-01073,RPT-SCR-01073-01,SCR-01073,"Photonics-Assisted System for Joint Radar Ranging, Wireless Communications, and Spectrum Sensing",2026,Journal of Lightwave Technology,photonic_THz,4,survey_ready,1,RPT-SCR-01073-01 (SCR-01073; primary_source; standalone_primary_report),not_documented
STC-SINGLETON-SCR-01079,RPT-SCR-01079-01,SCR-01079,Sensing as a Service: Can In-Band Distributed Fiber Optic Sensing Coexist With Coherent Metro DWDM Communication Network?,2026,Journal of Lightwave Technology,fiber,4,survey_ready,1,RPT-SCR-01079-01 (SCR-01079; primary_source; standalone_primary_report),not_documented
STC-SINGLETON-SCR-01081,RPT-SCR-01081-01,SCR-01081,Visible Light Integrated Positioning and Communication: A Multi-Task Federated Learning Framework,2023,IEEE Transactions on Mobile Computing,VLC_LiFi,2,survey_ready,1,RPT-SCR-01081-01 (SCR-01081; primary_source; standalone_primary_report),not_documented
STC-SINGLETON-SCR-01085,RPT-SCR-01085-01,SCR-01085,Turbulence-Resilient Communication through Beam Shaping Enabled by Multi-Region Turbulence Intensity Sensing,2025,2025 Asia Communications and Photonics Conference (ACP),FSO,4,survey_ready,1,RPT-SCR-01085-01 (SCR-01085; primary_source; standalone_primary_report),not_documented
STC-SINGLETON-SCR-01086,RPT-SCR-01086-01,SCR-01086,Simultaneous distributed sensing and communication enabled by space and wavelength division multiplexing in a field-deployed seven-core fiber,2026,Journal of Optical Communications and Networking,fiber,6,survey_ready,1,RPT-SCR-01086-01 (SCR-01086; primary_source; standalone_primary_report),not_documented
STC-SINGLETON-SCR-01088,RPT-SCR-01088-01,SCR-01088,Picosecond-Level Round-Trip Delay Measurement Scheme Based on Non-Commensurate Sampling for Future Deterministic Passive Optical Networks,2026,Journal of Lightwave Technology,fiber,4,survey_ready,1,RPT-SCR-01088-01 (SCR-01088; primary_source; standalone_primary_report),not_documented
STC-SINGLETON-SCR-01093,RPT-SCR-01093-01,SCR-01093,Coexistence of Distributed Sensing and Ultra-Simple Coherent RoF Based Front-Haul for Radio Access Network,2025,Journal of Lightwave Technology,photonic_THz,4,survey_ready,1,RPT-SCR-01093-01 (SCR-01093; primary_source; standalone_primary_report),not_documented
STC-SINGLETON-SCR-01095,RPT-SCR-01095-01,SCR-01095,Advanced Integration of Sensing and Communication With High DSP Compatibility for SMART Network,2025,IEEE Photonics Technology Letters,fiber,4,survey_ready,1,RPT-SCR-01095-01 (SCR-01095; primary_source; standalone_primary_report),not_documented
STC-SINGLETON-SCR-01101,RPT-SCR-01101-01,SCR-01101,Integrated Communication and Radar Detection Based-on Single Modulator at W-Band,2024,2024 7th International Conference on Information Communication and Signal Processing (ICICSP),photonic_THz,4,survey_ready,1,RPT-SCR-01101-01 (SCR-01101; primary_source; standalone_primary_report),not_documented
STC-SINGLETON-SCR-01103,RPT-SCR-01103-01,SCR-01103,Vibration Localization under Unidirectional Single-Channel Transmission Conditions in the DSCM Systems Based on Non-Reciprocity,2025,2025 Asia Communications and Photonics Conference (ACP),fiber,2,survey_ready,1,RPT-SCR-01103-01 (SCR-01103; primary_source; standalone_primary_report),not_documented
STC-SINGLETON-SCR-01105,RPT-SCR-01105-01,SCR-01105,Integrated secure communication and sensing based on simultaneous chaotic encryption and vibration detection with an RE-LFM signal,2026,Journal of Optical Communications and Networking,fiber,4,survey_ready,1,RPT-SCR-01105-01 (SCR-01105; primary_source; standalone_primary_report),not_documented
STC-SINGLETON-SCR-01151,RPT-SCR-01151-01,SCR-01151,Photonic Millimeter-Wave Joint Radar Communication System Using Spectrum-Spreading Phase-Coding,2022,IEEE Transactions on Microwave Theory and Techniques,photonic_THz,4,survey_ready,1,RPT-SCR-01151-01 (SCR-01151; primary_source; standalone_primary_report),not_documented
STC-SINGLETON-SCR-01152,RPT-SCR-01152-01,SCR-01152,On-Chip Photonic MMW Joint Communication and Radar System,2023,2023 International Topical Meeting on Microwave Photonics (MWP),photonic_THz,4,survey_ready,1,RPT-SCR-01152-01 (SCR-01152; primary_source; standalone_primary_report),not_documented
STC-SINGLETON-SCR-01153,RPT-SCR-01153-01,SCR-01153,Photonic-Assisted Joint Radar and Communication System Using Overlapped Spectrum for High-Resolution Ranging and High-Speed Data Transmission,2025,IEEE Transactions on Microwave Theory and Techniques,photonic_THz,4,survey_ready,1,RPT-SCR-01153-01 (SCR-01153; primary_source; standalone_primary_report),not_documented
STC-SINGLETON-SCR-01165,RPT-SCR-01165-01,SCR-01165,Joint radar and communication system based on a chaotic optoelectronic oscillator,2024,Optics Communications,photonic_THz,4,survey_ready,1,RPT-SCR-01165-01 (SCR-01165; primary_source; standalone_primary_report),not_documented
STC-SINGLETON-SCR-01180,RPT-SCR-01180-01,SCR-01180,Optical fiber communication and distributed multi-parameter sensing integrated network for smart power grid applications,2026,Science China Information Sciences,fiber,6,survey_ready,1,RPT-SCR-01180-01 (SCR-01180; primary_source; standalone_primary_report),not_documented
STC-SINGLETON-SCR-01188,RPT-SCR-01188-01,SCR-01188,Seamless integration of distributed acoustic sensing and passive optical networks for human intrusion monitoring,2026,Communications Engineering,fiber,6,survey_ready,1,RPT-SCR-01188-01 (SCR-01188; primary_source; standalone_primary_report),not_documented
STC-SINGLETON-SCR-01229,RPT-SCR-01229-01,SCR-01229,Photonic generation of frequency agile LFM signals for ISAC systems,2024,Optical and Quantum Electronics,hybrid_optical,4,survey_ready,1,RPT-SCR-01229-01 (SCR-01229; primary_source; standalone_primary_report),not_documented
STC-SUBCARRIER-CHIRP-DBAND-2025,RPT-SCR-00981-01,SCR-00981,Photonics-Aided THz Integrated Sensing and Communication System Based on a Subcarrier-Chirp Inter-Embedded Waveform,2025,IEEE Open Journal of the Communications Society,photonic_THz,4,survey_ready,2,RPT-SCR-00981-01 (SCR-00981; primary_source; journal_version); RPT-SCR-01017-01 (SCR-01017; supplementary_source; conference_version),not_documented
STC-SUBMARINE-CABLE-DAS-HUIZHOU-2022-2026,RPT-SCR-00957-01,SCR-00957,Photonic Integrated Sensing and Communication System Harnessing Submarine Fiber Optic Cables for Coastal Event Monitoring,2022,IEEE Communications Magazine,fiber,6,survey_ready,1,RPT-SCR-00957-01 (SCR-00957; primary_source; companion_report),not_documented
STC-TUNABLE-LASER-THZ-FMCW-2025-2026,RPT-SCR-00083-01,SCR-00083,Terahertz ISAC with Simultaneous Fast-Swept FMCW Radar and High-Speed Wireless Link Using a Single UTC-PD,2026,Electronics (Switzerland),photonic_THz,4,survey_ready,2,RPT-SCR-00083-01 (SCR-00083; primary_source; canonical_journal_report); RPT-SCR-00553-01 (SCR-00553; supplementary_source; conference_companion_report),not_documented
STC-WBAND-POLARIZATION-JRC-2023-2025,RPT-SCR-01075-01,SCR-01075,Integration of Sensing and Communication in a W-Band Fiber-Wireless Link Enabled by Electromagnetic Polarization Multiplexing,2023,Journal of Lightwave Technology,photonic_THz,4,survey_ready,2,RPT-SCR-01075-01 (SCR-01075; primary_source; journal_version); RPT-SCR-00886-01 (SCR-00886; supplementary_source; conference_version),not_documented
STC-WBAND-TFDM-DONG-2022-2024,RPT-SCR-00966-01,SCR-00966,Photonic-Based W-Band Integrated Sensing and Communication System With Flexible Time- Frequency Division Multiplexed Waveforms for Fiber-Wireless Network,2024,Journal of Lightwave Technology,photonic_THz,4,survey_ready_with_claim_restrictions,3,RPT-SCR-00966-01 (SCR-00966; primary_source; journal_version); RPT-SCR-00731-01 (SCR-00731; supplementary_source; conference_version); RPT-SCR-00784-01 (SCR-00784; supplementary_source; companion_report),not_documented
