paper_id,has_R,has_B,has_DRMIN,has_DZ,has_CRB,has_OSNR,has_ESNR,resolution_defensibility,evidence_count_total,evidence_count_resolution,risk_flags
O_ISAC_001,0,1,0,0,0,0,0,AMBIGUOUS,1,0,
O_ISAC_002,1,0,0,0,1,0,0,AMBIGUOUS,5,0,
O_ISAC_003,0,1,0,0,0,0,0,AMBIGUOUS,1,0,
O_ISAC_004,1,1,0,0,0,0,0,REJECT,3,0,
O_ISAC_005,0,1,0,0,0,0,0,REJECT,2,0,
O_ISAC_006,1,1,0,1,0,0,0,DZ_DEFENSIBLE,28,25,
O_ISAC_008,1,1,0,0,0,0,0,AMBIGUOUS,3,0,
O_ISAC_009,1,1,0,0,0,0,0,AMBIGUOUS,15,0,
O_ISAC_010,1,1,0,0,0,0,0,REJECT,9,0,
O_ISAC_011,0,0,0,0,0,0,0,AMBIGUOUS,3,0,
O_ISAC_012,1,1,0,0,0,0,0,AMBIGUOUS,6,0,
O_ISAC_013,0,1,0,1,0,0,0,DZ_DEFENSIBLE,69,68,
O_ISAC_014,1,0,0,0,0,0,0,REJECT,1,0,
O_ISAC_015,1,0,0,0,0,0,0,REJECT,1,0,
O_ISAC_016,1,1,0,0,0,0,0,AMBIGUOUS,9,0,
O_ISAC_017,1,0,0,0,0,0,0,REJECT,1,0,
O_ISAC_018,0,1,0,1,0,0,0,DZ_DEFENSIBLE,19,17,
O_ISAC_019,0,1,0,0,0,0,0,AMBIGUOUS,4,0,
O_ISAC_020,0,1,0,0,0,0,0,AMBIGUOUS,1,0,
O_ISAC_021,1,1,0,0,1,0,0,AMBIGUOUS,7,0,
O_ISAC_022,1,1,0,0,0,0,0,AMBIGUOUS,6,0,
O_ISAC_023,0,1,0,0,1,0,1,REJECT,15,0,ESNR_only;unit_missing
O_ISAC_024,1,1,0,1,0,0,0,DZ_DEFENSIBLE,42,40,
O_ISAC_025,0,1,0,0,0,0,0,REJECT,1,0,
O_ISAC_026,1,1,1,0,0,0,0,DRMIN_DEFENSIBLE,18,11,
O_ISAC_028,1,0,0,0,0,1,0,REJECT,13,0,OSNR_only;unit_missing
O_ISAC_029,1,1,0,0,0,1,0,AMBIGUOUS,17,0,OSNR_only;unit_missing
O_ISAC_030,1,0,0,0,0,0,0,REJECT,2,0,
O_ISAC_031,0,1,0,0,0,0,0,REJECT,1,0,
O_ISAC_032,0,0,0,0,0,0,0,AMBIGUOUS,0,0,
O_ISAC_033,0,0,0,1,0,0,0,DZ_DEFENSIBLE,27,27,
O_ISAC_034,0,0,1,0,1,0,0,DRMIN_DEFENSIBLE,16,11,unit_missing
O_ISAC_035,1,1,0,0,0,0,0,AMBIGUOUS,8,0,
O_ISAC_036,1,0,0,0,0,0,0,AMBIGUOUS,2,0,
O_ISAC_038,0,1,0,1,0,0,0,DZ_DEFENSIBLE,25,24,
O_ISAC_039,0,1,0,0,1,0,0,REJECT,14,0,unit_missing
O_ISAC_040,0,0,0,0,0,0,0,REJECT,2,0,
O_ISAC_041,0,0,0,1,0,0,0,DZ_DEFENSIBLE,17,17,
O_ISAC_042,0,0,0,1,0,0,0,DZ_DEFENSIBLE,34,34,
O_ISAC_043,1,1,1,0,0,0,0,DRMIN_DEFENSIBLE,14,11,
O_ISAC_044,1,1,1,0,0,0,0,DRMIN_DEFENSIBLE,18,11,
O_ISAC_046,0,1,0,1,0,0,0,DZ_DEFENSIBLE,19,17,
O_ISAC_047,1,1,0,0,0,0,0,AMBIGUOUS,6,0,
O_ISAC_048,0,0,0,0,1,0,0,REJECT,6,0,unit_missing
O_ISAC_050,0,0,0,0,1,0,0,AMBIGUOUS,3,0,
O_ISAC_051,1,1,0,0,0,0,0,AMBIGUOUS,4,0,
O_ISAC_052,1,1,0,0,1,0,0,REJECT,6,0,
O_ISAC_055,0,1,0,0,1,0,0,AMBIGUOUS,8,0,unit_missing
O_ISAC_056,0,0,0,0,1,1,0,AMBIGUOUS,18,0,OSNR_only;unit_missing
O_ISAC_057,1,1,0,0,0,0,0,AMBIGUOUS,6,0,
O_ISAC_058,1,1,0,0,0,0,0,AMBIGUOUS,6,0,
O_ISAC_060,0,0,0,0,0,0,0,AMBIGUOUS,0,0,
O_ISAC_061,0,0,0,0,1,0,1,AMBIGUOUS,6,0,ESNR_only;unit_missing
O_ISAC_062,0,0,0,0,1,0,0,AMBIGUOUS,31,0,unit_missing
O_ISAC_063,0,1,0,0,0,0,0,AMBIGUOUS,10,0,
O_ISAC_065,1,1,0,0,0,0,0,AMBIGUOUS,9,0,
O_ISAC_066,1,0,0,0,0,0,0,REJECT,2,0,
O_ISAC_067,0,1,0,0,0,0,0,AMBIGUOUS,1,0,
O_ISAC_068,0,0,0,0,0,0,0,AMBIGUOUS,0,0,
O_ISAC_070,1,0,0,0,1,0,0,AMBIGUOUS,6,0,
O_ISAC_071,1,1,0,0,0,0,0,REJECT,6,0,
O_ISAC_073,0,1,0,0,0,0,0,REJECT,1,0,
O_ISAC_074,0,1,0,1,0,0,0,DZ_DEFENSIBLE,44,42,
O_ISAC_075,1,1,0,0,0,0,0,REJECT,4,0,
O_ISAC_076,0,1,0,0,0,1,0,AMBIGUOUS,5,0,OSNR_only;unit_missing
O_ISAC_077,1,1,0,0,0,0,0,AMBIGUOUS,6,0,
O_ISAC_078,1,1,0,0,0,0,0,REJECT,29,0,
O_ISAC_079,1,1,0,1,0,0,0,DZ_DEFENSIBLE,47,43,
O_ISAC_080,1,1,0,0,0,1,0,REJECT,22,0,OSNR_only;unit_missing
O_ISAC_081,0,1,0,0,0,0,0,AMBIGUOUS,2,0,
O_ISAC_082,0,1,0,1,0,0,0,DZ_DEFENSIBLE,24,17,
O_ISAC_083,1,1,0,0,0,0,0,REJECT,8,0,
O_ISAC_084,1,0,0,0,0,0,0,REJECT,3,0,
O_ISAC_085,0,0,0,0,0,1,0,REJECT,1,0,OSNR_only;unit_missing
O_ISAC_086,1,1,0,0,0,0,0,AMBIGUOUS,14,0,
O_ISAC_088,0,0,0,0,0,0,0,AMBIGUOUS,0,0,
O_ISAC_089,1,0,0,0,0,0,0,REJECT,4,0,
O_ISAC_090,1,1,0,0,0,0,0,AMBIGUOUS,22,0,
O_ISAC_091,0,0,0,0,0,0,0,AMBIGUOUS,0,0,
O_ISAC_093,0,0,0,0,0,0,0,AMBIGUOUS,0,0,
O_ISAC_095,1,1,0,0,0,0,0,AMBIGUOUS,3,0,
O_ISAC_096,1,1,0,0,0,0,0,AMBIGUOUS,4,0,
O_ISAC_097,1,1,0,0,0,0,0,AMBIGUOUS,17,0,
O_ISAC_099,0,0,0,0,0,0,0,REJECT,2,0,
O_ISAC_100,1,0,0,0,1,0,1,AMBIGUOUS,11,0,ESNR_only;unit_missing
O_ISAC_102,0,0,0,0,0,0,0,AMBIGUOUS,0,0,
O_ISAC_105,1,1,1,0,0,0,0,DRMIN_DEFENSIBLE,25,11,
O_ISAC_107,1,1,0,0,0,0,0,AMBIGUOUS,16,0,
O_ISAC_109,0,0,0,0,0,0,0,AMBIGUOUS,0,0,
O_ISAC_111,1,1,0,1,0,0,0,DZ_DEFENSIBLE,10,2,
O_ISAC_113,0,1,0,0,0,0,0,AMBIGUOUS,1,0,
O_ISAC_114,1,1,0,0,0,0,0,AMBIGUOUS,10,0,
O_ISAC_115,0,1,0,0,0,0,0,AMBIGUOUS,1,0,
O_ISAC_116,1,1,0,0,0,0,0,REJECT,10,0,
O_ISAC_117,1,1,0,0,0,0,0,AMBIGUOUS,3,0,
O_ISAC_118,0,1,0,0,0,0,0,AMBIGUOUS,2,0,
O_ISAC_119,1,1,0,1,0,0,0,DZ_DEFENSIBLE,36,20,
O_ISAC_120,1,1,0,0,0,0,0,AMBIGUOUS,8,0,
O_ISAC_121,0,1,0,0,0,0,0,AMBIGUOUS,2,0,
O_ISAC_122,0,1,0,0,0,0,0,AMBIGUOUS,1,0,
O_ISAC_124,0,1,0,0,1,0,0,AMBIGUOUS,8,0,
O_ISAC_125,0,1,0,0,0,0,0,AMBIGUOUS,5,0,
O_ISAC_127,1,0,0,0,0,0,0,AMBIGUOUS,15,0,
O_ISAC_128,0,1,0,1,0,0,0,DZ_DEFENSIBLE,20,17,
O_ISAC_129,1,0,0,0,0,0,0,AMBIGUOUS,3,0,
O_ISAC_130,0,1,0,0,0,0,0,REJECT,3,0,
O_ISAC_132,1,1,0,0,0,1,0,AMBIGUOUS,62,0,OSNR_only;unit_missing
O_ISAC_133,0,0,0,0,1,0,0,AMBIGUOUS,11,0,unit_missing
O_ISAC_134,0,1,1,0,0,0,0,DRMIN_DEFENSIBLE,12,11,
O_ISAC_135,0,0,0,0,0,0,0,AMBIGUOUS,0,0,
O_ISAC_136,0,1,0,0,0,0,0,AMBIGUOUS,3,0,
O_ISAC_137,1,0,0,0,0,0,0,REJECT,1,0,
O_ISAC_138,0,0,0,0,0,0,0,AMBIGUOUS,0,0,
O_ISAC_139,0,0,0,0,0,0,0,REJECT,1,0,
O_ISAC_140,0,0,0,0,0,0,0,AMBIGUOUS,0,0,
O_ISAC_141,1,1,0,0,0,0,0,REJECT,2,0,
O_ISAC_142,1,0,0,0,0,0,0,AMBIGUOUS,1,0,
O_ISAC_143,1,0,0,0,0,0,0,REJECT,2,0,
O_ISAC_146,0,1,0,0,0,0,0,REJECT,1,0,
O_ISAC_148,0,0,0,0,0,0,0,AMBIGUOUS,0,0,
O_ISAC_150,1,1,0,0,0,0,0,AMBIGUOUS,6,0,
O_ISAC_151,0,0,0,0,0,0,0,AMBIGUOUS,0,0,
O_ISAC_152,1,1,0,0,0,0,0,AMBIGUOUS,8,0,
O_ISAC_153,0,0,0,0,0,0,0,AMBIGUOUS,0,0,
O_ISAC_154,0,0,0,0,0,0,0,AMBIGUOUS,0,0,
O_ISAC_155,1,0,0,0,0,0,0,AMBIGUOUS,1,0,
O_ISAC_156,0,0,0,0,0,0,0,AMBIGUOUS,0,0,
O_ISAC_157,0,0,0,0,0,0,0,AMBIGUOUS,0,0,
O_ISAC_158,0,0,0,0,0,0,0,AMBIGUOUS,0,0,
O_ISAC_159,1,1,0,0,0,0,0,AMBIGUOUS,8,0,
O_ISAC_160,0,0,0,0,0,0,0,AMBIGUOUS,0,0,
O_ISAC_161,1,0,0,0,0,0,0,AMBIGUOUS,1,0,
O_ISAC_162,0,1,0,0,0,0,0,AMBIGUOUS,2,0,
O_ISAC_163,1,1,0,0,0,0,0,AMBIGUOUS,10,0,
O_ISAC_164,0,1,0,0,0,0,0,AMBIGUOUS,1,0,
O_ISAC_165,0,1,0,0,0,0,0,REJECT,2,0,
O_ISAC_166,0,1,0,0,0,0,0,AMBIGUOUS,1,0,
O_ISAC_167,0,1,0,1,0,0,0,DZ_DEFENSIBLE,70,67,
O_ISAC_171,1,1,0,1,0,0,0,DZ_DEFENSIBLE,12,1,
O_ISAC_172,1,1,0,1,0,0,0,DZ_DEFENSIBLE,54,46,
O_ISAC_173,1,0,0,0,0,0,0,AMBIGUOUS,2,0,
O_ISAC_185,1,1,0,0,0,0,0,AMBIGUOUS,9,0,
O_ISAC_186,1,1,0,0,0,0,0,AMBIGUOUS,14,0,
O_ISAC_187,1,1,0,0,0,0,0,AMBIGUOUS,17,0,
O_ISAC_188,1,1,0,1,0,0,0,DZ_DEFENSIBLE,72,63,
O_ISAC_189,0,1,0,0,0,0,0,AMBIGUOUS,7,0,
O_ISAC_190,1,1,0,1,0,0,0,DZ_DEFENSIBLE,61,52,
O_ISAC_195,1,1,0,0,0,0,0,AMBIGUOUS,9,0,
O_ISAC_199,1,0,0,0,0,0,0,REJECT,9,0,
O_ISAC_200,1,1,0,0,0,0,0,AMBIGUOUS,3,0,
O_ISAC_202,1,0,0,0,0,0,0,AMBIGUOUS,2,0,
O_ISAC_203,1,1,0,0,0,0,0,REJECT,2,0,
O_ISAC_206,1,0,0,0,1,0,0,AMBIGUOUS,15,0,unit_missing
O_ISAC_218,0,1,0,0,0,0,0,AMBIGUOUS,8,0,
O_ISAC_219,1,0,0,0,0,0,0,REJECT,8,0,
O_ISAC_220,0,1,0,0,0,0,0,AMBIGUOUS,3,0,
O_ISAC_237,0,1,0,0,0,0,0,AMBIGUOUS,4,0,
O_ISAC_241,1,1,0,0,0,0,0,AMBIGUOUS,8,0,
O_ISAC_242,1,1,0,0,0,0,0,AMBIGUOUS,4,0,
O_ISAC_245,0,0,0,0,1,0,0,AMBIGUOUS,1,0,
O_ISAC_259,0,1,1,0,0,0,0,DRMIN_DEFENSIBLE,12,11,
O_ISAC_272,0,1,0,0,0,0,0,AMBIGUOUS,1,0,
O_ISAC_276,0,0,0,0,0,0,0,AMBIGUOUS,0,0,
O_ISAC_280,1,1,0,0,0,0,0,AMBIGUOUS,6,0,
O_ISAC_283,0,1,0,0,0,0,1,AMBIGUOUS,18,0,ESNR_only
O_ISAC_286,1,1,0,0,0,0,0,AMBIGUOUS,7,0,
O_ISAC_288,1,1,0,0,0,0,0,AMBIGUOUS,4,0,
O_ISAC_291,1,0,0,0,0,0,0,REJECT,2,0,
O_ISAC_300,1,1,0,0,0,1,0,AMBIGUOUS,14,0,OSNR_only;unit_missing
O_ISAC_301,1,1,0,0,0,0,0,AMBIGUOUS,9,0,
O_ISAC_303,1,1,0,0,1,0,0,REJECT,19,0,
O_ISAC_304,0,1,0,0,0,0,0,AMBIGUOUS,8,0,
O_ISAC_310,1,1,0,0,0,0,0,AMBIGUOUS,17,0,
O_ISAC_324,1,1,0,1,0,0,0,DZ_DEFENSIBLE,40,35,
O_ISAC_327,1,1,0,0,0,0,0,REJECT,4,0,
O_ISAC_340,1,0,0,0,0,0,0,AMBIGUOUS,14,0,
O_ISAC_347,1,1,0,0,0,0,0,REJECT,5,0,
O_ISAC_348,1,1,0,1,0,1,0,DZ_DEFENSIBLE,83,58,OSNR_only;unit_missing
O_ISAC_349,1,1,0,0,1,0,0,AMBIGUOUS,30,0,
O_ISAC_350,1,1,0,0,0,0,0,REJECT,11,0,
O_ISAC_351,1,1,0,0,0,0,0,AMBIGUOUS,4,0,
O_ISAC_354,1,1,0,0,0,0,0,REJECT,7,0,
O_ISAC_356,1,1,1,0,0,0,0,DRMIN_DEFENSIBLE,20,11,
O_ISAC_360,1,0,0,0,0,0,0,REJECT,4,0,
O_ISAC_371,1,0,0,0,0,0,0,REJECT,1,0,
O_ISAC_377,1,1,0,1,0,0,0,DZ_DEFENSIBLE,9,1,
O_ISAC_379,1,1,0,0,0,0,1,AMBIGUOUS,9,0,ESNR_only;unit_missing
O_ISAC_381,1,0,0,0,0,0,0,AMBIGUOUS,2,0,
O_ISAC_388,1,0,0,0,0,0,0,REJECT,7,0,
