paper_id,category,model,status,evidence,full_reasoning
O_ISAC_005,Atmospheric,Beer-Lambert,ADOPTED,The attenuation coefficient vartheta is determined based on the Beer-Lambert law.,I checked Section II where the system model is defined. The authors explicitly define the FSO channel gain using the Beer-Lambert law (Equation 2) and the path loss for LoS and NLoS links (Equation 5).
O_ISAC_005,Atmospheric,Beer-Lambert,ADOPTED,The attenuation coefficient $\vartheta$ is determined based on the Beer-Lambert law.,"I checked Section II where the authors define their system model. They explicitly use the Beer-Lambert law for atmospheric attenuation and provide an equation for the average gain $g_0$ that accounts for geometric loss and atmospheric channel gain $h_0$. The FSO channel capacity model is also defined. For the UAV-user communication, they use a probability of LoS link and path loss expressions. However, no specific turbulence or pointing error models are defined in the system model section, except for the use of an advanced PAT method to correct pointing errors and the consideration of fog effects."
O_ISAC_022,Multipath/Indoor,Lambertian,ADOPTED,The order of Lambertian emission of the i-th light source is related to its semi-angle at half-power.,"I checked Section II where the authors define their system model. The authors explicitly use the Lambertian model for the radiation pattern of the LED light sources, which is a type of Multipath/Indoor channel model. Additionally, they use a Line-Of-Sight (LOS) optical wireless channel impulse response, which is also related to Multipath/Indoor channel models. No specific models for Atmospheric, Turbulence, or Pointing error channels are mentioned."
O_ISAC_022,Multipath/Indoor,Line-Of-Sight (LOS),ADOPTED,"The NLOS component is not taken into account, so that h(t) = h_LOS,i(t).","I checked Section II where the authors define their system model. The authors explicitly use the Lambertian model for the radiation pattern of the LED light sources, which is a type of Multipath/Indoor channel model. Additionally, they use a Line-Of-Sight (LOS) optical wireless channel impulse response, which is also related to Multipath/Indoor channel models. No specific models for Atmospheric, Turbulence, or Pointing error channels are mentioned."
O_ISAC_022,Multipath/Indoor,Line-of-Sight (LOS),ADOPTED,"The channel impulse response is composed of a line-of-sight (LOS) component hLOS,i(t) coming from the direct path between the AP and the UE (Equation (4)).","I checked Section II where the authors define their system model. The channel model is described in Section II-D, The Optical Wireless Channel, where the authors use the commonly used OWC channel model. The impulse response of the optical wireless channel is given by Equation (4), which is a Dirac function representing the line-of-sight (LOS) component. The LOS impulse response is further modeled in Equation (5), which depends on the link geometry. The channel model does not explicitly mention any specific probability distribution or path loss model from the target categories."
O_ISAC_023,Turbulence,Log-Normal,ADOPTED,The log-normal distribution is adopted to model the FSO turbulent channel under weak atmospheric turbulence (Eq 14),"I checked Section II. The authors explicitly define the channel model using the log-normal distribution for FSO turbulent channels under weak atmospheric turbulence (Eq 14) and the Beer-Lambert law for atmospheric attenuation (Eq 16). They also mention the geometric loss (Eq 17) and the pointing error, but do not provide a specific model for it."
O_ISAC_023,Atmospheric,Beer-Lambert,ADOPTED,"The atmospheric attenuation arises from the absorption and scattering of fog, haze, and heavy rain, and an empirical formula to calculate the attenuation in dB scale is given by (Eq 16)","I checked Section II. The authors explicitly define the channel model using the log-normal distribution for FSO turbulent channels under weak atmospheric turbulence (Eq 14) and the Beer-Lambert law for atmospheric attenuation (Eq 16). They also mention the geometric loss (Eq 17) and the pointing error, but do not provide a specific model for it."
O_ISAC_023,Turbulence,Log-Normal,ADOPTED,"The log-normal distribution is adopted to model the FSO turbulent channel under weak atmospheric turbulence, and the stochastic scintillation term L_t(D) follows the distribution of p(L_t; D) = 1/(L_t sqrt(2*pi*sigma_t^2)) * exp(-1/(2*sigma_t^2) * (ln(L_t/L_t_bar + sigma_t^2/2))^2)","I checked Section II where the authors define their system model and channel model. They explicitly define the channel gain for a communication link as H_c = G_c H(D) and the channel gain for sensing as H_s = G_s Re H(2D). The atmospheric-propagation term H(D) is further decomposed into atmospheric attenuation L_a(D), turbulence L_t(D), and geometric loss L_g(D). The turbulence L_t(D) is modeled using a log-normal distribution."
O_ISAC_023,Atmospheric,Empirical Formula,ADOPTED,"The atmospheric attenuation arises from the absorption and scattering of fog, haze, and heavy rain, and an empirical formula to calculate the attenuation in dB scale is given by L_alpha(D) = alpha * V^beta * D","I checked Section II where the authors define their system model and channel model. They explicitly define the channel gain for a communication link as H_c = G_c H(D) and the channel gain for sensing as H_s = G_s Re H(2D). The atmospheric-propagation term H(D) is further decomposed into atmospheric attenuation L_a(D), turbulence L_t(D), and geometric loss L_g(D). The turbulence L_t(D) is modeled using a log-normal distribution."
O_ISAC_015,Multipath/Indoor,Lambertian,ADOPTED,"The LOS channel gain is modeled by equation (2), which is based on the Lambertian model.","I checked Section II where the authors define their system model. The channel gain model is given by equation (2), which is based on the Lambertian model. The incidence angle is affected by device orientation, modeled using a truncated Laplace distribution for the polar angle and a uniform distribution for the azimuth angle."
O_ISAC_015,Multipath/Indoor,Lambertian,ADOPTED,"The LOS channel gain is modeled by Equation (2), which is based on the Lambertian distribution.","I checked Section II where the authors define their system model. The channel model is explicitly defined in Equation (2) which follows a Lambertian distribution for the LOS channel gain. Additionally, the incidence angle is affected by device orientation, modeled using a truncated Laplace distribution for the polar angle and a uniform distribution for the azimuth angle."
O_ISAC_015,Pointing,Truncated Laplace,ADOPTED,The polar angle is modeled using a truncated Laplace distribution.,"I checked Section II where the authors define their system model. The channel model is explicitly defined in Equation (2) which follows a Lambertian distribution for the LOS channel gain. Additionally, the incidence angle is affected by device orientation, modeled using a truncated Laplace distribution for the polar angle and a uniform distribution for the azimuth angle."
O_ISAC_015,Pointing,Uniform,ADOPTED,The azimuth angle follows a uniform distribution.,"I checked Section II where the authors define their system model. The channel model is explicitly defined in Equation (2) which follows a Lambertian distribution for the LOS channel gain. Additionally, the incidence angle is affected by device orientation, modeled using a truncated Laplace distribution for the polar angle and a uniform distribution for the azimuth angle."
O_ISAC_030,Multipath/Indoor,Lambertian,ADOPTED,"The light channel gain can be represented as h = ((m+1)A)/(2*pi^2 * d1^2 * d2^2) * rho * dAs * cos^m(phi) * cos(psi) * cos(alpha) * cos(beta), where m is the Lambertian emission order of transmitter LED.",I checked Section II and III. The authors explicitly define the channel model using the Lambertian radiation pattern (Eq 1) for the light channel gain. They also mention the use of a photodiode (PD) to capture the reflected light intensity and the extraction of spatial information through multi-carrier design.
O_ISAC_030,Multipath/Indoor,Lambertian,ADOPTED,The authors use the Lambertian radiation pattern to characterize the reflected light intensity (Eq 1).,I checked Section II and III. The authors explicitly define the channel model using the Lambertian radiation pattern (Eq 1) and the light channel gain. They also mention the use of multi-carrier design to embed spatial information into VLC data stream.
O_ISAC_009,Pointing,Lambertian,ADOPTED,The LoS path is modelled using the generalized Lambertian pattern (Eq 1).,"I checked Section II. The authors explicitly define the LoS path using the generalized Lambertian pattern (Eq 1) and the NLoS path using a model based on I segments of I-1 reflections by Lambertian reflectors (Eq 3). However, no specific channel probability distributions are defined. The path loss models used are based on the Lambertian pattern for LoS and a reflection-based model for NLoS."
O_ISAC_009,Multipath/Indoor,Reflection-based,ADOPTED,The NLoS path is modelled using a reflection-based model (Eq 3).,"I checked Section II. The authors explicitly define the LoS path using the generalized Lambertian pattern (Eq 1) and the NLoS path using a model based on I segments of I-1 reflections by Lambertian reflectors (Eq 3). However, no specific channel probability distributions are defined. The path loss models used are based on the Lambertian pattern for LoS and a reflection-based model for NLoS."
O_ISAC_009,Atmospheric,Lambertian,ADOPTED,The LoS path is formulated according to the generalized Lambertian pattern (Eq 1),I checked Section II. The authors explicitly define the LoS path using the generalized Lambertian pattern (Eq 1) and the NLoS path using a model with multiple reflections (Eq 3). The noise is modeled as Additive White Gaussian Noise (AWGN).
O_ISAC_009,Multipath/Indoor,Lambertian reflectors,ADOPTED,The NLoS link is modelled by I segments of I-1 reflections by Lambertian reflectors (Eq 3),I checked Section II. The authors explicitly define the LoS path using the generalized Lambertian pattern (Eq 1) and the NLoS path using a model with multiple reflections (Eq 3). The noise is modeled as Additive White Gaussian Noise (AWGN).
O_ISAC_009,Multipath/Indoor,AWGN,ADOPTED,The noise is modeled as Additive White Gaussian Noise (AWGN),I checked Section II. The authors explicitly define the LoS path using the generalized Lambertian pattern (Eq 1) and the NLoS path using a model with multiple reflections (Eq 3). The noise is modeled as Additive White Gaussian Noise (AWGN).
O_ISAC_011,Multipath/Indoor,Lambertian,ADOPTED,"The communication channel gain is expressed using the Lambertian emission pattern, as given by equation (1).","I checked Section II, specifically the 'A. Channel model' subsection. The authors define the communication channel gain using the Lambertian emission pattern and the sensing channel gain using a similar equation. No specific probability distributions are mentioned for turbulence, atmospheric, or pointing models. However, the channel models used are based on the Lambertian emission pattern, which can be categorized under 'Multipath/Indoor' as it relates to the indoor environment and the use of LED lights."
O_ISAC_011,Multipath/Indoor,Lambertian,ADOPTED,The communication channel gain is expressed using the Lambertian emission pattern (Eq 1).,"I checked Section II, specifically the Channel model subsection. The authors define the communication channel gain using the Lambertian emission pattern and provide equations for the communication and sensing channel gains. No specific probability distributions are mentioned, but the channel models are based on the Lambertian emission pattern."
O_ISAC_060,Turbulence,Gamma-Gamma,ADOPTED,"The probability density function of 'h' is given by Eq (6), which represents the Gamma-Gamma distribution.",I checked Section II of the paper. The authors explicitly define the channel model using the Gamma-Gamma distribution for atmospheric turbulence channels. The probability density function of the light intensity fading coefficient 'h' is given by Eq (6).
O_ISAC_060,Turbulence,Gamma-Gamma,ADOPTED,"h follows the Gamma-Gamma distribution, and its probability density function can be expressed as [14]",I checked Section II. The authors explicitly define the channel model using the Gamma-Gamma distribution for atmospheric turbulence channels. The probability density function of the Gamma-Gamma distribution is given in Eq (6).
O_ISAC_034,Atmospheric,Log-Normal,ADOPTED,"h^m(t) follows a log-normal distribution, whose mean and variance can be calculated by Beers-Lambert Law and Rytov approximation, respectively.","I checked Section II where the authors define their system model and equations. The channel model is described by the equation $s_{R}(t) = h_{0}(t) s_{T}(t - 	au_{0}) + sum_{m=1}^{N_{u}-1} h_{m}(t) s_{m}(t - 	au_{m}) + n(t)$, where $h_m(t)$ depicts the influences of atmospheric losses and turbulence. The text also mentions that $h^{m}(t)$ follows a log-normal distribution."
O_ISAC_034,Turbulence,Log-Normal,ADOPTED,"h^m(t) follows a log-normal distribution, whose mean and variance can be calculated by Beers-Lambert Law and Rytov approximation, respectively.","I checked Section II where the authors define their system model and equations. The channel model is described by the equation $s_{R}(t) = h_{0}(t) s_{T}(t - 	au_{0}) + sum_{m=1}^{N_{u}-1} h_{m}(t) s_{m}(t - 	au_{m}) + n(t)$, where $h_m(t)$ depicts the influences of atmospheric losses and turbulence. The text also mentions that $h^{m}(t)$ follows a log-normal distribution."
O_ISAC_034,Atmospheric,Log-Normal,ADOPTED,h^m(t) follows log-normal distribution,"I checked Section II where the system model is defined. The authors mention that $h_m(t)$ depicts the influences of atmospheric losses and turbulence. However, they do not explicitly define a specific channel probability distribution or path loss model in this section. Instead, they mention that $h_m(t)$ can be described by statistical models and later state that $h^m(t)$ follows a log-normal distribution in the simulation configurations."
O_ISAC_034,Turbulence,Log-Normal,ADOPTED,h^m(t) follows log-normal distribution,"I checked Section II where the system model is defined. The authors mention that $h_m(t)$ depicts the influences of atmospheric losses and turbulence. However, they do not explicitly define a specific channel probability distribution or path loss model in this section. Instead, they mention that $h_m(t)$ can be described by statistical models and later state that $h^m(t)$ follows a log-normal distribution in the simulation configurations."
O_ISAC_035,Turbulence,Gamma-Gamma,ADOPTED,The probability density function of I can be expressed by: p(I) = ... (Eq 2),I checked Section II. The authors explicitly define the FSO channel model using the Gamma-Gamma model (Eq 2) for atmospheric turbulence and the Beer-Lambert Law (Eq 3) for atmospheric loss. They also define the pointing error model (Eq 4).
O_ISAC_035,Atmospheric,Beer-Lambert Law,ADOPTED,The atmospheric loss is determined by the exponential Beers-Lambert Law as: h_l(z) = exp(-σz) (Eq 3),I checked Section II. The authors explicitly define the FSO channel model using the Gamma-Gamma model (Eq 2) for atmospheric turbulence and the Beer-Lambert Law (Eq 3) for atmospheric loss. They also define the pointing error model (Eq 4).
O_ISAC_035,Pointing,Rayleigh distribution,ADOPTED,The radial displacement α follows a Rayleigh distribution (Eq 4),I checked Section II. The authors explicitly define the FSO channel model using the Gamma-Gamma model (Eq 2) for atmospheric turbulence and the Beer-Lambert Law (Eq 3) for atmospheric loss. They also define the pointing error model (Eq 4).
O_ISAC_035,Turbulence,Gamma-Gamma,ADOPTED,The probability density function of I can be expressed by: p(I) = ... (Eq 2),I checked Section II. The authors explicitly define the FSO channel model using the Gamma-Gamma model (Eq 2) for atmospheric turbulence and the Beer-Lambert Law (Eq 3) for atmospheric loss. They also define the pointing error model (Eq 4).
O_ISAC_035,Atmospheric,Beer-Lambert Law,ADOPTED,The atmospheric loss is determined by the exponential Beers-Lambert Law as: h_l(z) = exp(-σz) (Eq 3),I checked Section II. The authors explicitly define the FSO channel model using the Gamma-Gamma model (Eq 2) for atmospheric turbulence and the Beer-Lambert Law (Eq 3) for atmospheric loss. They also define the pointing error model (Eq 4).
O_ISAC_039,Multipath/Indoor,Lambertian,ADOPTED,The nth element of the LOS CIR vector can be expressed as ... where the LEDs follow a Lambertian emission pattern,"I checked Section 2. The authors explicitly define the channel model using a sparse multipath model with a line-of-sight (LOS) component and a non-line-of-sight (NLOS) component. The LOS component is modeled using a Lambertian emission pattern, while the NLOS component is modeled as a diffusion channel of the first reflection."
O_ISAC_039,Multipath/Indoor,Diffusion Channel,ADOPTED,The NLOS link is modeled as a diffusion channel of the first reflection,"I checked Section 2. The authors explicitly define the channel model using a sparse multipath model with a line-of-sight (LOS) component and a non-line-of-sight (NLOS) component. The LOS component is modeled using a Lambertian emission pattern, while the NLOS component is modeled as a diffusion channel of the first reflection."
O_ISAC_039,Multipath/Indoor,Lambertian,ADOPTED,The LOS CIR vector is expressed as [h LOS (t)]n = ((m+1)APDcosm(φ(t))cos(ψ(t))gsTs)/(2πd(t)2) rect(ψ(t)/ψFOV)δ(nts - d(t)/c),"I checked Section 2.1. The authors explicitly define the channel impulse response (CIR) vector using equations (1), (2), and (3), which describe the line-of-sight (LOS) and non-line-of-sight (NLOS) components of the indoor visible light channel. The LOS component is modeled using a Lambertian emission pattern, while the NLOS component is modeled as a diffusion channel of the first reflection."
O_ISAC_039,Multipath/Indoor,Diffusion,ADOPTED,"The NLOS link is modeled as a diffusion channel of the first reflection, where the wall can be segmented into many small surfaces regarded as reflection elements.","I checked Section 2.1. The authors explicitly define the channel impulse response (CIR) vector using equations (1), (2), and (3), which describe the line-of-sight (LOS) and non-line-of-sight (NLOS) components of the indoor visible light channel. The LOS component is modeled using a Lambertian emission pattern, while the NLOS component is modeled as a diffusion channel of the first reflection."
O_ISAC_049,Atmospheric,Lambertian,ADOPTED,"The channel gain H_m is given by Eq (3), which is based on the Lambertian emission order.","I checked Section II where the authors define their system model. The channel gain H_m is given by Eq (3), which is based on the Lambertian emission order and is used for both sensing and communication purposes. The path loss model used is based on the distance, irradiance angle, and incidence angle from the LED to the user."
O_ISAC_049,Multipath/Indoor,Lambertian,ADOPTED,"The channel gain H_m is given by Eq (3), which is based on the Lambertian emission order and is used for indoor scenarios.","I checked Section II where the authors define their system model. The channel gain H_m is given by Eq (3), which is based on the Lambertian emission order and is used for both sensing and communication purposes. The path loss model used is based on the distance, irradiance angle, and incidence angle from the LED to the user."
O_ISAC_050,Multipath/Indoor,Lambertian,ADOPTED,The radiation of LED emitters is usually described by a Lambertian pattern characterized by a Lambertian order,"I checked Section II. The authors define the channel model using a single-bounce diffuse reflection model and provide equations for the channel gain, including (11) and (12). However, no specific probability distributions are mentioned for the channel models. The channel gain is determined by the LED steering gain, path loss, reflection, and UD response gain, which depend on geometric propagation parameters."
O_ISAC_051,Turbulence,Gamma-Gamma,ADOPTED,"The scintillation index is calculated as $\sigma_{I}^{2}=\alpha^{-1}+\beta^{-1}+(\alpha\beta)^{-1}$, and the PDF of irradiance is described by the Gamma-Gamma distribution.","I checked Section II and III of the paper. The authors explicitly define the channel model for communication using the Gamma-Gamma (GG) distribution for atmospheric turbulence. However, no specific channel probability distribution is defined for the other categories (Atmospheric, Turbulence, Pointing, Multipath/Indoor). The Gamma-Gamma distribution is used to model the scintillation index and the probability density function (PDF) of irradiance."
O_ISAC_051,Turbulence,Gamma-Gamma,ADOPTED,The probability density function (PDF) of irradiance I is described by the Gamma-Gamma (GG) distribution in equation (26).,I checked Section II and Section III of the paper. The authors explicitly define the channel model using the Gamma-Gamma (GG) distribution for atmospheric turbulence in equation (26). No specific models are defined for other categories.
O_ISAC_054,Atmospheric,Lambertian,ADOPTED,The authors adopt the Lambertian model to characterize the radiation pattern of LED.,"I checked the System Model section where the authors define their equations. The authors adopt the Lambertian model to characterize the radiation pattern of LED, which is related to the Atmospheric category. However, the Lambertian model itself is not a channel probability distribution, but rather a path loss model. For channel probability distributions, the authors do not explicitly define any specific distribution. They do mention the use of additive white Gaussian noise (AWGN) in the electrical domain signal, but this is not one of the target categories. Therefore, no specific channel probability distribution is detected."
O_ISAC_054,Atmospheric,Lambertian,ADOPTED,The authors adopt the Lambertian model to characterize the radiation pattern of LED.,"I checked the System Model section where the authors define their equations. The authors adopt the Lambertian model to characterize the radiation pattern of LED. They also use the pinhole imaging principle for optical sensing, which relies solely on light intensity detection."
O_ISAC_055,Turbulence,Gamma-Gamma,ADOPTED,The atmospheric turbulence can be described by the Gamma-Gamma model [12].,I checked Section II where the authors define their system model. They explicitly mention the Gamma-Gamma model for atmospheric turbulence in the FSO channel.
O_ISAC_055,Turbulence,Gamma-Gamma,ADOPTED,The atmospheric turbulence can be described by the Gamma-Gamma model [12].,I checked Section II where the authors define their system model. They explicitly mention the Gamma-Gamma model for atmospheric turbulence in the FSO Channel subsection.
O_ISAC_061,Atmospheric,Beer-Lambert,ADOPTED,The attenuation brought by fog and haze can be derived by the Beer-Lambert law as L_a(D) = 10^(-αD/10000),I checked Section II where the authors define their system model and channel models. They explicitly mention the Beer-Lambert law for atmospheric attenuation and the log-normal distribution for atmospheric turbulence.
O_ISAC_061,Turbulence,Log-Normal,ADOPTED,The scintillation brought by the atmospheric turbulence is modelled by the log-normal distribution and can be depicted by a stochastic scintillation term L_t(D) as p(L_t; D) = 1/(L_t * sqrt(2πσ_t^2)) * exp(-1/(2σ_t^2) * (ln(L_t) + σ_t^2/2)^2),I checked Section II where the authors define their system model and channel models. They explicitly mention the Beer-Lambert law for atmospheric attenuation and the log-normal distribution for atmospheric turbulence.
O_ISAC_061,Atmospheric,Beer-Lambert,ADOPTED,The atmospheric attenuation is derived by the Beer-Lambert law as L_a(D) = 10^(-αD/10000),"I checked Section II where the authors define their system model and channel models. The atmospheric attenuation is modeled using the Beer-Lambert law, and the atmospheric turbulence is modeled using a log-normal distribution."
O_ISAC_061,Turbulence,Log-Normal,ADOPTED,The scintillation brought by the atmospheric turbulence is modeled by the log-normal distribution as p(L_t; D) = 1/(L_t * sqrt(2πσ_t^2)) * exp(-1/(2σ_t^2) * (ln(L_t) + σ_t^2/2)^2),"I checked Section II where the authors define their system model and channel models. The atmospheric attenuation is modeled using the Beer-Lambert law, and the atmospheric turbulence is modeled using a log-normal distribution."
O_ISAC_062,Multipath/Indoor,Lambertian,ADOPTED,"The LOS channel gain between the mth LED and nth PD is given by a Lambertian model, as shown in equation (9).","I checked Section II. The authors explicitly define the channel model using a diffuse-scattering model with single bounce reflection, which includes a LOS path and NLOS paths. The LOS channel gain is given by a Lambertian model, and the NLOS channel gain is given by a model that takes into account the irradiation angle, incidence angle, and reflection rate."
O_ISAC_062,Multipath/Indoor,Diffuse-scattering,ADOPTED,"The authors consider a diffuse-scattering model with single bounce reflection, as described in Section II.","I checked Section II. The authors explicitly define the channel model using a diffuse-scattering model with single bounce reflection, which includes a LOS path and NLOS paths. The LOS channel gain is given by a Lambertian model, and the NLOS channel gain is given by a model that takes into account the irradiation angle, incidence angle, and reflection rate."
O_ISAC_062,Multipath/Indoor,Lambertian,ADOPTED,"The LOS channel gain is given by (9) and the NLOS channel gain is given by (15), which are based on the Lambertian radiation model.",I checked Section II. The authors explicitly define the channel model using a diffuse-scattering model with single bounce reflection. The LOS channel gain is given by (9) and the NLOS channel gain is given by (15). The channel model is based on the Lambertian radiation model.
O_ISAC_091,Atmospheric,Beer-Lambert,ADOPTED,attenuation is given by L_a(D) = 10^{-\alpha D/10000},I checked Section II. The authors explicitly define the atmospheric channel model using the Beer-Lambert law (Eq 8) for atmospheric attenuation and the log-normal distribution (Eq 9) for atmospheric turbulence.
O_ISAC_091,Turbulence,Log-Normal,ADOPTED,scintillation can be modelled by the log-normal distribution,I checked Section II. The authors explicitly define the atmospheric channel model using the Beer-Lambert law (Eq 8) for atmospheric attenuation and the log-normal distribution (Eq 9) for atmospheric turbulence.
O_ISAC_091,Atmospheric,Beer-Lambert,ADOPTED,attenuation is given by L_a(D) = 10^(-αD/10000),I checked Section II. The authors explicitly define the atmospheric attenuation using the Beer-Lambert law (Eq 8) and the atmospheric turbulence using the log-normal distribution (Eq 9).
O_ISAC_091,Turbulence,Log-Normal,ADOPTED,"scintillation can be modelled by the log-normal distribution, p(L_t; D) = 1/(L_t * sqrt(2*pi*σ_t^2)) * exp(-1/(2*σ_t^2) * (ln(L_t) + σ_t^2/2)^2)",I checked Section II. The authors explicitly define the atmospheric attenuation using the Beer-Lambert law (Eq 8) and the atmospheric turbulence using the log-normal distribution (Eq 9).
O_ISAC_098,Pointing,Beckmann,ADOPTED,"The beam displacement at the receiving plane D = [Dx, Dy] conforms to the Beckman distribution.","I checked Section II of the paper. The authors explicitly define the channel model, including pointing error, atmospheric turbulence, and atmospheric attenuation. For pointing error, they use the Beckmann distribution. For atmospheric turbulence, they use the log-normal distribution under weak turbulence conditions and the Gamma-Gamma distribution under medium to strong turbulence conditions. For atmospheric attenuation, they use an exponential decay model."
O_ISAC_098,Turbulence,Log-Normal,ADOPTED,"For weak turbulence conditions, we utilize the lognormal fading model to characterize the atmospheric turbulence fading.","I checked Section II of the paper. The authors explicitly define the channel model, including pointing error, atmospheric turbulence, and atmospheric attenuation. For pointing error, they use the Beckmann distribution. For atmospheric turbulence, they use the log-normal distribution under weak turbulence conditions and the Gamma-Gamma distribution under medium to strong turbulence conditions. For atmospheric attenuation, they use an exponential decay model."
O_ISAC_098,Turbulence,Gamma-Gamma,ADOPTED,"For medium to strong turbulence conditions, we utilize the Gamma-Gamma turbulence model to characterize the atmospheric fading.","I checked Section II of the paper. The authors explicitly define the channel model, including pointing error, atmospheric turbulence, and atmospheric attenuation. For pointing error, they use the Beckmann distribution. For atmospheric turbulence, they use the log-normal distribution under weak turbulence conditions and the Gamma-Gamma distribution under medium to strong turbulence conditions. For atmospheric attenuation, they use an exponential decay model."
O_ISAC_098,Atmospheric,Exponential Decay,ADOPTED,"The atmospheric attenuation can be written as hl_s,o,r = 10^(-al(ls,o + lo,r)/10^4).","I checked Section II of the paper. The authors explicitly define the channel model, including pointing error, atmospheric turbulence, and atmospheric attenuation. For pointing error, they use the Beckmann distribution. For atmospheric turbulence, they use the log-normal distribution under weak turbulence conditions and the Gamma-Gamma distribution under medium to strong turbulence conditions. For atmospheric attenuation, they use an exponential decay model."
O_ISAC_100,Atmospheric,Beer-Lambert,ADOPTED,atmospheric attenuation is given by L_a(D) = exp(-beta_a * D) (Eq 3),"I checked Section II and III. The authors explicitly define the channel gain of communication and sensing using the Beer-Lambert law for atmospheric attenuation (Eq 3), the log-normal distribution for atmospheric turbulence (Eq 4), and the geometric loss (Eq 6). They also define the EADO-OFDM signal model and its non-linear distortion."
O_ISAC_100,Turbulence,Log-Normal,ADOPTED,atmospheric turbulence is modeled using the log-normal distribution (Eq 4),"I checked Section II and III. The authors explicitly define the channel gain of communication and sensing using the Beer-Lambert law for atmospheric attenuation (Eq 3), the log-normal distribution for atmospheric turbulence (Eq 4), and the geometric loss (Eq 6). They also define the EADO-OFDM signal model and its non-linear distortion."
O_ISAC_100,Multipath/Indoor,Geometric Loss,ADOPTED,geometric loss is given by L_g(D) = A_c / pi * (2 / (D * theta))^2 (Eq 6),"I checked Section II and III. The authors explicitly define the channel gain of communication and sensing using the Beer-Lambert law for atmospheric attenuation (Eq 3), the log-normal distribution for atmospheric turbulence (Eq 4), and the geometric loss (Eq 6). They also define the EADO-OFDM signal model and its non-linear distortion."
O_ISAC_107,Multipath/Indoor,Lambertian,ADOPTED,"The authors use the Lambertian model to describe the emission of the IR LED, as seen in equation (2).","I checked Section II. The authors explicitly define the system model using equations (1) to (15), but do not explicitly define a specific channel probability distribution or path loss model from the target categories. However, they do describe the optical wireless channel and its components, including the line-of-sight (LOS) and non-line-of-sight (NLOS) paths, and provide an equation (2) for the LOS channel DC-gain, which depends on the link geometry and the order of Lambertian emission of the IR LED."
O_ISAC_108,Multipath/Indoor,Lambertian,ADOPTED,"The radiation patterns of LED light sources are starkly different from those of RF antennas. Hence, our initial step models LED propagation patterns to analyze received signal strength at devices effectively. Considering the m-th O-AP with Lambertian model [5], the LED has a semi-angle at half power.",I checked Section II where the authors define their system model and channel model. The authors explicitly define the radiation pattern of the LED light source using the Lambertian model.
O_ISAC_112,Multipath/Indoor,Lambertian,ADOPTED,The paper uses the Lambertian light source model to describe the optical signal transmission.,"I checked Section II. The authors explicitly define the channel model using the Lambertian light source model and provide equations for the channel gain and optical power received. However, no specific probability distributions are mentioned for the channel model. The channel model provided is deterministic and does not involve any probability distributions."
O_ISAC_114,Multipath/Indoor,Lambertian,ADOPTED,"The LOS channel gain for communication is given by Eq (6), which resembles a Lambertian model.","I checked Section II of the paper where the authors define their system model. The channel models for communication, sensing, and energy harvesting are explicitly defined. For communication, the LOS channel gain is given by Eq (6), which resembles a Lambertian model. For sensing, the LOS channel gain under the point source model is given by Eq (10), which also resembles a Lambertian model but with an additional term to account for the reflected signal. For energy harvesting, the channel gain is given by Eq (17), which is similar to the Lambertian model used for communication. No specific turbulence or atmospheric models are mentioned, but the use of Lambertian models implies a consideration of the multipath effects in indoor environments."
O_ISAC_114,Multipath/Indoor,Lambertian with reflection,ADOPTED,"The LOS channel gain for sensing under the point source model is given by Eq (10), which resembles a Lambertian model with an additional term to account for the reflected signal.","I checked Section II of the paper where the authors define their system model. The channel models for communication, sensing, and energy harvesting are explicitly defined. For communication, the LOS channel gain is given by Eq (6), which resembles a Lambertian model. For sensing, the LOS channel gain under the point source model is given by Eq (10), which also resembles a Lambertian model but with an additional term to account for the reflected signal. For energy harvesting, the channel gain is given by Eq (17), which is similar to the Lambertian model used for communication. No specific turbulence or atmospheric models are mentioned, but the use of Lambertian models implies a consideration of the multipath effects in indoor environments."
O_ISAC_114,Multipath/Indoor,Lambertian,ADOPTED,"The channel gain for energy harvesting is given by Eq (17), which is similar to the Lambertian model used for communication.","I checked Section II of the paper where the authors define their system model. The channel models for communication, sensing, and energy harvesting are explicitly defined. For communication, the LOS channel gain is given by Eq (6), which resembles a Lambertian model. For sensing, the LOS channel gain under the point source model is given by Eq (10), which also resembles a Lambertian model but with an additional term to account for the reflected signal. For energy harvesting, the channel gain is given by Eq (17), which is similar to the Lambertian model used for communication. No specific turbulence or atmospheric models are mentioned, but the use of Lambertian models implies a consideration of the multipath effects in indoor environments."
O_ISAC_117,Turbulence,Gamma-Gamma,ADOPTED,"The probability density function of the Gamma-Gamma distribution is given in Equation 7, which describes the channel model.","I checked Section II, specifically the Channel Model subsection. The authors explicitly define the channel model using the Gamma-Gamma distribution, which is a turbulence model. The probability density function of the Gamma-Gamma distribution is given in Equation 7."
O_ISAC_126,Atmospheric,Atmospheric Attenuation Loss,ADOPTED,"The atmospheric attenuation loss is expressed as PL_a = PL_o + PL_w, where PL_o and PL_w represent gaseous attenuation attributable to the oxygen and water vapour, respectively.","I checked Section II of the paper where the authors define their system model. The authors propose a 6G general large-scale fading channel model (6GLSFCM) that integrates the electromagnetic propagation characteristics across multiple frequency bands and scenarios. The path loss of the 6GLSFCM can be expressed as PL = PL_b + PL_a + PL_s + PL_e, where PL_b denotes the basic path loss, PL_a denotes the atmospheric attenuation loss, PL_s is the scintillation loss, and PL_e represents the building penetration loss. Shadow fading follows a Gaussian random distribution with a mean of zero and a standard deviation of σ_SF."
O_ISAC_126,Multipath/Indoor,Building Penetration Loss,ADOPTED,"The building penetration loss is expressed as PL_e(P) = 10log10(10^0.1N_1(P) + 10^0.1N_2(P) + 10^0.1N_3), where N_1(P) and N_2(P) are random variables with a normal distribution related to P, and N_3 is a constant.","I checked Section II of the paper where the authors define their system model. The authors propose a 6G general large-scale fading channel model (6GLSFCM) that integrates the electromagnetic propagation characteristics across multiple frequency bands and scenarios. The path loss of the 6GLSFCM can be expressed as PL = PL_b + PL_a + PL_s + PL_e, where PL_b denotes the basic path loss, PL_a denotes the atmospheric attenuation loss, PL_s is the scintillation loss, and PL_e represents the building penetration loss. Shadow fading follows a Gaussian random distribution with a mean of zero and a standard deviation of σ_SF."
O_ISAC_127,Atmospheric,Beer-Lambert,ADOPTED,"The absorption loss is given by L_att(d) = exp(-αd), which is equivalent to the Beer-Lambert law.","I checked Section III where the authors define their system model and channel equations. The authors explicitly define absorption loss using the Haltrin model (Equation 1), scattering loss using Mie scattering theory (Equation 2), turbulence-induced fading (Equation 3), and beam divergence loss (Equation 4)."
O_ISAC_127,Turbulence,Gaussian,ADOPTED,"The turbulence-induced fading is modeled as h(t) = exp(-t^2/τ_c^2) + η(t), where η(t) is a zero-mean Gaussian random process.","I checked Section III where the authors define their system model and channel equations. The authors explicitly define absorption loss using the Haltrin model (Equation 1), scattering loss using Mie scattering theory (Equation 2), turbulence-induced fading (Equation 3), and beam divergence loss (Equation 4)."
O_ISAC_127,Multipath/Indoor,Mie scattering,ADOPTED,"The scattering loss is modeled using Mie scattering theory, given by L_scat(d) = exp(-β_s d^n).","I checked Section III where the authors define their system model and channel equations. The authors explicitly define absorption loss using the Haltrin model (Equation 1), scattering loss using Mie scattering theory (Equation 2), turbulence-induced fading (Equation 3), and beam divergence loss (Equation 4)."
O_ISAC_129,Multipath/Indoor,Lambertian,ADOPTED,"The received optical power can be described as Pr = Pt * H(A, phi, m, theta, d) * Gr, where H(d) represents the channel DC gain related to the distance d between the transmitter and receiver.","I checked Section II. The authors explicitly define the channel model using the Lambertian radiation pattern (Equation 1 and 3) for distance sensing. No specific probability distributions are mentioned for turbulence, atmospheric, or pointing errors. However, the Lambertian model is used for the LoS optical wireless link, which falls under the Multipath/Indoor category."
O_ISAC_131,Multipath/Indoor,Lambertian,ADOPTED,The authors define the measurement sample z_m using the Lambertian emission model (Eq 2).,"I checked Section II where the authors define their system model. They explicitly use the Lambertian emission model for the channel model, which falls under the Multipath/Indoor category. The path loss exponent is denoted by α, and the Lambertian order is denoted by γ."
O_ISAC_139,Multipath/Indoor,Logarithmic Path Loss Model,ADOPTED,The paper uses a path-loss model with a logarithmic relationship to calculate the distance between the transmitter and receiver.,"I checked the System Model and Channel Model sections, but the paper does not explicitly define specific channel probability distributions or path loss models in these sections. However, in Section VI, the paper mentions the use of a path-loss model with a logarithmic relationship to calculate the distance between the transmitter and receiver. Additionally, the paper discusses the use of machine learning algorithms for LoS/NLoS classification."
O_ISAC_141,Multipath/Indoor,Rayleigh fading,ADOPTED,A Rayleigh fading channel and path loss model defined in [30] is used in this evaluation.,"I checked Section III. The authors define their system model and channel gain equations but do not explicitly mention any specific channel probability distributions or path loss models in this section. However, in Section IV, they mention using a 'Rayleigh fading channel and path loss model defined in [30]' for evaluation."
O_ISAC_162,Multipath/Indoor,Geometry-based stochastic channel model,ADOPTED,"The ISAC channel model is based on the geometry-based stochastic channel model, which includes the background environment channel and the target channel.","I checked the 'ISAC Channel Models' section where the authors explicitly define the ISAC channel model. The channel model includes the background environment channel and the target channel. The target channel is further divided into two parts: Tx-target and Target-Rx. The background channel can be generated based on the existing TR 38.901 channel model. The RCS is modeled as a product of three components: A, B1, and B2, where A is the mean RCS value, B1 is a deterministic component, and B2 is a stochastic component. However, no specific probability distribution is mentioned for the channel models."
O_ISAC_186,Multipath/Indoor,Multipath Channel,ADOPTED,"The channel is modeled as a multipath channel with a finite number of paths, each with a gain and delay, as given by Eq. (6).","I checked the System Model section where the authors define their equations. The channel model is described in Section 2.3, where the impulse response of the channel is given by Eq. (6). The channel is modeled as a multipath channel with a finite number of paths, each with a gain and delay. The channel is also affected by Gaussian noise."
O_ISAC_199,Turbulence,Gamma-Gamma,ADOPTED,The PDF of Gamma-Gamma distribution is expressed as ... to model the effects of atmospheric turbulence.,"I checked Section 3.2 of the paper where the authors define their channel models. They explicitly use the Gamma-Gamma model for moderate-to-strong turbulence and the Log-Normal model for weak turbulence. The Gamma-Gamma model is used to derive the bit error rate (BER) for on-off keying technique. Additionally, the authors use the atmospheric attenuation model to estimate signal attenuation due to weather conditions."
O_ISAC_199,Turbulence,Log-Normal,ADOPTED,The log-normal model makes the assumption that changes in received intensity result from small random variations in the refractive index.,"I checked Section 3.2 of the paper where the authors define their channel models. They explicitly use the Gamma-Gamma model for moderate-to-strong turbulence and the Log-Normal model for weak turbulence. The Gamma-Gamma model is used to derive the bit error rate (BER) for on-off keying technique. Additionally, the authors use the atmospheric attenuation model to estimate signal attenuation due to weather conditions."
O_ISAC_199,Atmospheric,Atmospheric attenuation model,ADOPTED,"A model for atmospheric attenuation was developed by ..., which is used to estimate signal attenuation due to weather conditions.","I checked Section 3.2 of the paper where the authors define their channel models. They explicitly use the Gamma-Gamma model for moderate-to-strong turbulence and the Log-Normal model for weak turbulence. The Gamma-Gamma model is used to derive the bit error rate (BER) for on-off keying technique. Additionally, the authors use the atmospheric attenuation model to estimate signal attenuation due to weather conditions."
O_ISAC_301,Atmospheric,Free Space Attenuation,ADOPTED,A_dB(d) = 20 log10(4πdf/c),"I checked the System Model section and found that the paper does not explicitly define any specific channel probability distributions or path loss models. The paper focuses on the experimental demonstration of a photonics-based W-band integrated sensing and communication system. However, it does mention the use of a free space transmission attenuation model given by A_dB(d) = 20 log10(4πdf/c), which can be related to a path loss model."
O_ISAC_303,Atmospheric,Lambertian,ADOPTED,"The VLC channel model is based on the Lambertian radiation pattern, as given by equation (3).","I checked the 'Channel characteristics and models' section. The authors explicitly define the VLC channel model using the Lambertian radiation pattern and provide equations for the DC gain of an optical link channel and the received power. However, no specific probability distributions are mentioned for the channel models. The path loss models are based on the Lambertian radiation pattern and are used to calculate the DC gain and received power."
O_ISAC_327,Multipath/Indoor,Ceiling Bounce Model (CBM),ADOPTED,"The CBM is used to model the channel impulse response, as shown in equation (3).","I checked the System Model or Channel Model sections and found that the authors define their equations using various models, including the recursive model, ceiling bounce model (CBM), and geometry-based stochastic models (GBSMs). Specifically, the recursive model uses equations (1) and (2), the CBM uses equation (3), and the GBSMs use equations (4) and (5). Additionally, the Hayasaka–Ito model uses equation (6) for primary reflections."
O_ISAC_327,Multipath/Indoor,Recursive Model,ADOPTED,"The recursive model is used to simulate the multipath effect indoors, as shown in equations (1) and (2).","I checked the System Model or Channel Model sections and found that the authors define their equations using various models, including the recursive model, ceiling bounce model (CBM), and geometry-based stochastic models (GBSMs). Specifically, the recursive model uses equations (1) and (2), the CBM uses equation (3), and the GBSMs use equations (4) and (5). Additionally, the Hayasaka–Ito model uses equation (6) for primary reflections."
O_ISAC_327,Multipath/Indoor,Geometry-Based Stochastic Models (GBSMs),ADOPTED,"The GBSMs are used to model the channel, as shown in equations (4) and (5).","I checked the System Model or Channel Model sections and found that the authors define their equations using various models, including the recursive model, ceiling bounce model (CBM), and geometry-based stochastic models (GBSMs). Specifically, the recursive model uses equations (1) and (2), the CBM uses equation (3), and the GBSMs use equations (4) and (5). Additionally, the Hayasaka–Ito model uses equation (6) for primary reflections."
