display_order,category,label,system_location,study_count,percent_of_206
1,shared_hardware,Hardware,Front end,117,56.8
2,shared_optical_carrier,"Optical
carrier",Carrier,49,23.8
3,shared_waveform,Waveform,Waveform,113,54.9
4,shared_resource_allocation,"Resource
allocation",Resources,118,57.3
5,shared_link_or_channel,"Link or
channel",Link,87,42.2
6,joint_design_or_optimization,"Joint
design",Design,72,35.0
7,shared_application_scenario,Application,Service,46,22.3
8,mixed,Mixed boundary cases,Boundary,3,1.5
