track_id,title,title_source,doi,doi_source,corpus_dir,primary_markdown_path,primary_meta_path,present_in_processed_markdowns,present_in_extraction_v4_unified,present_in_legacy_included_studies_list,present_in_excluded_fulltext_log,legacy_included_doi,legacy_included_title,legacy_screening_log_match_count,legacy_screening_log_decisions,notes
O_ISAC_001,Modulation Strategies for Robust Optical Wireless Communications and Sensing in 6G,meta_json_toc,10.1109/ICTON67126.2025.11125210,legacy_included_list,data/proc_markdowns/O_ISAC_001,data/proc_markdowns/O_ISAC_001/O_ISAC_001.md,data/proc_markdowns/O_ISAC_001/O_ISAC_001_meta.json,yes,yes,yes,no,10.1109/ICTON67126.2025.11125210,Modulation Strategies for Robust Optical Wireless Communications and Sensing in 6G,1,Duplicate,
O_ISAC_002,Photonic Terahertz Integrated Sensing and Communication (ISAC) Systems,meta_json_toc,,,data/proc_markdowns/O_ISAC_002,data/proc_markdowns/O_ISAC_002/O_ISAC_002.md,data/proc_markdowns/O_ISAC_002/O_ISAC_002_meta.json,yes,yes,yes,no,,Photonic Terahertz Integrated Sensing and Communication (ISAC) Systems,2,Duplicate,
O_ISAC_003,Analysis of Visible Light-Based ISAC Channel Characteristics in a V2V Scenario,meta_json_toc,10.1109/WCNC61545.2025.10978645,legacy_included_list,data/proc_markdowns/O_ISAC_003,data/proc_markdowns/O_ISAC_003/O_ISAC_003.md,data/proc_markdowns/O_ISAC_003/O_ISAC_003_meta.json,yes,yes,yes,no,10.1109/WCNC61545.2025.10978645,Analysis of Visible Light-Based ISAC Channel Characteristics in a V2V Scenario,1,Duplicate,
O_ISAC_004,Adiabatic-tapered few-mode-fiber-based system for integrating optical fiber sensing and telecommunication,meta_json_toc,10.1109/ICOCN67308.2025.11145535,legacy_included_list,data/proc_markdowns/O_ISAC_004,data/proc_markdowns/O_ISAC_004/O_ISAC_004.md,data/proc_markdowns/O_ISAC_004/O_ISAC_004_meta.json,yes,yes,yes,no,10.1109/ICOCN67308.2025.11145535,Adiabatic-tapered few-mode-fiber-based system for integrating optical fiber sensing and telecommunication,0,,
O_ISAC_005,Integrated Sensing and Communication for UAV Trajectory Optimization in Mixed FSO-RF Networks in Dynamic Weather Conditions,meta_json_toc,10.1109/WCNC61545.2025.10978163,legacy_included_list,data/proc_markdowns/O_ISAC_005,data/proc_markdowns/O_ISAC_005/O_ISAC_005.md,data/proc_markdowns/O_ISAC_005/O_ISAC_005_meta.json,yes,yes,yes,no,10.1109/WCNC61545.2025.10978163,Integrated Sensing and Communication for UAV Trajectory Optimization in Mixed FSO-RF Networks in Dynamic Weather Conditions,1,Duplicate,
O_ISAC_006,Recent Advancements and Challenges in Integrated Sensing and Communication in Optical Fiber,meta_json_toc,10.1109/ICCT62411.2024.10946617,legacy_included_list,data/proc_markdowns/O_ISAC_006,data/proc_markdowns/O_ISAC_006/O_ISAC_006.md,data/proc_markdowns/O_ISAC_006/O_ISAC_006_meta.json,yes,yes,yes,no,10.1109/ICCT62411.2024.10946617,Recent Advancements and Challenges in Integrated Sensing and Communication in Optical Fiber,1,Duplicate,
O_ISAC_007,Miniaturized optical fiber displacement probe with large-collection-angle,meta_json_toc,10.1109/ICOCN67308.2025.11145514,legacy_included_list,data/proc_markdowns/O_ISAC_007,data/proc_markdowns/O_ISAC_007/O_ISAC_007.md,data/proc_markdowns/O_ISAC_007/O_ISAC_007_meta.json,yes,yes,yes,no,10.1109/ICOCN67308.2025.11145514,Miniaturized optical fiber displacement probe with large-collection-angle,0,,
O_ISAC_008,Wide-steering Integrated Sensing and Communication OPA-based Lidar Design with Joint Waveform and Thinned Antenna,meta_json_toc,10.23919/OECC/PSC62146.2025.11111436,legacy_included_list,data/proc_markdowns/O_ISAC_008,data/proc_markdowns/O_ISAC_008/O_ISAC_008.md,data/proc_markdowns/O_ISAC_008/O_ISAC_008_meta.json,yes,yes,yes,no,10.23919/OECC/PSC62146.2025.11111436,Wide-Steering Integrated Sensing and Communication OPA-Based Lidar Design with Joint Waveform and Thinned Antenna,1,Duplicate,
O_ISAC_009,Integrated Positioning and Communication Relying on Wireless Optical OFDM,meta_json_toc,10.1109/JSAC.2025.3543532,legacy_included_list,data/proc_markdowns/O_ISAC_009,data/proc_markdowns/O_ISAC_009/O_ISAC_009.md,data/proc_markdowns/O_ISAC_009/O_ISAC_009/O_ISAC_009_meta.json,yes,yes,yes,no,10.1109/JSAC.2025.3543532,Integrated Positioning and Communication Relying on Wireless Optical OFDM,1,Duplicate,
O_ISAC_010,High-speed DMT signal and power-over-fiber simultaneous transmission over weakly-coupled multicore Fiber,meta_json_toc,10.1109/ICWOC65853.2025.11150794,legacy_included_list,data/proc_markdowns/O_ISAC_010,data/proc_markdowns/O_ISAC_010/O_ISAC_010.md,data/proc_markdowns/O_ISAC_010/O_ISAC_010_meta.json,yes,yes,yes,no,10.1109/ICWOC65853.2025.11150794,High-Speed DMT Signal and Power-Over-Fiber Simultaneous Transmission Over Weakly-Coupled Multicore Fiber,0,,
O_ISAC_011,Retroreflective Optical ISAC Supporting 3D Positioning in Indoor Environments,meta_json_toc,10.1109/ACP/IPOC63121.2024.10809915,legacy_included_list,data/proc_markdowns/O_ISAC_011,data/proc_markdowns/O_ISAC_011/O_ISAC_011.md,data/proc_markdowns/O_ISAC_011/O_ISAC_011/O_ISAC_011_meta.json,yes,yes,yes,no,10.1109/ACP/IPOC63121.2024.10809915,Retroreflective Optical ISAC Supporting 3D Positioning in Indoor Environments,1,Duplicate,
O_ISAC_012,Phase-Coded FMCW for Optical Integrated Sensing and Communication,meta_json_toc,10.1109/ACP/IPOC63121.2024.10809937,legacy_included_list,data/proc_markdowns/O_ISAC_012,data/proc_markdowns/O_ISAC_012/O_ISAC_012.md,data/proc_markdowns/O_ISAC_012/O_ISAC_012/O_ISAC_012_meta.json,yes,yes,yes,no,10.1109/ACP/IPOC63121.2024.10809937,Phase-Coded FMCW for Optical Integrated Sensing and Communication,1,Duplicate,
O_ISAC_013,Single-Ended > 100-km Distributed Vibration Sensor Based on OFDR Using Pearson Correlation Coefficient,meta_json_toc,10.1109/JSEN.2025.3554542,legacy_included_list,data/proc_markdowns/O_ISAC_013,data/proc_markdowns/O_ISAC_013/O_ISAC_013.md,data/proc_markdowns/O_ISAC_013/O_ISAC_013/O_ISAC_013_meta.json,yes,yes,yes,no,10.1109/JSEN.2025.3554542,Single-Ended > 100-km Distributed Vibration Sensor Based on OFDR Using Pearson Correlation Coefficient,1,Duplicate,
O_ISAC_014,Experimental Demonstration of Power over Fiber for Power Grid Application,meta_json_toc,10.1109/ICOCN63276.2024.10648387,legacy_included_list,data/proc_markdowns/O_ISAC_014,data/proc_markdowns/O_ISAC_014/O_ISAC_014.md,data/proc_markdowns/O_ISAC_014/O_ISAC_014/O_ISAC_014_meta.json,yes,yes,yes,no,10.1109/ICOCN63276.2024.10648387,Experimental Demonstration of Power over Fiber for Power Grid Application,0,,
O_ISAC_015,Movable Access Point-Aided Integrated Visible Light Communication and Sensing Networks,meta_json_toc,10.1109/LWC.2024.3521192,legacy_included_list,data/proc_markdowns/O_ISAC_015,data/proc_markdowns/O_ISAC_015/O_ISAC_015.md,data/proc_markdowns/O_ISAC_015/O_ISAC_015/O_ISAC_015_meta.json,yes,yes,yes,no,10.1109/LWC.2024.3521192,Movable Access Point-Aided Integrated Visible Light Communication and Sensing Networks,1,Duplicate,
O_ISAC_016,Demonstration of Photonic Sub-THz ISAC System with Real-Time 251.03-Gbps Communication Rate and Offline 2.5-cm Sensing Resolution,meta_json_toc,10.1109/ICOCN63276.2024.10648485,legacy_included_list,data/proc_markdowns/O_ISAC_016,data/proc_markdowns/O_ISAC_016/O_ISAC_016.md,data/proc_markdowns/O_ISAC_016/O_ISAC_016/O_ISAC_016_meta.json,yes,yes,yes,no,10.1109/ICOCN63276.2024.10648485,Demonstration of Photonic Sub-THz ISAC System with Real-Time 251.03-Gbps Communication Rate and Offline 2.5-cm Sensing Resolution,1,Duplicate,
O_ISAC_017,Double-effect DNN-based DBP Scheme for Integrated Sensing and Communications (ISAC),meta_json_toc,,,data/proc_markdowns/O_ISAC_017,data/proc_markdowns/O_ISAC_017/O_ISAC_017.md,data/proc_markdowns/O_ISAC_017/O_ISAC_017/O_ISAC_017_meta.json,yes,yes,yes,no,,Double-effect DNN-based DBP Scheme for Integrated Sensing and Communications (ISAC),3,Duplicate,
O_ISAC_018,Coexistence of Distributed Sensing and Ultra-Simple Coherent RoF Based Front-Haul for Radio Access Network,meta_json_toc,10.1109/JLT.2025.3555486,legacy_included_list,data/proc_markdowns/O_ISAC_018,data/proc_markdowns/O_ISAC_018/O_ISAC_018.md,data/proc_markdowns/O_ISAC_018/O_ISAC_018/O_ISAC_018_meta.json,yes,yes,yes,no,10.1109/JLT.2025.3555486,Coexistence of Distributed Sensing and Ultra-Simple Coherent RoF Based Front-Haul for Radio Access Network,1,Duplicate,
O_ISAC_019,Full-duplex Integrated Sensing and Communication System Based on Microwave Photonics,meta_json_toc,10.1109/ACP/IPOC63121.2024.10809573,legacy_included_list,data/proc_markdowns/O_ISAC_019,data/proc_markdowns/O_ISAC_019/O_ISAC_019.md,data/proc_markdowns/O_ISAC_019/O_ISAC_019/O_ISAC_019_meta.json,yes,yes,yes,no,10.1109/ACP/IPOC63121.2024.10809573,Full-Duplex Integrated Sensing and Communication System Based on Microwave Photonics,1,Duplicate,
O_ISAC_020,Photonic Integrated Sensing and Communication System Harnessing Submarine Fiber Optic Cables for Coastal Event Monitoring,meta_json_toc,10.1109/MCOM.002.2200191,legacy_included_list,data/proc_markdowns/O_ISAC_020,data/proc_markdowns/O_ISAC_020/O_ISAC_020.md,data/proc_markdowns/O_ISAC_020/O_ISAC_020/O_ISAC_020_meta.json,yes,yes,yes,no,10.1109/MCOM.002.2200191,Photonic Integrated Sensing and Communication System Harnessing Submarine Fiber Optic Cables for Coastal Event Monitoring,1,Duplicate,
O_ISAC_021,"Optical Integrated Sensing and Communication: Architectures, Potentials and Challenges",meta_json_toc,10.1109/IOTM.001.2300196,legacy_included_list,data/proc_markdowns/O_ISAC_021,data/proc_markdowns/O_ISAC_021/O_ISAC_021.md,data/proc_markdowns/O_ISAC_021/O_ISAC_021/O_ISAC_021_meta.json,yes,yes,yes,no,10.1109/IOTM.001.2300196,"Optical Integrated Sensing and Communication: Architectures, Potentials and Challenges",2,Duplicate,
O_ISAC_022,Joint Visible Light Sensing and Communication Using m-CAP Modulation,meta_json_toc,10.1109/TBC.2022.3201649,legacy_included_list,data/proc_markdowns/O_ISAC_022,data/proc_markdowns/O_ISAC_022/O_ISAC_022.md,data/proc_markdowns/O_ISAC_022/O_ISAC_022/O_ISAC_022_meta.json,yes,yes,yes,no,10.1109/TBC.2022.3201649,Joint Visible Light Sensing and Communication Using m-CAP Modulation,1,Duplicate,
O_ISAC_023,Free-Space Optical Integrated Sensing and Communication Based on DCO-OFDM: Performance Metrics and Resource Allocation,meta_json_toc,10.1109/JIOT.2024.3469279,legacy_included_list,data/proc_markdowns/O_ISAC_023,data/proc_markdowns/O_ISAC_023/O_ISAC_023.md,data/proc_markdowns/O_ISAC_023/O_ISAC_023/O_ISAC_023_meta.json,yes,yes,yes,no,10.1109/JIOT.2024.3469279,Free-Space Optical Integrated Sensing and Communication Based on DCO-OFDM: Performance Metrics and Resource Allocation,2,Duplicate,
O_ISAC_024,Pre-compensation of LFM Sensing Probe via Integrated Sensing and Communication over Fiber System,meta_json_toc,10.23919/OECC/PSC62146.2025.11111272,legacy_included_list,data/proc_markdowns/O_ISAC_024,data/proc_markdowns/O_ISAC_024/O_ISAC_024.md,data/proc_markdowns/O_ISAC_024/O_ISAC_024/O_ISAC_024_meta.json,yes,yes,yes,no,10.23919/OECC/PSC62146.2025.11111272,Pre-Compensation of LFM Sensing Probe via Integrated Sensing and Communication over Fiber System,1,Duplicate,
O_ISAC_025,Optical Transport Network Optimization Supporting Integrated Sensing and Communication Services,meta_json_toc,,,data/proc_markdowns/O_ISAC_025,data/proc_markdowns/O_ISAC_025/O_ISAC_025.md,data/proc_markdowns/O_ISAC_025/O_ISAC_025/O_ISAC_025_meta.json,yes,yes,yes,no,,Optical Transport Network Optimization Supporting Integrated Sensing and Communication Services,2,Duplicate,
O_ISAC_026,W-band Photonic-based Integration of Sensing and Communication with Frequency-division Multiplexed Waveforms in Fiber-wireless Integrated Network,meta_json_toc,10.1109/ACP55869.2022.10088790,legacy_included_list,data/proc_markdowns/O_ISAC_026,data/proc_markdowns/O_ISAC_026/O_ISAC_026.md,data/proc_markdowns/O_ISAC_026/O_ISAC_026/O_ISAC_026_meta.json,yes,yes,yes,no,10.1109/ACP55869.2022.10088790,W-band Photonic-based Integration of Sensing and Communication with Frequency-division Multiplexed Waveforms in Fiber-wireless Integrated Network,1,Duplicate,
O_ISAC_027,Low Crosstalk Deep Ocean Salinity Monitoring at 2 µm Wavelength Band,meta_json_toc,10.1109/JSEN.2025.3579715,legacy_included_list,data/proc_markdowns/O_ISAC_027,data/proc_markdowns/O_ISAC_027/O_ISAC_027.md,data/proc_markdowns/O_ISAC_027/O_ISAC_027/O_ISAC_027_meta.json,yes,yes,yes,no,10.1109/JSEN.2025.3579715,Low Crosstalk Deep Ocean Salinity Monitoring at 2 μm Wavelength Band,0,,
O_ISAC_028,Performance Improvement for Symmetric Carrier- assisted Differential Detection Receiver by Pairwise Coding,meta_json_toc,10.1109/ICWOC62055.2024.10684954,legacy_included_list,data/proc_markdowns/O_ISAC_028,data/proc_markdowns/O_ISAC_028/O_ISAC_028.md,data/proc_markdowns/O_ISAC_028/O_ISAC_028/O_ISAC_028_meta.json,yes,yes,yes,no,10.1109/ICWOC62055.2024.10684954,Performance Improvement for Symmetric Carrier-assisted Differential Detection Receiver by Pairwise Coding,0,,
O_ISAC_029,THz Integrated Sensing and Communication With Full-Photonic Direct LFM Reception and De-Chirping for D-Band Fiber-Wireless Network,meta_json_toc,10.1109/TMTT.2025.3549729,legacy_included_list,data/proc_markdowns/O_ISAC_029,data/proc_markdowns/O_ISAC_029/O_ISAC_029.md,data/proc_markdowns/O_ISAC_029/O_ISAC_029/O_ISAC_029_meta.json,yes,yes,yes,no,10.1109/TMTT.2025.3549729,THz Integrated Sensing and Communication With Full-Photonic Direct LFM Reception and De-Chirping for D-Band Fiber-Wireless Network,1,Duplicate,
O_ISAC_030,ReflexGest: Recognizing Hand Gestures Under VLC-Capable Lamps,meta_json_toc,10.1109/TMC.2025.3545340,legacy_included_list,data/proc_markdowns/O_ISAC_030,data/proc_markdowns/O_ISAC_030/O_ISAC_030.md,data/proc_markdowns/O_ISAC_030/O_ISAC_030/O_ISAC_030_meta.json,yes,yes,yes,no,10.1109/TMC.2025.3545340,ReflexGest: Recognizing Hand Gestures Under VLC-Capable Lamps,1,Duplicate,
O_ISAC_031,Photonics-enabled full-duplex millimeter-wave integrated sensing and communication,meta_json_toc,10.1109/ACP/IPOC63121.2024.10810000,legacy_included_list,data/proc_markdowns/O_ISAC_031,data/proc_markdowns/O_ISAC_031/O_ISAC_031.md,data/proc_markdowns/O_ISAC_031/O_ISAC_031/O_ISAC_031_meta.json,yes,yes,yes,no,10.1109/ACP/IPOC63121.2024.10810000,Photonics-Enabled Full-Duplex Millimeter-Wave Integrated Sensing and Communication,1,Duplicate,
O_ISAC_032,Temperature Compensation Method for Polarization-Multiplexed Fiber-Optic Vibration Sensing Unit,meta_json_toc,10.1109/JSEN.2024.3501256,legacy_included_list,data/proc_markdowns/O_ISAC_032,data/proc_markdowns/O_ISAC_032/O_ISAC_032.md,data/proc_markdowns/O_ISAC_032/O_ISAC_032/O_ISAC_032_meta.json,yes,yes,yes,no,10.1109/JSEN.2024.3501256,Temperature Compensation Method for Polarization-Multiplexed Fiber-Optic Vibration Sensing Unit,0,,
O_ISAC_033,Simultaneous Sensing and Communication in Optical Fibers,meta_json_toc,10.1063/1.5113955,markdown_extract,data/proc_markdowns/O_ISAC_033,data/proc_markdowns/O_ISAC_033/O_ISAC_033.md,data/proc_markdowns/O_ISAC_033/O_ISAC_033/O_ISAC_033_meta.json,yes,yes,yes,no,,Simultaneous Sensing and Communication in Optical Fibers,0,,
O_ISAC_034,Pulse Sequence Sensing and Pulse Position Modulation for Optical Integrated Sensing and Communication,meta_json_toc,10.1109/LCOMM.2023.3270184,legacy_included_list,data/proc_markdowns/O_ISAC_034,data/proc_markdowns/O_ISAC_034/O_ISAC_034.md,data/proc_markdowns/O_ISAC_034/O_ISAC_034/O_ISAC_034_meta.json,yes,yes,yes,no,10.1109/LCOMM.2023.3270184,Pulse Sequence Sensing and Pulse Position Modulation for Optical Integrated Sensing and Communication,1,Duplicate,
O_ISAC_035,OCDM-Based FMCW Waveform Design for FSO Integrated Sensing and Communications,meta_json_toc,10.1109/JLT.2025.3592208,legacy_included_list,data/proc_markdowns/O_ISAC_035,data/proc_markdowns/O_ISAC_035/O_ISAC_035.md,data/proc_markdowns/O_ISAC_035/O_ISAC_035/O_ISAC_035_meta.json,yes,yes,yes,no,10.1109/JLT.2025.3592208,OCDM-Based FMCW Waveform Design for FSO Integrated Sensing and Communications,1,Duplicate,
O_ISAC_036,Heterogeneous Integrated III-V-on-SOI Transmitter for 6G FiWi mmWave/FSO Integrated Sensing and Communication,meta_json_toc,10.1109/ECOC66593.2025.11263375,legacy_included_list,data/proc_markdowns/O_ISAC_036,data/proc_markdowns/O_ISAC_036/O_ISAC_036.md,data/proc_markdowns/O_ISAC_036/O_ISAC_036/O_ISAC_036_meta.json,yes,yes,yes,no,10.1109/ECOC66593.2025.11263375,Heterogeneous Integrated III-V-on-Soi Transmitter for 6G FiWi mmWave/FSO Integrated Sensing and Communication,0,,
O_ISAC_037,Linearly Polarized Mode Demultiplexing Hybrid based on Multi-Plane Light Conversion,meta_json_toc,10.1109/ICOCN63276.2024.10648374,legacy_included_list,data/proc_markdowns/O_ISAC_037,data/proc_markdowns/O_ISAC_037/O_ISAC_037.md,data/proc_markdowns/O_ISAC_037/O_ISAC_037/O_ISAC_037_meta.json,yes,yes,yes,no,10.1109/ICOCN63276.2024.10648374,Linearly Polarized Mode Demultiplexing Hybrid Based on Multi-Plane Light Conversion,0,,
O_ISAC_038,Integration of Distributed Sensing into Optical Coherent Networks through Non-Orthogonal Multiple Access,meta_json_toc,,,data/proc_markdowns/O_ISAC_038,data/proc_markdowns/O_ISAC_038/O_ISAC_038.md,data/proc_markdowns/O_ISAC_038/O_ISAC_038/O_ISAC_038_meta.json,yes,yes,yes,no,,Integration of Distributed Sensing into Optical Coherent Networks through Non-Orthogonal Multiple Access,0,,
O_ISAC_039,Visible Light Integrated Positioning and Communication: A Multi-Task Federated Learning Framework,meta_json_toc,10.1109/TMC.2022.3207164,legacy_included_list,data/proc_markdowns/O_ISAC_039,data/proc_markdowns/O_ISAC_039/O_ISAC_039.md,data/proc_markdowns/O_ISAC_039/O_ISAC_039/O_ISAC_039_meta.json,yes,yes,yes,no,10.1109/TMC.2022.3207164,Visible Light Integrated Positioning and Communication: A Multi-Task Federated Learning Framework,1,Duplicate,
O_ISAC_040,UAV-Aided Flying Retroreflective Optical ISAC with Angle Diversity Transmitters,meta_json_toc,10.23919/OECC/PSC62146.2025.11110803,legacy_included_list,data/proc_markdowns/O_ISAC_040,data/proc_markdowns/O_ISAC_040/O_ISAC_040.md,data/proc_markdowns/O_ISAC_040/O_ISAC_040/O_ISAC_040_meta.json,yes,yes,yes,no,10.23919/OECC/PSC62146.2025.11110803,UAV-Aided Flying Retroreflective Optical ISAC with Angle Diversity Transmitters,1,Duplicate,
O_ISAC_041,Co-Route Fiber Recognition and Status Diagnosis Based on Integrated Sensing and Communication in 6G Transport Networks,meta_json_toc,10.1109/JIOT.2024.3414863,legacy_included_list,data/proc_markdowns/O_ISAC_041,data/proc_markdowns/O_ISAC_041/O_ISAC_041.md,data/proc_markdowns/O_ISAC_041/O_ISAC_041/O_ISAC_041_meta.json,yes,yes,yes,no,10.1109/JIOT.2024.3414863,Co-Route Fiber Recognition and Status Diagnosis Based on Integrated Sensing and Communication in 6G Transport Networks,1,Duplicate,
O_ISAC_042,High-efficiency ISAC to enable sub-meter level vibration sensing for coherent fiber networks,meta_json_toc,,,data/proc_markdowns/O_ISAC_042,data/proc_markdowns/O_ISAC_042/O_ISAC_042.md,data/proc_markdowns/O_ISAC_042/O_ISAC_042/O_ISAC_042_meta.json,yes,yes,yes,no,,High-efficiency ISAC to enable sub-meter level vibration sensing for coherent fiber networks,0,,
O_ISAC_043,Photonic-based W-band Flexible TFDM Integrated Sensing and Communication System for Fiber-wireless Network,meta_json_toc,10.1364/OFC.2023.W4J.5,legacy_included_list,data/proc_markdowns/O_ISAC_043,data/proc_markdowns/O_ISAC_043/O_ISAC_043.md,data/proc_markdowns/O_ISAC_043/O_ISAC_043/O_ISAC_043_meta.json,yes,yes,yes,no,10.1364/OFC.2023.W4J.5,Photonic-based W-band Flexible TFDM Integrated Sensing and Communication System for Fiber-wireless Network,1,Duplicate,
O_ISAC_044,Photonic-Based W-Band Integrated Sensing and Communication System With Flexible Time- Frequency Division Multiplexed Waveforms for Fiber-Wireless Network,meta_json_toc,10.1109/JLT.2024.3354070,markdown_extract,data/proc_markdowns/O_ISAC_044,data/proc_markdowns/O_ISAC_044/O_ISAC_044.md,data/proc_markdowns/O_ISAC_044/O_ISAC_044/O_ISAC_044_meta.json,yes,yes,no,no,,,1,Duplicate,legacy_included_list_omission_resolved_by_phase2_and_repo_corpus_evidence;named_pdf_alias_added_from_extensionless_retrieved_doc
O_ISAC_045,Simultaneous Sensing and Communication Over 20 km Fiber Based on Si<sub>3</sub>N<sub>4</sub> Micro-Ring,meta_json_toc,10.1109/CLEO-PR60912.2024.10676568,legacy_included_list,data/proc_markdowns/O_ISAC_045,data/proc_markdowns/O_ISAC_045/O_ISAC_045.md,data/proc_markdowns/O_ISAC_045/O_ISAC_045/O_ISAC_045_meta.json,yes,yes,yes,no,10.1109/CLEO-PR60912.2024.10676568,Simultaneous Sensing and Communication Over 20 km Fiber Based on Si3N4 Micro-Ring,0,,
O_ISAC_046,Co-wavelength-channel Integration of Ultra-low- frequency Distributed Acoustic Sensing and High- Capacity Communication,meta_json_toc,10.1109/ACP/IPOC63121.2024.10810040,legacy_included_list,data/proc_markdowns/O_ISAC_046,data/proc_markdowns/O_ISAC_046/O_ISAC_046.md,data/proc_markdowns/O_ISAC_046/O_ISAC_046/O_ISAC_046_meta.json,yes,yes,yes,no,10.1109/ACP/IPOC63121.2024.10810040,Co-Wavelength-Channel Integration of Ultra-Low-Frequency Distributed Acoustic Sensing and High-Capacity Communication,0,,
O_ISAC_047,Zero-Padding 2D-DFT Scheme for Photonics-Assisted W-Band Fiber-Wireless ISAC System With Orthogonal Time Frequency Space Modulation,meta_json_toc,10.1109/JLT.2025.3602312,legacy_included_list,data/proc_markdowns/O_ISAC_047,data/proc_markdowns/O_ISAC_047/O_ISAC_047.md,data/proc_markdowns/O_ISAC_047/O_ISAC_047/O_ISAC_047_meta.json,yes,yes,yes,no,10.1109/JLT.2025.3602312,Zero-Padding 2D-DFT Scheme for Photonics-Assisted W-Band Fiber-Wireless ISAC System With Orthogonal Time Frequency Space Modulation,1,Duplicate,
O_ISAC_048,Power Allocation for OFDM-Based Free Space Optical Integrated Sensing and Communication,meta_json_toc,10.1109/ICC51166.2024.10622583,legacy_included_list,data/proc_markdowns/O_ISAC_048,data/proc_markdowns/O_ISAC_048/O_ISAC_048.md,data/proc_markdowns/O_ISAC_048/O_ISAC_048/O_ISAC_048_meta.json,yes,yes,yes,no,10.1109/ICC51166.2024.10622583,Power Allocation for OFDM-Based Free Space Optical Integrated Sensing and Communication,1,Duplicate,
O_ISAC_049,Joint Optimization of Slot Selection and Power Allocation in Integrated Visible Light Communication and Sensing Systems,meta_json_toc,10.1109/JIOT.2023.3303137,legacy_included_list,data/proc_markdowns/O_ISAC_049,data/proc_markdowns/O_ISAC_049/O_ISAC_049.md,data/proc_markdowns/O_ISAC_049/O_ISAC_049/O_ISAC_049_meta.json,yes,yes,yes,no,10.1109/JIOT.2023.3303137,Joint Optimization of Slot Selection and Power Allocation in Integrated Visible Light Communication and Sensing Systems,1,Duplicate,
O_ISAC_050,Visible Light Communication-Enabled Simultaneous Position and Orientation Detection for Harnessing Multipath Interference and Random Fading,meta_json_toc,10.1109/TITS.2023.3324361,legacy_included_list,data/proc_markdowns/O_ISAC_050,data/proc_markdowns/O_ISAC_050/O_ISAC_050.md,data/proc_markdowns/O_ISAC_050/O_ISAC_050/O_ISAC_050_meta.json,yes,yes,yes,no,10.1109/TITS.2023.3324361,Visible Light Communication-Enabled Simultaneous Position and Orientation Detection for Harnessing Multipath Interference and Random Fading,1,Duplicate,
O_ISAC_051,Remote Phase-Shift LiDAR With Communication,meta_json_toc,10.1109/TCOMM.2023.3233962,legacy_included_list,data/proc_markdowns/O_ISAC_051,data/proc_markdowns/O_ISAC_051/O_ISAC_051.md,data/proc_markdowns/O_ISAC_051/O_ISAC_051/O_ISAC_051_meta.json,yes,yes,yes,no,10.1109/TCOMM.2023.3233962,Remote Phase-Shift LiDAR With Communication,1,Duplicate,
O_ISAC_052,Adaptive Resource Allocation in ADO-OFDM for Optical Wireless Integrated Sensing and Communication,meta_json_toc,10.1109/GLOBECOM52923.2024.10901628,legacy_included_list,data/proc_markdowns/O_ISAC_052,data/proc_markdowns/O_ISAC_052/O_ISAC_052.md,data/proc_markdowns/O_ISAC_052/O_ISAC_052/O_ISAC_052_meta.json,yes,yes,yes,no,10.1109/GLOBECOM52923.2024.10901628,Adaptive Resource Allocation in ADO-OFDM for Optical Wireless Integrated Sensing and Communication,1,Duplicate,
O_ISAC_053,Integrated Sensing and Communication in the Visible Spectral Range: A Novel Closed Loop Controller,meta_json_toc,10.1109/CoBCom55489.2022.9880677,legacy_included_list,data/proc_markdowns/O_ISAC_053,data/proc_markdowns/O_ISAC_053/O_ISAC_053.md,data/proc_markdowns/O_ISAC_053/O_ISAC_053/O_ISAC_053_meta.json,yes,yes,yes,no,10.1109/CoBCom55489.2022.9880677,Integrated Sensing and Communication in the Visible Spectral Range: A Novel Closed Loop Controller,1,Duplicate,
O_ISAC_054,Optical Integrated Sensing and Communication With Light-Emitting Diode,meta_json_toc,10.1109/JIOT.2024.3523045,legacy_included_list,data/proc_markdowns/O_ISAC_054,data/proc_markdowns/O_ISAC_054/O_ISAC_054.md,data/proc_markdowns/O_ISAC_054/O_ISAC_054/O_ISAC_054_meta.json,yes,yes,yes,no,10.1109/JIOT.2024.3523045,Optical Integrated Sensing and Communication With Light-Emitting Diode,1,Duplicate,
O_ISAC_055,Free Space Optical Integrated Sensing and Communication Based on LFM and CPM,meta_json_toc,10.1109/LCOMM.2023.3332658,legacy_included_list,data/proc_markdowns/O_ISAC_055,data/proc_markdowns/O_ISAC_055/O_ISAC_055.md,data/proc_markdowns/O_ISAC_055/O_ISAC_055/O_ISAC_055_meta.json,yes,yes,yes,no,10.1109/LCOMM.2023.3332658,Free Space Optical Integrated Sensing and Communication Based on LFM and CPM,1,Duplicate,
O_ISAC_056,Optical ISAC: Fundamental Performance Limits and Transceiver Design,meta_json_toc,10.1109/GCWkshp64532.2024.11101062,legacy_included_list,data/proc_markdowns/O_ISAC_056,data/proc_markdowns/O_ISAC_056/O_ISAC_056.md,data/proc_markdowns/O_ISAC_056/O_ISAC_056/O_ISAC_056_meta.json,yes,yes,yes,no,10.1109/GCWkshp64532.2024.11101062,Optical ISAC: Fundamental Performance Limits and Transceiver Design,0,,
O_ISAC_057,60-GHz photonic millimeter-wave joint radar- communication system,meta_json_toc,10.1109/ICMMT52847.2021.9618314,legacy_included_list,data/proc_markdowns/O_ISAC_057,data/proc_markdowns/O_ISAC_057/O_ISAC_057.md,data/proc_markdowns/O_ISAC_057/O_ISAC_057/O_ISAC_057_meta.json,yes,yes,yes,no,10.1109/ICMMT52847.2021.9618314,60-GHz photonic millimeter-wave joint radar-communication system,0,,
O_ISAC_058,Photonic-Based Flexible Integrated Sensing and Communication With Multiple Targets Detection Capability for W-Band Fiber-Wireless Network,meta_json_toc,10.1109/TMTT.2024.3355936,legacy_included_list,data/proc_markdowns/O_ISAC_058,data/proc_markdowns/O_ISAC_058/O_ISAC_058.md,data/proc_markdowns/O_ISAC_058/O_ISAC_058/O_ISAC_058_meta.json,yes,yes,yes,no,10.1109/TMTT.2024.3355936,Photonic-Based Flexible Integrated Sensing and Communication With Multiple Targets Detection Capability for W-Band Fiber-Wireless Network,1,Duplicate,
O_ISAC_059,Terrestrial and Non-Terrestrial Networks for Integrated Sensing and Communication,meta_json_toc,10.1109/ISSE63315.2024.10741118,legacy_included_list,data/proc_markdowns/O_ISAC_059,data/proc_markdowns/O_ISAC_059/O_ISAC_059.md,data/proc_markdowns/O_ISAC_059/O_ISAC_059/O_ISAC_059_meta.json,yes,yes,yes,no,10.1109/ISSE63315.2024.10741118,Terrestrial and Non-Terrestrial Networks for Integrated Sensing and Communication,1,Duplicate,
O_ISAC_060,A Unified Waveform for Optical Wireless Integrated Sensing and Communication,meta_json_toc,10.1109/ACP55869.2022.10088865,legacy_included_list,data/proc_markdowns/O_ISAC_060,data/proc_markdowns/O_ISAC_060/O_ISAC_060.md,data/proc_markdowns/O_ISAC_060/O_ISAC_060/O_ISAC_060_meta.json,yes,yes,yes,no,10.1109/ACP55869.2022.10088865,A Unified Waveform for Optical Wireless Integrated Sensing and Communication,1,Duplicate,
O_ISAC_061,Optical Wireless Integrated Sensing and Communication Based on Optical Phased Array: Performance Metric and Optimal Beamforming,meta_json_toc,10.1109/TWC.2025.3559254,legacy_included_list,data/proc_markdowns/O_ISAC_061,data/proc_markdowns/O_ISAC_061/O_ISAC_061.md,data/proc_markdowns/O_ISAC_061/O_ISAC_061/O_ISAC_061_meta.json,yes,yes,yes,no,10.1109/TWC.2025.3559254,Optical Wireless Integrated Sensing and Communication Based on Optical Phased Array: Performance Metric and Optimal Beamforming,1,Duplicate,
O_ISAC_062,6-DoF Location-and-Pose Estimation Toward Integrated Visible Light Communication and Sensing: Algorithm Design and Performance Limits,meta_json_toc,10.1109/TSP.2024.3383285,legacy_included_list,data/proc_markdowns/O_ISAC_062,data/proc_markdowns/O_ISAC_062/O_ISAC_062.md,data/proc_markdowns/O_ISAC_062/O_ISAC_062/O_ISAC_062_meta.json,yes,yes,yes,no,10.1109/TSP.2024.3383285,6-DoF Location-and-Pose Estimation Toward Integrated Visible Light Communication and Sensing: Algorithm Design and Performance Limits,2,Duplicate,
O_ISAC_063,Simple and Precise Characterization of Full-Field Frequency Response for Coherent TOSA,meta_json_toc,10.1109/JLT.2024.3352493,legacy_included_list,data/proc_markdowns/O_ISAC_063,data/proc_markdowns/O_ISAC_063/O_ISAC_063.md,data/proc_markdowns/O_ISAC_063/O_ISAC_063/O_ISAC_063_meta.json,yes,yes,yes,no,10.1109/JLT.2024.3352493,Simple and Precise Characterization of Full-Field Frequency Response for Coherent TOSA,0,,
O_ISAC_064,Integrated Sensing and Communications for Metropolitan Environments,meta_json_toc,,,data/proc_markdowns/O_ISAC_064,data/proc_markdowns/O_ISAC_064/O_ISAC_064.md,data/proc_markdowns/O_ISAC_064/O_ISAC_064/O_ISAC_064_meta.json,yes,yes,yes,no,,Integrated Sensing and Communications for Metropolitan Environments,2,Duplicate,
O_ISAC_065,THz-Over-Fiber System With Orthogonal Chirp Division Multiplexing for Integrated Sensing and Communication,meta_json_toc,10.1109/JLT.2023.3311645,legacy_included_list,data/proc_markdowns/O_ISAC_065,data/proc_markdowns/O_ISAC_065/O_ISAC_065.md,data/proc_markdowns/O_ISAC_065/O_ISAC_065/O_ISAC_065_meta.json,yes,yes,yes,no,10.1109/JLT.2023.3311645,THz-Over-Fiber System With Orthogonal Chirp Division Multiplexing for Integrated Sensing and Communication,1,Duplicate,
O_ISAC_066,Pre-Distortion of Soliton Collision in Dual-Polarization Interaction-Tolerant Soliton Transmission,meta_json_toc,10.1109/JLT.2024.3483289,legacy_included_list,data/proc_markdowns/O_ISAC_066,data/proc_markdowns/O_ISAC_066/O_ISAC_066.md,data/proc_markdowns/O_ISAC_066/O_ISAC_066/O_ISAC_066_meta.json,yes,yes,yes,no,10.1109/JLT.2024.3483289,Pre-Distortion of Soliton Collision in Dual-Polarization Interaction-Tolerant Soliton Transmission,0,,
O_ISAC_067,Measurement-based Validation of Ray-tracing Model at sub-THz for ISAC Applications of Blockage in Industrial Scenario,meta_json_toc,10.46620/URSIATRASC24/MKTB3572,legacy_included_list,data/proc_markdowns/O_ISAC_067,data/proc_markdowns/O_ISAC_067/O_ISAC_067.md,data/proc_markdowns/O_ISAC_067/O_ISAC_067/O_ISAC_067_meta.json,yes,yes,yes,no,10.46620/URSIATRASC24/MKTB3572,Measurement-based Validation of Ray-tracing Model at sub-THz for ISAC Applications of Blockage in Industrial Scenario,1,Duplicate,
O_ISAC_068,Joint Communication and Sensing Prospects: Potential Through Visible Light,meta_json_toc,10.1109/CoBCom62281.2024.10631227,legacy_included_list,data/proc_markdowns/O_ISAC_068,data/proc_markdowns/O_ISAC_068/O_ISAC_068.md,data/proc_markdowns/O_ISAC_068/O_ISAC_068/O_ISAC_068_meta.json,yes,yes,yes,no,10.1109/CoBCom62281.2024.10631227,Joint Communication and Sensing Prospects: Potential Through Visible Light,1,Duplicate,
O_ISAC_069,Advanced Signal Processing in Distributed Acoustic Sensors Based on Submarine Cables for Seismology Applications,meta_json_toc,10.1109/JLT.2023.3273268,legacy_included_list,data/proc_markdowns/O_ISAC_069,data/proc_markdowns/O_ISAC_069/O_ISAC_069.md,data/proc_markdowns/O_ISAC_069/O_ISAC_069/O_ISAC_069_meta.json,yes,yes,yes,no,10.1109/JLT.2023.3273268,Advanced Signal Processing in Distributed Acoustic Sensors Based on Submarine Cables for Seismology Applications,1,Duplicate,
O_ISAC_070,Exploring Photonic THz-ISAC Systems with Integrated Waveforms,meta_json_toc,10.1109/JLT.2025.3615209,legacy_included_list,data/proc_markdowns/O_ISAC_070,data/proc_markdowns/O_ISAC_070/O_ISAC_070.md,data/proc_markdowns/O_ISAC_070/O_ISAC_070/O_ISAC_070_meta.json,yes,yes,yes,no,10.1109/JLT.2025.3615209,Exploring Photonic THz-ISAC Systems with Integrated Waveforms,1,Duplicate,
O_ISAC_071,Full-Duplex RO-ISAC System: Wavelength Division Duplexing and Hybrid Waveform Design,meta_json_toc,10.1109/LPT.2025.3570997,legacy_included_list,data/proc_markdowns/O_ISAC_071,data/proc_markdowns/O_ISAC_071/O_ISAC_071.md,data/proc_markdowns/O_ISAC_071/O_ISAC_071/O_ISAC_071_meta.json,yes,yes,yes,no,10.1109/LPT.2025.3570997,Full-Duplex RO-ISAC System: Wavelength Division Duplexing and Hybrid Waveform Design,1,Duplicate,
O_ISAC_072,Integrated Vibration Sensing in DSCM Systems Under ECLs Based on ANN and Digital Twin,meta_json_toc,10.1109/ICOCN67308.2025.11145413,legacy_included_list,data/proc_markdowns/O_ISAC_072,data/proc_markdowns/O_ISAC_072/O_ISAC_072.md,data/proc_markdowns/O_ISAC_072/O_ISAC_072/O_ISAC_072_meta.json,yes,yes,yes,no,10.1109/ICOCN67308.2025.11145413,Integrated Vibration Sensing in DSCM Systems Under ECLs Based on ANN and Digital Twin,1,Duplicate,
O_ISAC_073,Clock and Carrier Synchronization Using Optical Frequency Combs in Radio Access Networks,meta_json_toc,10.1109/ICT65093.2025.11046275,legacy_included_list,data/proc_markdowns/O_ISAC_073,data/proc_markdowns/O_ISAC_073/O_ISAC_073.md,data/proc_markdowns/O_ISAC_073/O_ISAC_073/O_ISAC_073_meta.json,yes,yes,yes,no,10.1109/ICT65093.2025.11046275,Clock and Carrier Synchronization Using Optical Frequency Combs in Radio Access Networks,1,Duplicate,
O_ISAC_074,Endogenous ISAC Enabled Interference Fading Free Sensing via Telecom Training Sequence,meta_json_toc,10.23919/OECC/PSC62146.2025.11110297,legacy_included_list,data/proc_markdowns/O_ISAC_074,data/proc_markdowns/O_ISAC_074/O_ISAC_074.md,data/proc_markdowns/O_ISAC_074/O_ISAC_074/O_ISAC_074_meta.json,yes,yes,yes,no,10.23919/OECC/PSC62146.2025.11110297,Endogenous ISAC Enabled Interference Fading Free Sensing via Telecom Training Sequence,0,,
O_ISAC_075,Flexible Waveform Design for RO-ISAC Based on OFDM-Embedded Maximum Length Sequence,meta_json_toc,10.1109/LWC.2025.3593253,legacy_included_list,data/proc_markdowns/O_ISAC_075,data/proc_markdowns/O_ISAC_075/O_ISAC_075.md,data/proc_markdowns/O_ISAC_075/O_ISAC_075/O_ISAC_075_meta.json,yes,yes,yes,no,10.1109/LWC.2025.3593253,Flexible Waveform Design for RO-ISAC Based on OFDM-Embedded Maximum Length Sequence,1,Duplicate,
O_ISAC_076,Integrated Communication and Enhanced Forward Phase-Based Sensing Based on Frequency-Domain Pilot Tones in DSCM Systems Using 100 kHz ECLs,meta_json_toc,10.1109/JLT.2024.3510371,legacy_included_list,data/proc_markdowns/O_ISAC_076,data/proc_markdowns/O_ISAC_076/O_ISAC_076.md,data/proc_markdowns/O_ISAC_076/O_ISAC_076/O_ISAC_076_meta.json,yes,yes,yes,no,10.1109/JLT.2024.3510371,Integrated Communication and Enhanced Forward Phase-Based Sensing Based on Frequency-Domain Pilot Tones in DSCM Systems Using 100 kHz ECLs,1,Duplicate,
O_ISAC_077,THz-over-fiber system with orthogonal chirp division multiplexing for integrated sensing and communication,meta_json_toc,10.1109/OECC56963.2023.10209717,legacy_included_list,data/proc_markdowns/O_ISAC_077,data/proc_markdowns/O_ISAC_077/O_ISAC_077.md,data/proc_markdowns/O_ISAC_077/O_ISAC_077/O_ISAC_077_meta.json,yes,yes,yes,no,10.1109/OECC56963.2023.10209717,THz-over-fiber system with orthogonal chirp division multiplexing for integrated sensing and communication,1,Duplicate,
O_ISAC_078,O-Band DML Enabled 4×100G Short-Reach Photonic Interconnections With Weighted Decision Aided Recurrent Neural Network,meta_json_toc,10.1109/JLT.2025.3565115,legacy_included_list,data/proc_markdowns/O_ISAC_078,data/proc_markdowns/O_ISAC_078/O_ISAC_078.md,data/proc_markdowns/O_ISAC_078/O_ISAC_078/O_ISAC_078_meta.json,yes,yes,yes,no,10.1109/JLT.2025.3565115,O-Band DML Enabled 4×100G Short-Reach Photonic Interconnections With Weighted Decision Aided Recurrent Neural Network,0,,
O_ISAC_079,LFM Carrier Enabled Integrated Sensing and Communication in Self-homodyne Coherent Detection Transmission System,meta_json_toc,10.1109/ECOC66593.2025.11262927,legacy_included_list,data/proc_markdowns/O_ISAC_079,data/proc_markdowns/O_ISAC_079/O_ISAC_079.md,data/proc_markdowns/O_ISAC_079/O_ISAC_079/O_ISAC_079_meta.json,yes,yes,yes,no,10.1109/ECOC66593.2025.11262927,LFM Carrier Enabled Integrated Sensing and Communication in Self-homodyne Coherent Detection Transmission System,0,,
O_ISAC_080,1,meta_json_toc,10.1109/JLT.2025.3625373,legacy_included_list,data/proc_markdowns/O_ISAC_080,data/proc_markdowns/O_ISAC_080/O_ISAC_080.md,data/proc_markdowns/O_ISAC_080/O_ISAC_080/O_ISAC_080_meta.json,yes,yes,yes,no,10.1109/JLT.2025.3625373,Integrated Communication and In-band Spectrum Polarization-Based Sensing via Fraction-Division Non-Orthogonal Multiple Access,1,Duplicate,
O_ISAC_081,Traveling Wave Antenna-on-Display featuring Simultaneous 2-D Phase and Frequency Beam Scanning for Integrated Sensing and Communication,meta_json_toc,10.23919/EuCAP63536.2025.10999638,legacy_included_list,data/proc_markdowns/O_ISAC_081,data/proc_markdowns/O_ISAC_081/O_ISAC_081.md,data/proc_markdowns/O_ISAC_081/O_ISAC_081/O_ISAC_081_meta.json,yes,yes,yes,no,10.23919/EuCAP63536.2025.10999638,Traveling Wave Antenna-on-Display Featuring Simultaneous 2-D Phase and Frequency Beam Scanning for Integrated Sensing and Communication,1,Duplicate,
O_ISAC_082,Signal-Signal Beating Interference: From Destructive to Constructive for Photonic THz Integrated Sensing and Communication System Using Self-Coherent OFDM,meta_json_toc,10.1109/TMTT.2025.3638469,legacy_included_list,data/proc_markdowns/O_ISAC_082,data/proc_markdowns/O_ISAC_082/O_ISAC_082.md,data/proc_markdowns/O_ISAC_082/O_ISAC_082/O_ISAC_082_meta.json,yes,yes,yes,no,10.1109/TMTT.2025.3638469,Signal-Signal Beating Interference: From Destructive to Constructive for Photonic THz Integrated Sensing and Communication System Using Self-Coherent OFDM,1,Duplicate,
O_ISAC_083,Towards Efficient Confluent Edge Networks,meta_json_toc,10.1109/EuCNC/6GSummit60053.2024.10597093,legacy_included_list,data/proc_markdowns/O_ISAC_083,data/proc_markdowns/O_ISAC_083/O_ISAC_083.md,data/proc_markdowns/O_ISAC_083/O_ISAC_083/O_ISAC_083_meta.json,yes,yes,yes,no,10.1109/EuCNC/6GSummit60053.2024.10597093,Towards Efficient Confluent Edge Networks,1,Duplicate,
O_ISAC_084,LumiPane: Intelligent Interaction through Gesture Sensing and Ambient Light Communication,meta_json_toc,10.1109/GCWkshp64532.2024.11101040,legacy_included_list,data/proc_markdowns/O_ISAC_084,data/proc_markdowns/O_ISAC_084/O_ISAC_084.md,data/proc_markdowns/O_ISAC_084/O_ISAC_084/O_ISAC_084_meta.json,yes,yes,yes,no,10.1109/GCWkshp64532.2024.11101040,LumiPane: Intelligent Interaction through Gesture Sensing and Ambient Light Communication,0,,
O_ISAC_085,Flexible Vibration Sensing Using Kalman Smoother Integrated in ECL-Based Communication Systems,meta_json_toc,10.1109/LPT.2025.3577173,legacy_included_list,data/proc_markdowns/O_ISAC_085,data/proc_markdowns/O_ISAC_085/O_ISAC_085.md,data/proc_markdowns/O_ISAC_085/O_ISAC_085/O_ISAC_085_meta.json,yes,yes,yes,no,10.1109/LPT.2025.3577173,Flexible Vibration Sensing Using Kalman Smoother Integrated in ECL-Based Communication Systems,1,Duplicate,
O_ISAC_086,Photonics-assisted Millimeter-Wave Multiband Integrated Sensing and Communication System Using Coherent Receiving,meta_json_toc,10.1109/JSTQE.2023.3276903,legacy_included_list,data/proc_markdowns/O_ISAC_086,data/proc_markdowns/O_ISAC_086/O_ISAC_086.md,data/proc_markdowns/O_ISAC_086/O_ISAC_086/O_ISAC_086_meta.json,yes,yes,yes,no,10.1109/JSTQE.2023.3276903,Photonics-assisted Millimeter-Wave Multiband Integrated Sensing and Communication System Using Coherent Receiving,1,Duplicate,
O_ISAC_088,Optical Transport Networks Supporting Integrated Communications and Sensing in 6G,meta_json_toc,10.1109/ECOC66593.2025.11263441,legacy_included_list,data/proc_markdowns/O_ISAC_088,data/proc_markdowns/O_ISAC_088/O_ISAC_088.md,data/proc_markdowns/O_ISAC_088/O_ISAC_088/O_ISAC_088_meta.json,yes,yes,yes,no,10.1109/ECOC66593.2025.11263441,Optical Transport Networks Supporting Integrated Communications and Sensing in 6G,0,,
O_ISAC_089,"Free Space Optical Communication for Inter-Satellite Link: Architecture, Potentials and Trends",meta_json_toc,10.1109/MCOM.002.2300024,legacy_included_list,data/proc_markdowns/O_ISAC_089,data/proc_markdowns/O_ISAC_089/O_ISAC_089.md,data/proc_markdowns/O_ISAC_089/O_ISAC_089/O_ISAC_089_meta.json,yes,yes,yes,no,10.1109/MCOM.002.2300024,"Free Space Optical Communication for Inter-Satellite Link: Architecture, Potentials and Trends",1,Duplicate,
O_ISAC_090,Demonstration of High Sensitivity Detection and High Precision Localization of Vibrations in Bidirectional Coherent Transmission Systems Enabled by Carrier Laser Phase Noise Retrieval,meta_json_toc,10.1109/JLT.2025.3593142,legacy_included_list,data/proc_markdowns/O_ISAC_090,data/proc_markdowns/O_ISAC_090/O_ISAC_090.md,data/proc_markdowns/O_ISAC_090/O_ISAC_090/O_ISAC_090_meta.json,yes,yes,yes,no,10.1109/JLT.2025.3593142,Demonstration of High Sensitivity Detection and High Precision Localization of Vibrations in Bidirectional Coherent Transmission Systems Enabled by Carrier Laser Phase Noise Retrieval,1,Duplicate,
O_ISAC_091,Optimal Beamforming for Optical Wireless Integrated Sensing and Communication Based on Optical Phased Array,meta_json_toc,10.1109/ICC52391.2025.11160979,legacy_included_list,data/proc_markdowns/O_ISAC_091,data/proc_markdowns/O_ISAC_091/O_ISAC_091.md,data/proc_markdowns/O_ISAC_091/O_ISAC_091/O_ISAC_091_meta.json,yes,yes,yes,no,10.1109/ICC52391.2025.11160979,Optimal Beamforming for Optical Wireless Integrated Sensing and Communication Based on Optical Phased Array,1,Duplicate,
O_ISAC_092,PAM Waveform Design for Joint Communication and Sensing Based on Visible Light,meta_json_toc,10.1109/JIOT.2024.3373447,legacy_included_list,data/proc_markdowns/O_ISAC_092,data/proc_markdowns/O_ISAC_092/O_ISAC_092.md,data/proc_markdowns/O_ISAC_092/O_ISAC_092/O_ISAC_092_meta.json,yes,yes,yes,no,10.1109/JIOT.2024.3373447,PAM Waveform Design for Joint Communication and Sensing Based on Visible Light,1,Duplicate,
O_ISAC_093,Multi-Modal Integrated Sensing and Communication in Internet of Things With Large Language Models,meta_json_toc,10.1109/MIOT.2025.3575888,legacy_included_list,data/proc_markdowns/O_ISAC_093,data/proc_markdowns/O_ISAC_093/O_ISAC_093.md,data/proc_markdowns/O_ISAC_093/O_ISAC_093/O_ISAC_093_meta.json,yes,yes,yes,no,10.1109/MIOT.2025.3575888,Multi-Modal Integrated Sensing and Communication in Internet of Things With Large Language Models,1,Duplicate,
O_ISAC_094,Perception-Enhanced Multitask Multimodal Semantic Communication for UAV-Assisted Integrated Sensing and Communication System,meta_json_toc,10.1109/ICCWorkshops67674.2025.11162428,legacy_included_list,data/proc_markdowns/O_ISAC_094,data/proc_markdowns/O_ISAC_094/O_ISAC_094/O_ISAC_094.md,data/proc_markdowns/O_ISAC_094/O_ISAC_094/O_ISAC_094_meta.json,yes,yes,yes,no,10.1109/ICCWorkshops67674.2025.11162428,Perception-Enhanced Multitask Multimodal Semantic Communication for UAV-Assisted Integrated Sensing and Communication System,1,Duplicate,
O_ISAC_095,A Spectrum-Efficient MoF Architecture for Joint Sensing and Communication in B5G Based on Polarization Interleaving and Polarization-Insensitive Filtering,meta_json_toc,10.1109/JLT.2022.3181608,legacy_included_list,data/proc_markdowns/O_ISAC_095,data/proc_markdowns/O_ISAC_095/O_ISAC_095/O_ISAC_095.md,data/proc_markdowns/O_ISAC_095/O_ISAC_095/O_ISAC_095_meta.json,yes,yes,yes,no,10.1109/JLT.2022.3181608,A Spectrum-Efficient MoF Architecture for Joint Sensing and Communication in B5G Based on Polarization Interleaving and Polarization-Insensitive Filtering,1,Duplicate,
O_ISAC_096,Nanoantennas and Nanoradars: The Future of Integrated Sensing and Communication at the Nanoscale,meta_json_toc,10.1109/TMBMC.2024.3434545,legacy_included_list,data/proc_markdowns/O_ISAC_096,data/proc_markdowns/O_ISAC_096/O_ISAC_096/O_ISAC_096.md,data/proc_markdowns/O_ISAC_096/O_ISAC_096/O_ISAC_096_meta.json,yes,yes,yes,no,10.1109/TMBMC.2024.3434545,Nanoantennas and Nanoradars: The Future of Integrated Sensing and Communication at the Nanoscale,1,Duplicate,
O_ISAC_097,Microwave Photonic Integrated Sensing and Communication Based on Polarization Multiplexing and Frequency-to-Time Mapping,meta_json_toc,10.1109/JIOT.2025.3542099,legacy_included_list,data/proc_markdowns/O_ISAC_097,data/proc_markdowns/O_ISAC_097/O_ISAC_097/O_ISAC_097.md,data/proc_markdowns/O_ISAC_097/O_ISAC_097/O_ISAC_097_meta.json,yes,yes,yes,no,10.1109/JIOT.2025.3542099,Microwave Photonic Integrated Sensing and Communication Based on Polarization Multiplexing and Frequency-to-Time Mapping,1,Duplicate,
O_ISAC_098,Optical Integrated Sensing and Communication System Based on Combination of OIRS and PD Array for Mobile Scenarios,meta_json_toc,10.1109/TWC.2024.3484569,legacy_included_list,data/proc_markdowns/O_ISAC_098,data/proc_markdowns/O_ISAC_098/O_ISAC_098/O_ISAC_098.md,data/proc_markdowns/O_ISAC_098/O_ISAC_098/O_ISAC_098_meta.json,yes,yes,yes,no,10.1109/TWC.2024.3484569,Optical Integrated Sensing and Communication System Based on Combination of OIRS and PD Array for Mobile Scenarios,1,Duplicate,
O_ISAC_099,Bidirectional Retroreflective Optical ISAC Using Time Division Duplexing and Clipped OFDM,meta_json_toc,10.1109/LPT.2025.3541038,legacy_included_list,data/proc_markdowns/O_ISAC_099,data/proc_markdowns/O_ISAC_099/O_ISAC_099/O_ISAC_099.md,data/proc_markdowns/O_ISAC_099/O_ISAC_099/O_ISAC_099_meta.json,yes,yes,yes,no,10.1109/LPT.2025.3541038,Bidirectional Retroreflective Optical ISAC Using Time Division Duplexing and Clipped OFDM,1,Duplicate,
O_ISAC_100,Optical Wireless Integrated Sensing and Communication Based on EADO-OFDM: A Flexible Resource Allocation Perspectivelg,meta_json_toc,10.1109/TWC.2025.3557061,legacy_included_list,data/proc_markdowns/O_ISAC_100,data/proc_markdowns/O_ISAC_100/O_ISAC_100/O_ISAC_100.md,data/proc_markdowns/O_ISAC_100/O_ISAC_100/O_ISAC_100_meta.json,yes,yes,yes,no,10.1109/TWC.2025.3557061,Optical Wireless Integrated Sensing and Communication Based on EADO-OFDM: A Flexible Resource Allocation Perspective,1,Duplicate,
O_ISAC_101,Intent and Context-Aware Optical Networks,meta_json_toc,10.1109/ICTON67126.2025.11125334,legacy_included_list,data/proc_markdowns/O_ISAC_101,data/proc_markdowns/O_ISAC_101/O_ISAC_101/O_ISAC_101.md,data/proc_markdowns/O_ISAC_101/O_ISAC_101/O_ISAC_101_meta.json,yes,yes,yes,no,10.1109/ICTON67126.2025.11125334,Intent and Context-Aware Optical Networks,1,Duplicate,
O_ISAC_102,Machine Learning-Enhanced Multi-Pump RFA for High-Performance Optical Backbone in Low-Altitude Sensing and Communication,meta_json_toc,10.1109/JIOT.2025.3626345,legacy_included_list,data/proc_markdowns/O_ISAC_102,data/proc_markdowns/O_ISAC_102/O_ISAC_102/O_ISAC_102.md,data/proc_markdowns/O_ISAC_102/O_ISAC_102/O_ISAC_102_meta.json,yes,yes,yes,no,10.1109/JIOT.2025.3626345,Machine Learning-Enhanced Multi-Pump RFA for High-Performance Optical Backbone in Low-Altitude Sensing and Communication,1,Duplicate,
O_ISAC_103,Simultaneous Transmission and Sensing Emulation Using Interconnected Counter-Propagating Recirculating Loops,meta_json_toc,10.1109/ECOC66593.2025.11262977,legacy_included_list,data/proc_markdowns/O_ISAC_103,data/proc_markdowns/O_ISAC_103/O_ISAC_103/O_ISAC_103.md,data/proc_markdowns/O_ISAC_103/O_ISAC_103/O_ISAC_103_meta.json,yes,yes,yes,no,10.1109/ECOC66593.2025.11262977,Simultaneous Transmission and Sensing Emulation Using Interconnected Counter-Propagating Recirculating Loops,0,,
O_ISAC_104,Joint communication and sensing in access networks for anthropic activities monitoring and real-time safety surveillance,meta_json_toc,10.1109/SUM65312.2025.11121744,legacy_included_list,data/proc_markdowns/O_ISAC_104,data/proc_markdowns/O_ISAC_104/O_ISAC_104/O_ISAC_104.md,data/proc_markdowns/O_ISAC_104/O_ISAC_104/O_ISAC_104_meta.json,yes,yes,yes,no,10.1109/SUM65312.2025.11121744,Joint communication and sensing in access networks for anthropic activities monitoring and real-time safety surveillance,1,Duplicate,
O_ISAC_105,Multi-Channel Photonic THz-ISAC System Based on Integrated LFM-QAM Waveform,meta_json_toc,10.1109/JLT.2024.3392282,legacy_included_list,data/proc_markdowns/O_ISAC_105,data/proc_markdowns/O_ISAC_105/O_ISAC_105/O_ISAC_105.md,data/proc_markdowns/O_ISAC_105/O_ISAC_105/O_ISAC_105_meta.json,yes,yes,yes,no,10.1109/JLT.2024.3392282,Multi-Channel Photonic THz-ISAC System Based on Integrated LFM-QAM Waveform,1,Duplicate,
O_ISAC_106,Retroreflective Optical ISAC Using OFDM and Corner Cube Reflector,meta_json_toc,10.1109/TENCON61640.2024.10902867,legacy_included_list,data/proc_markdowns/O_ISAC_106,data/proc_markdowns/O_ISAC_106/O_ISAC_106/O_ISAC_106.md,data/proc_markdowns/O_ISAC_106/O_ISAC_106/O_ISAC_106_meta.json,yes,yes,yes,no,10.1109/TENCON61640.2024.10902867,Retroreflective Optical ISAC Using OFDM and Corner Cube Reflector,0,,
O_ISAC_107,Experimental Demonstration of Integrated Optical Wireless Sensing and Communication,meta_json_toc,10.1109/JLT.2024.3415417,legacy_included_list,data/proc_markdowns/O_ISAC_107,data/proc_markdowns/O_ISAC_107/O_ISAC_107/O_ISAC_107.md,data/proc_markdowns/O_ISAC_107/O_ISAC_107/O_ISAC_107_meta.json,yes,yes,yes,no,10.1109/JLT.2024.3415417,Experimental Demonstration of Integrated Optical Wireless Sensing and Communication,1,Duplicate,
O_ISAC_108,Optical Integrated Sensing and Communication with Light-Emitting Diode,meta_json_toc,10.1109/ICCWorkshops59551.2024.10615407,legacy_included_list,data/proc_markdowns/O_ISAC_108,data/proc_markdowns/O_ISAC_108/O_ISAC_108/O_ISAC_108.md,data/proc_markdowns/O_ISAC_108/O_ISAC_108/O_ISAC_108_meta.json,yes,yes,yes,no,10.1109/ICCWorkshops59551.2024.10615407,Optical Integrated Sensing and Communication with Light-Emitting Diode,1,Duplicate,
O_ISAC_109,LiDAR aided Simulation Pipeline for Wireless Communication in Vehicular Traffic Scenarios,meta_json_toc,10.1109/PIMRC56721.2023.10294057,legacy_included_list,data/proc_markdowns/O_ISAC_109,data/proc_markdowns/O_ISAC_109/O_ISAC_109/O_ISAC_109.md,data/proc_markdowns/O_ISAC_109/O_ISAC_109/O_ISAC_109_meta.json,yes,yes,yes,no,10.1109/PIMRC56721.2023.10294057,LiDAR aided Simulation Pipeline for Wireless Communication in Vehicular Traffic Scenarios,1,Duplicate,
O_ISAC_110,Poster Abstract: Joint Optical Wireless Communication and Sensing using Neuromorphic Cameras,meta_json_toc,10.1109/IPSN61024.2024.00053,legacy_included_list,data/proc_markdowns/O_ISAC_110,data/proc_markdowns/O_ISAC_110/O_ISAC_110/O_ISAC_110.md,data/proc_markdowns/O_ISAC_110/O_ISAC_110/O_ISAC_110_meta.json,yes,yes,yes,no,10.1109/IPSN61024.2024.00053,Poster Abstract: Joint Optical Wireless Communication and Sensing using Neuromorphic Cameras,1,Duplicate,
O_ISAC_111,A Sub-THz ISAC System with Simultaneous Real-Time 125.516-Gbps Communication Rate and Offline 10-mm Sensing Resolution Enabled by Photonics,meta_json_toc,10.1364/OL.444252,markdown_extract,data/proc_markdowns/O_ISAC_111,data/proc_markdowns/O_ISAC_111/O_ISAC_111/O_ISAC_111.md,data/proc_markdowns/O_ISAC_111/O_ISAC_111/O_ISAC_111_meta.json,yes,yes,yes,no,,A Sub-THz ISAC System with Simultaneous Real-Time 125.516-Gbps Communication Rate and Offline 10-mm Sensing Resolution Enabled by Photonics,0,,
O_ISAC_112,Optical IRS-Aided Indoor Visible Light Fingerprint Localization,meta_json_toc,10.1109/TGCN.2025.3589348,legacy_included_list,data/proc_markdowns/O_ISAC_112,data/proc_markdowns/O_ISAC_112/O_ISAC_112/O_ISAC_112.md,data/proc_markdowns/O_ISAC_112/O_ISAC_112/O_ISAC_112_meta.json,yes,yes,yes,no,10.1109/TGCN.2025.3589348,Optical IRS-Aided Indoor Visible Light Fingerprint Localization,1,Duplicate,
O_ISAC_113,Advanced Integration of Sensing and Communication With High DSP Compatibility for SMART Network,meta_json_toc,10.1109/LPT.2025.3593343,legacy_included_list,data/proc_markdowns/O_ISAC_113,data/proc_markdowns/O_ISAC_113/O_ISAC_113/O_ISAC_113.md,data/proc_markdowns/O_ISAC_113/O_ISAC_113/O_ISAC_113_meta.json,yes,yes,yes,no,10.1109/LPT.2025.3593343,Advanced Integration of Sensing and Communication With High DSP Compatibility for SMART Network,2,Duplicate,
O_ISAC_114,"Revolutionizing 6G: Experimental Validation of an Optical Integrated Communication, Sensing, and Power Transfer System",meta_json_toc,10.1109/JSAC.2025.3608091,legacy_included_list,data/proc_markdowns/O_ISAC_114,data/proc_markdowns/O_ISAC_114/O_ISAC_114/O_ISAC_114.md,data/proc_markdowns/O_ISAC_114/O_ISAC_114/O_ISAC_114_meta.json,yes,yes,yes,no,10.1109/JSAC.2025.3608091,"Revolutionizing 6G: Experimental Validation of an Optical Integrated Communication, Sensing, and Power Transfer System",0,,
O_ISAC_115,Integrated Sensing and Communication in 6G: the Deterministic Channel Models for THz Imaging,meta_json_toc,10.1109/PIMRC50174.2021.9569384,legacy_included_list,data/proc_markdowns/O_ISAC_115,data/proc_markdowns/O_ISAC_115/O_ISAC_115/O_ISAC_115.md,data/proc_markdowns/O_ISAC_115/O_ISAC_115/O_ISAC_115_meta.json,yes,yes,yes,no,10.1109/PIMRC50174.2021.9569384,Integrated Sensing and Communication in 6G: the Deterministic Channel Models for THz Imaging,1,Duplicate,
O_ISAC_116,Enhanced Room Coverage With Photon-Level NLOS Ultraviolet Optical Wireless Communication,meta_json_toc,10.1109/LPT.2025.3559423,legacy_included_list,data/proc_markdowns/O_ISAC_116,data/proc_markdowns/O_ISAC_116/O_ISAC_116/O_ISAC_116.md,data/proc_markdowns/O_ISAC_116/O_ISAC_116/O_ISAC_116_meta.json,yes,yes,yes,no,10.1109/LPT.2025.3559423,Enhanced Room Coverage With Photon-Level NLOS Ultraviolet Optical Wireless Communication,1,Duplicate,
O_ISAC_117,Integrated Design of OFDM-LFM Lidar Communication in IoV Environment,meta_json_toc,10.1109/ICICN62625.2024.10761294,legacy_included_list,data/proc_markdowns/O_ISAC_117,data/proc_markdowns/O_ISAC_117/O_ISAC_117/O_ISAC_117.md,data/proc_markdowns/O_ISAC_117/O_ISAC_117/O_ISAC_117_meta.json,yes,yes,yes,no,10.1109/ICICN62625.2024.10761294,Integrated Design of OFDM-LFM Lidar Communication in IoV Environment,1,Duplicate,
O_ISAC_118,On the Feasibility of Cyclist Detection Using MIMO-Radar for Long-Range ISAC Scenarios,meta_json_toc,10.23919/ICMU65253.2025.11219159,legacy_included_list,data/proc_markdowns/O_ISAC_118,data/proc_markdowns/O_ISAC_118/O_ISAC_118/O_ISAC_118.md,data/proc_markdowns/O_ISAC_118/O_ISAC_118/O_ISAC_118_meta.json,yes,yes,yes,no,10.23919/ICMU65253.2025.11219159,On the Feasibility of Cyclist Detection Using MIMO-Radar for Long-Range ISAC Scenarios,1,Duplicate,
O_ISAC_119,Integration of Sensing and Communication in a W-Band Fiber-Wireless Link Enabled by Electromagnetic Polarization Multiplexing,meta_json_toc,10.1109/JLT.2023.3280388,legacy_included_list,data/proc_markdowns/O_ISAC_119,data/proc_markdowns/O_ISAC_119/O_ISAC_119/O_ISAC_119.md,data/proc_markdowns/O_ISAC_119/O_ISAC_119/O_ISAC_119_meta.json,yes,yes,yes,no,10.1109/JLT.2023.3280388,Integration of Sensing and Communication in a W-Band Fiber-Wireless Link Enabled by Electromagnetic Polarization Multiplexing,1,Duplicate,
O_ISAC_120,A Reconfigurable Phase-Time Array Transmitter Achieving Keyless Secured Transmission and Multi-Receiver Localization for Low-Latency Joint Communication and Sensing,meta_json_toc,10.1109/JSSC.2023.3237462,legacy_included_list,data/proc_markdowns/O_ISAC_120,data/proc_markdowns/O_ISAC_120/O_ISAC_120/O_ISAC_120.md,data/proc_markdowns/O_ISAC_120/O_ISAC_120/O_ISAC_120_meta.json,yes,yes,yes,no,10.1109/JSSC.2023.3237462,A Reconfigurable Phase-Time Array Transmitter Achieving Keyless Secured Transmission and Multi-Receiver Localization for Low-Latency Joint Communication and Sensing,1,Duplicate,
O_ISAC_121,All-optical Computing for Direction-of-arrival Estimation Beyond Diffraction Limits,meta_json_toc,,,data/proc_markdowns/O_ISAC_121,data/proc_markdowns/O_ISAC_121/O_ISAC_121/O_ISAC_121.md,data/proc_markdowns/O_ISAC_121/O_ISAC_121/O_ISAC_121_meta.json,yes,yes,yes,no,,All-Optical Computing for Direction-of-Arrival Estimation Beyond Diffraction Limits,1,Duplicate,
O_ISAC_122,All-optical computing for super-resolution direction of arrival estimation,meta_json_toc,10.1109/ACP/IPOC63121.2024.10809945,legacy_included_list,data/proc_markdowns/O_ISAC_122,data/proc_markdowns/O_ISAC_122/O_ISAC_122/O_ISAC_122.md,data/proc_markdowns/O_ISAC_122/O_ISAC_122/O_ISAC_122_meta.json,yes,yes,yes,no,10.1109/ACP/IPOC63121.2024.10809945,All-Optical Computing for Super-Resolution Direction of Arrival Estimation,1,Duplicate,
O_ISAC_123,Optical Integrated Sensing and Communication for Cooperative Mobile Robotics: Design and Experiments,meta_json_toc,10.23919/WiOpt58741.2023.10349823,legacy_included_list,data/proc_markdowns/O_ISAC_123,data/proc_markdowns/O_ISAC_123/O_ISAC_123/O_ISAC_123.md,data/proc_markdowns/O_ISAC_123/O_ISAC_123/O_ISAC_123_meta.json,yes,yes,yes,no,10.23919/WiOpt58741.2023.10349823,Optical Integrated Sensing and Communication for Cooperative Mobile Robotics: Design and Experiments,1,Duplicate,
O_ISAC_124,Antenna-on-Display with EH<sub>1</sub>-mode Wide Spatial Beam Scanning for User-Centric Sensing and Vehicle-to-Everything Communication,meta_json_toc,10.1109/TVT.2025.3613718,legacy_included_list,data/proc_markdowns/O_ISAC_124,data/proc_markdowns/O_ISAC_124/O_ISAC_124/O_ISAC_124.md,data/proc_markdowns/O_ISAC_124/O_ISAC_124/O_ISAC_124_meta.json,yes,yes,yes,no,10.1109/TVT.2025.3613718,Antenna-on-Display with EH1-mode Wide Spatial Beam Scanning for User-Centric Sensing and Vehicle-to-Everything Communication,0,,
O_ISAC_125,Low-Profile Broadband 1-Bit Randomly Encoded Folded Reflectarray Co-Aperture Transceiver for Frequency-Diverse Microwave Imaging,meta_json_toc,10.1109/LAWP.2024.3436914,legacy_included_list,data/proc_markdowns/O_ISAC_125,data/proc_markdowns/O_ISAC_125/O_ISAC_125/O_ISAC_125.md,data/proc_markdowns/O_ISAC_125/O_ISAC_125/O_ISAC_125_meta.json,yes,yes,yes,no,10.1109/LAWP.2024.3436914,Low-Profile Broadband 1-Bit Randomly Encoded Folded Reflectarray Co-Aperture Transceiver for Frequency-Diverse Microwave Imaging,1,Duplicate,
O_ISAC_126,A General 6G Large-scale Fading Channel Model for Multiple Frequency Bands and Scenarios,meta_json_toc,10.1109/ICCC65529.2025.11148844,legacy_included_list,data/proc_markdowns/O_ISAC_126,data/proc_markdowns/O_ISAC_126/O_ISAC_126/O_ISAC_126.md,data/proc_markdowns/O_ISAC_126/O_ISAC_126/O_ISAC_126_meta.json,yes,yes,yes,no,10.1109/ICCC65529.2025.11148844,A General 6G Large-scale Fading Channel Model for Multiple Frequency Bands and Scenarios,1,Duplicate,
O_ISAC_127,RESEARCH ARTICLE,meta_json_toc,10.1109/ACCESS.2025.3602057,legacy_included_list,data/proc_markdowns/O_ISAC_127,data/proc_markdowns/O_ISAC_127/O_ISAC_127/O_ISAC_127.md,data/proc_markdowns/O_ISAC_127/O_ISAC_127/O_ISAC_127_meta.json,yes,yes,yes,no,10.1109/ACCESS.2025.3602057,Adaptive RIS Optimization for Secure Underwater Optical Communications,1,Duplicate,
O_ISAC_128,Dual comb enabled simultaneously multi-path sensing and communication over fiber access network,meta_json_toc,10.1038/s41928-023-01022-x,markdown_extract,data/proc_markdowns/O_ISAC_128,data/proc_markdowns/O_ISAC_128/O_ISAC_128/O_ISAC_128.md,data/proc_markdowns/O_ISAC_128/O_ISAC_128/O_ISAC_128_meta.json,yes,yes,yes,no,,Dual comb enabled simultaneously multi-path sensing and communication over fiber access network,0,,
O_ISAC_129,VehicleTalk: Lightweight V2V Network Enabled by Optical Wireless Communication and Sensing,meta_json_toc,10.1109/VTC2024-Spring62846.2024.10683127,legacy_included_list,data/proc_markdowns/O_ISAC_129,data/proc_markdowns/O_ISAC_129/O_ISAC_129/O_ISAC_129.md,data/proc_markdowns/O_ISAC_129/O_ISAC_129/O_ISAC_129_meta.json,yes,yes,yes,no,10.1109/VTC2024-Spring62846.2024.10683127,VehicleTalk: Lightweight V2V Network Enabled by Optical Wireless Communication and Sensing,1,Duplicate,
O_ISAC_130,Microalgae Density Measurement Using Quantum-Dot-Integrated Sensing and Communication System,meta_json_toc,10.1109/TIM.2025.3595231,legacy_included_list,data/proc_markdowns/O_ISAC_130,data/proc_markdowns/O_ISAC_130/O_ISAC_130/O_ISAC_130.md,data/proc_markdowns/O_ISAC_130/O_ISAC_130/O_ISAC_130_meta.json,yes,yes,yes,no,10.1109/TIM.2025.3595231,Microalgae Density Measurement Using Quantum-Dot-Integrated Sensing and Communication System,1,Duplicate,
O_ISAC_131,Joint Lambertian Model Calibration and Positioning of Photodiode Devices towards Integrated Optical Wireless Communication and Sensing,meta_json_toc,10.1109/ICCC62479.2024.10681813,legacy_included_list,data/proc_markdowns/O_ISAC_131,data/proc_markdowns/O_ISAC_131/O_ISAC_131/O_ISAC_131.md,data/proc_markdowns/O_ISAC_131/O_ISAC_131/O_ISAC_131_meta.json,yes,yes,yes,no,10.1109/ICCC62479.2024.10681813,Joint Lambertian Model Calibration and Positioning of Photodiode Devices towards Integrated Optical Wireless Communication and Sensing,1,Duplicate,
O_ISAC_132,Broadband Photon-Assisted Terahertz Communication and Sensing,meta_json_toc,10.1109/JLT.2023.3252821,legacy_included_list,data/proc_markdowns/O_ISAC_132,data/proc_markdowns/O_ISAC_132/O_ISAC_132/O_ISAC_132.md,data/proc_markdowns/O_ISAC_132/O_ISAC_132/O_ISAC_132_meta.json,yes,yes,yes,no,10.1109/JLT.2023.3252821,Broadband Photon-Assisted Terahertz Communication and Sensing,1,Duplicate,
O_ISAC_133,Passive Sensing Technique Using Cyclic Prefix in Power-Constrained Optical Wireless Communication Systems,meta_json_toc,10.1109/TVT.2025.3640107,legacy_included_list,data/proc_markdowns/O_ISAC_133,data/proc_markdowns/O_ISAC_133/O_ISAC_133/O_ISAC_133.md,data/proc_markdowns/O_ISAC_133/O_ISAC_133/O_ISAC_133_meta.json,yes,yes,yes,no,10.1109/TVT.2025.3640107,Passive Sensing Technique Using Cyclic Prefix in Power-Constrained Optical Wireless Communication Systems,1,Duplicate,
O_ISAC_134,Radar-LiDAR Fusion-Aided RF Beams Prediction for Vehicular Communications,meta_json_toc,10.1109/OJCOMS.2025.3577193,legacy_included_list,data/proc_markdowns/O_ISAC_134,data/proc_markdowns/O_ISAC_134/O_ISAC_134/O_ISAC_134.md,data/proc_markdowns/O_ISAC_134/O_ISAC_134/O_ISAC_134_meta.json,yes,yes,yes,no,10.1109/OJCOMS.2025.3577193,Radar-LiDAR Fusion-Aided RF Beams Prediction for Vehicular Communications,1,Duplicate,
O_ISAC_135,Multisatellite Multisensor Observations of a Sub-Plinian Volcanic Eruption: The 2015 Calbuco Explosive Event in Chile,meta_json_toc,10.1109/TGRS.2017.2769003,legacy_included_list,data/proc_markdowns/O_ISAC_135,data/proc_markdowns/O_ISAC_135/O_ISAC_135/O_ISAC_135.md,data/proc_markdowns/O_ISAC_135/O_ISAC_135/O_ISAC_135_meta.json,yes,yes,yes,no,10.1109/TGRS.2017.2769003,Multisatellite Multisensor Observations of a Sub-Plinian Volcanic Eruption: The 2015 Calbuco Explosive Event in Chile,0,,
O_ISAC_136,New Paradigm for Integrated Sensing and Communication with Rydberg Atomic Receiver,meta_json_toc,10.1109/MCOM.001.2500371,legacy_included_list,data/proc_markdowns/O_ISAC_136,data/proc_markdowns/O_ISAC_136/O_ISAC_136/O_ISAC_136.md,data/proc_markdowns/O_ISAC_136/O_ISAC_136/O_ISAC_136_meta.json,yes,yes,yes,no,10.1109/MCOM.001.2500371,New Paradigm for Integrated Sensing and Communication with Rydberg Atomic Receiver,1,Duplicate,
O_ISAC_137,CONTINUOUS EVENT RECORDING TECHNOLOGY FOR INTEGRATED SENSING AND COMMUNICATIONS IN SPACE,meta_json_toc,10.1109/IGARSS53475.2024.10642111,legacy_included_list,data/proc_markdowns/O_ISAC_137,data/proc_markdowns/O_ISAC_137/O_ISAC_137/O_ISAC_137.md,data/proc_markdowns/O_ISAC_137/O_ISAC_137/O_ISAC_137_meta.json,yes,yes,yes,no,10.1109/IGARSS53475.2024.10642111,Continuous Event Recording Technology For Integrated Sensing And Communications In Space,1,Duplicate,
O_ISAC_138,MPFusionNet: Transformer-Based Multi-Modal Perception Fusion for Predictive Beamforming in Low-Altitude UAV Communication Networks,meta_json_toc,10.1109/JIOT.2025.3623880,legacy_included_list,data/proc_markdowns/O_ISAC_138,data/proc_markdowns/O_ISAC_138/O_ISAC_138/O_ISAC_138.md,data/proc_markdowns/O_ISAC_138/O_ISAC_138/O_ISAC_138_meta.json,yes,yes,yes,no,10.1109/JIOT.2025.3623880,MPFusionNet: Transformer-Based Multi-Modal Perception Fusion for Predictive Beamforming in Low-Altitude UAV Communication Networks,0,,
O_ISAC_139,Sensing Assisted Localization Services,meta_json_toc,10.23919/WiOpt66569.2025.11123308,legacy_included_list,data/proc_markdowns/O_ISAC_139,data/proc_markdowns/O_ISAC_139/O_ISAC_139/O_ISAC_139.md,data/proc_markdowns/O_ISAC_139/O_ISAC_139/O_ISAC_139_meta.json,yes,yes,yes,no,10.23919/WiOpt66569.2025.11123308,Sensing Assisted Localization Services for Indoor Environments,1,Duplicate,
O_ISAC_140,RF2LiDAR: Enabling Digital Twin Using MIMO RF Signals,meta_json_toc,10.1109/VTC2024-Spring62846.2024.10683334,legacy_included_list,data/proc_markdowns/O_ISAC_140,data/proc_markdowns/O_ISAC_140/O_ISAC_140/O_ISAC_140.md,data/proc_markdowns/O_ISAC_140/O_ISAC_140/O_ISAC_140_meta.json,yes,yes,yes,no,10.1109/VTC2024-Spring62846.2024.10683334,RF2LiDAR: Enabling Digital Twin Using MIMO RF Signals,0,,
O_ISAC_141,Electromagnetic Field Exposure-Aware AI Framework for Integrated Sensing and Communications-Enabled Ambient Backscatter Wireless Networks,meta_json_toc,10.1109/JIOT.2024.3394041,legacy_included_list,data/proc_markdowns/O_ISAC_141,data/proc_markdowns/O_ISAC_141/O_ISAC_141/O_ISAC_141.md,data/proc_markdowns/O_ISAC_141/O_ISAC_141/O_ISAC_141_meta.json,yes,yes,yes,no,10.1109/JIOT.2024.3394041,Electromagnetic Field Exposure-Aware AI Framework for Integrated Sensing and Communications-Enabled Ambient Backscatter Wireless Networks,0,,
O_ISAC_142,Intelligent Surfaces Empowered Wireless Network: Recent Advances and the Road to 6G,meta_json_toc,10.1109/JPROC.2024.3397910,legacy_included_list,data/proc_markdowns/O_ISAC_142,data/proc_markdowns/O_ISAC_142/O_ISAC_142/O_ISAC_142.md,data/proc_markdowns/O_ISAC_142/O_ISAC_142/O_ISAC_142_meta.json,yes,yes,yes,no,10.1109/JPROC.2024.3397910,Intelligent Surfaces Empowered Wireless Network: Recent Advances and the Road to 6G,0,,
O_ISAC_143,Demo: Integrated On-site Localization and Optical Camera Communication for Drones,meta_json_toc,10.1109/WoWMoM57956.2023.00055,legacy_included_list,data/proc_markdowns/O_ISAC_143,data/proc_markdowns/O_ISAC_143/O_ISAC_143/O_ISAC_143.md,data/proc_markdowns/O_ISAC_143/O_ISAC_143/O_ISAC_143_meta.json,yes,yes,yes,no,10.1109/WoWMoM57956.2023.00055,Demo: Integrated On-site Localization and Optical Camera Communication for Drones,1,Duplicate,
O_ISAC_144,"Multichannel Wind-Signal Driven Digital Twin for a 50 m2 Heliostat: Compressed Sampling, Load Estimation and Edge–Cloud Hybrid Computing",meta_json_toc,10.1109/ICSPCC66825.2025.11194376,legacy_included_list,data/proc_markdowns/O_ISAC_144,data/proc_markdowns/O_ISAC_144/O_ISAC_144/O_ISAC_144.md,data/proc_markdowns/O_ISAC_144/O_ISAC_144/O_ISAC_144_meta.json,yes,yes,yes,no,10.1109/ICSPCC66825.2025.11194376,"Multichannel Wind-Signal Driven Digital Twin for a 50 m2 Heliostat: Compressed Sampling, Load Estimation and Edge–Cloud Hybrid Computing",1,Duplicate,
O_ISAC_145,Secrecy Energy Efficiency of Hybrid Wireless Body Area Networks,meta_json_toc,10.1109/TMC.2025.3618098,legacy_included_list,data/proc_markdowns/O_ISAC_145,data/proc_markdowns/O_ISAC_145/O_ISAC_145/O_ISAC_145.md,data/proc_markdowns/O_ISAC_145/O_ISAC_145/O_ISAC_145_meta.json,yes,yes,yes,no,10.1109/TMC.2025.3618098,Secrecy Energy Efficiency of Hybrid Wireless Body Area Networks,1,Duplicate,
O_ISAC_146,OPPIS DEVELOPMENT All? TRIUMF,meta_json_toc,10.1109/PAC.1997.752764,legacy_included_list,data/proc_markdowns/O_ISAC_146,data/proc_markdowns/O_ISAC_146/O_ISAC_146/O_ISAC_146.md,data/proc_markdowns/O_ISAC_146/O_ISAC_146/O_ISAC_146_meta.json,yes,yes,yes,no,10.1109/PAC.1997.752764,OPPIS development at TRIUMF,0,,
O_ISAC_147,Remote Sensing of Waved Sea Surface: Combined Passive and Active Microwave Measurements During the CAPMOS'05 Experiment,meta_json_toc,10.1109/IGARSS.2007.4422954,legacy_included_list,data/proc_markdowns/O_ISAC_147,data/proc_markdowns/O_ISAC_147/O_ISAC_147/O_ISAC_147.md,data/proc_markdowns/O_ISAC_147/O_ISAC_147/O_ISAC_147_meta.json,yes,yes,yes,no,10.1109/IGARSS.2007.4422954,Remote sensing of waved sea surface: combined passive and active microwave measurements during the CAPMOS’05 experiment,0,,
O_ISAC_148,DOCUMENTATION OF FLOODS AND FIRES IN MIDDLE EAST CULTURAL HERITAGE SITES THROUGH MULTI-SENSOR SATELLITE DATA AND EARTH OBSERVATION PLATFORMS,meta_json_toc,10.1109/M2GARSS52314.2022.9839932,legacy_included_list,data/proc_markdowns/O_ISAC_148,data/proc_markdowns/O_ISAC_148/O_ISAC_148/O_ISAC_148.md,data/proc_markdowns/O_ISAC_148/O_ISAC_148/O_ISAC_148_meta.json,yes,yes,yes,no,10.1109/M2GARSS52314.2022.9839932,Documentation of Floods and Fires in Middle East Cultural Heritage Sites Through Multi-Sensor Satellite Data and Earth Observation Platforms,0,,
O_ISAC_149,MOBILE FLIGHT TEST SUPPORT,meta_json_toc,10.1109/DASC.1994.369416,legacy_included_list,data/proc_markdowns/O_ISAC_149,data/proc_markdowns/O_ISAC_149/O_ISAC_149/O_ISAC_149.md,data/proc_markdowns/O_ISAC_149/O_ISAC_149/O_ISAC_149_meta.json,yes,yes,yes,no,10.1109/DASC.1994.369416,Mobile flight test support,0,,
O_ISAC_150,"6G Wireless Communication Systems: Applications, Requirements, Technologies, Challenges, and Research Directions",meta_json_toc,10.1109/OJCOMS.2020.3010270,legacy_included_list,data/proc_markdowns/O_ISAC_150,data/proc_markdowns/O_ISAC_150/O_ISAC_150/O_ISAC_150.md,data/proc_markdowns/O_ISAC_150/O_ISAC_150/O_ISAC_150_meta.json,yes,yes,yes,no,10.1109/OJCOMS.2020.3010270,"6G Wireless Communication Systems: Applications, Requirements, Technologies, Challenges, and Research Directions",2,Duplicate,
O_ISAC_151,BigFiberNet: LLMs and Fabric Computing Empowered Large-Scale Non-Disturbance Mobile Sensing Networks,meta_json_toc,10.1109/MNET.2024.3519187,legacy_included_list,data/proc_markdowns/O_ISAC_151,data/proc_markdowns/O_ISAC_151/O_ISAC_151/O_ISAC_151.md,data/proc_markdowns/O_ISAC_151/O_ISAC_151/O_ISAC_151_meta.json,yes,yes,yes,no,10.1109/MNET.2024.3519187,BigFiberNet: LLMs and Fabric Computing Empowered Large-Scale Non-Disturbance Mobile Sensing Networks,0,,
O_ISAC_152,"Photonics-assisted System for Joint Radar Ranging, Wireless Communications and Spectrum Sensing",meta_json_toc,10.1109/JLT.2025.3632104,legacy_included_list,data/proc_markdowns/O_ISAC_152,data/proc_markdowns/O_ISAC_152/O_ISAC_152/O_ISAC_152.md,data/proc_markdowns/O_ISAC_152/O_ISAC_152/O_ISAC_152_meta.json,yes,yes,yes,no,10.1109/JLT.2025.3632104,"Photonics-assisted System for Joint Radar Ranging, Wireless Communications and Spectrum Sensing",1,Duplicate,
O_ISAC_153,Robust Characterization of Terahertz Metasurface Sensor With Ultrahigh Frequency Selectivity and Polarization Sensitivity,meta_json_toc,10.1109/JSEN.2024.3470995,legacy_included_list,data/proc_markdowns/O_ISAC_153,data/proc_markdowns/O_ISAC_153/O_ISAC_153/O_ISAC_153.md,data/proc_markdowns/O_ISAC_153/O_ISAC_153/O_ISAC_153_meta.json,yes,yes,yes,no,10.1109/JSEN.2024.3470995,Robust Characterization of Terahertz Metasurface Sensor With Ultrahigh Frequency Selectivity and Polarization Sensitivity,1,Duplicate,
O_ISAC_154,SPACEBORNE MICROWAVE AND INFRARED RADIOMETRIC OBSERVATIONS DURING THE SUBPLINIAN ERUPTION OF CALBUCO VOLCANO IN 2015,meta_json_toc,10.1109/IGARSS.2016.7730503,legacy_included_list,data/proc_markdowns/O_ISAC_154,data/proc_markdowns/O_ISAC_154/O_ISAC_154/O_ISAC_154.md,data/proc_markdowns/O_ISAC_154/O_ISAC_154/O_ISAC_154_meta.json,yes,yes,yes,no,10.1109/IGARSS.2016.7730503,Spaceborne microwave and infrared radiometric observations during the sub-Plinian eruption of Calbuco volcano in 2015,0,,
O_ISAC_155,Demo: Towards 6G-Enabled Multi-Robot Process Orchestration in Complex Logistics Environments,meta_json_toc,10.1109/LCN65610.2025.11146333,legacy_included_list,data/proc_markdowns/O_ISAC_155,data/proc_markdowns/O_ISAC_155/O_ISAC_155/O_ISAC_155.md,data/proc_markdowns/O_ISAC_155/O_ISAC_155/O_ISAC_155_meta.json,yes,yes,yes,no,10.1109/LCN65610.2025.11146333,Demo: Towards 6G-Enabled Multi-Robot Process Orchestration in Complex Logistics Environments,0,,
O_ISAC_156,"Physical Layer Security for Authentication, Confidentiality, and Malicious Node Detection: A Paradigm Shift in Securing IoT Networks",meta_json_toc,10.1109/COMST.2023.3327327,legacy_included_list,data/proc_markdowns/O_ISAC_156,data/proc_markdowns/O_ISAC_156/O_ISAC_156/O_ISAC_156.md,data/proc_markdowns/O_ISAC_156/O_ISAC_156/O_ISAC_156_meta.json,yes,yes,yes,no,10.1109/COMST.2023.3327327,"Physical Layer Security for Authentication, Confidentiality, and Malicious Node Detection: A Paradigm Shift in Securing IoT Networks",1,Duplicate,
O_ISAC_157,SDOA-Net: An Efficient Deep-Learning-Based DOA Estimation Network for Imperfect Array,meta_json_toc,10.1109/TIM.2024.3391338,legacy_included_list,data/proc_markdowns/O_ISAC_157,data/proc_markdowns/O_ISAC_157/O_ISAC_157/O_ISAC_157.md,data/proc_markdowns/O_ISAC_157/O_ISAC_157/O_ISAC_157_meta.json,yes,yes,yes,no,10.1109/TIM.2024.3391338,SDOA-Net: An Efficient Deep-Learning-Based DOA Estimation Network for Imperfect Array,1,Duplicate,
O_ISAC_158,From the Guest Editors,meta_json_toc,10.1109/MVT.2023.3238481,legacy_included_list,data/proc_markdowns/O_ISAC_158,data/proc_markdowns/O_ISAC_158/O_ISAC_158/O_ISAC_158.md,data/proc_markdowns/O_ISAC_158/O_ISAC_158/O_ISAC_158_meta.json,yes,yes,yes,no,10.1109/MVT.2023.3238481,6G Fabric Compiles Microdomains for Sophisticated Service Delivery [From the Guest Editors],0,,
O_ISAC_159,Photonics-Aided THz Integrated Sensing and Communication System Based on a Subcarrier-Chirp Inter-Embedded Waveform,meta_json_toc,10.1109/OJCOMS.2025.3545896,legacy_included_list,data/proc_markdowns/O_ISAC_159,data/proc_markdowns/O_ISAC_159/O_ISAC_159/O_ISAC_159.md,data/proc_markdowns/O_ISAC_159/O_ISAC_159/O_ISAC_159_meta.json,yes,yes,yes,no,10.1109/OJCOMS.2025.3545896,Photonics-Aided THz Integrated Sensing and Communication System Based on a Subcarrier-Chirp Inter-Embedded Waveform,2,Duplicate|Included,
O_ISAC_160,**An Intelligent Path Loss Prediction Approach Based on Integrated Sensing and Communications for Future Vehicular Networks**,markdown_heading,10.1109/OJCS.2024.3386733,legacy_included_list,data/proc_markdowns/O_ISAC_160,data/proc_markdowns/O_ISAC_160/O_ISAC_160.md,,yes,yes,yes,no,10.1109/OJCS.2024.3386733,An Intelligent Path Loss Prediction Approach Based on Integrated Sensing and Communications for Future Vehicular Networks,1,Included,
O_ISAC_161,"Integrated Sensing and Communication (ISAC) Transceiver: Hardware Architectures, Enabling Technologies, and Emerging Trends",markdown_heading,10.1109/JSTEAP.2025.3610564,legacy_included_list,data/proc_markdowns/O_ISAC_161,data/proc_markdowns/O_ISAC_161/O_ISAC_161.md,,yes,yes,yes,no,10.1109/JSTEAP.2025.3610564,"Integrated Sensing and Communication (ISAC) Transceiver: Hardware Architectures, Enabling Technologies, and Emerging Trends",1,Included,
O_ISAC_162,A Unified Future: Integrated Sensing and Communication (ISAC) in 6G,markdown_heading,10.1109/JSTEAP.2025.3603540,legacy_included_list,data/proc_markdowns/O_ISAC_162,data/proc_markdowns/O_ISAC_162/O_ISAC_162.md,,yes,yes,yes,no,10.1109/JSTEAP.2025.3603540,A Unified Future: Integrated Sensing and Communication (ISAC) in 6G,1,Included,
O_ISAC_163,The Emergence of Multi-Functional and Hybrid Reconfigurable Intelligent Surfaces for Integrated Sensing and Communications - A Survey,markdown_heading,10.1109/COMST.2024.3519785,legacy_included_list,data/proc_markdowns/O_ISAC_163,data/proc_markdowns/O_ISAC_163/O_ISAC_163.md,,yes,yes,yes,no,10.1109/COMST.2024.3519785,The Emergence of Multi-Functional and Hybrid Reconfigurable Intelligent Surfaces for Integrated Sensing and Communications - A Survey,1,Included,
O_ISAC_164,**Optical Camera-Based Integrated Sensing and Communication for V2X Applications: Model and Optimization**,markdown_heading,10.3390/s25227061,legacy_included_list,data/proc_markdowns/O_ISAC_164,data/proc_markdowns/O_ISAC_164/O_ISAC_164.md,,yes,yes,yes,no,10.3390/s25227061,Optical Camera-Based Integrated Sensing and Communication for V2X Applications: Model and Optimization,1,Duplicate,
O_ISAC_165,Optics Communications,markdown_heading,10.1016/j.optcom.2025.132782,legacy_included_list,data/proc_markdowns/O_ISAC_165,data/proc_markdowns/O_ISAC_165/O_ISAC_165.md,,yes,yes,yes,no,10.1016/j.optcom.2025.132782,Design and modelling of InAs detection system on SOI via monolithic integration for mid-infrared integrated sensing and communication,1,Included,
O_ISAC_166,An integrated sensing and communication solar skin for health monitoring and human–machine interaction,markdown_heading,10.1016/j.nanoen.2025.111639,legacy_included_list,data/proc_markdowns/O_ISAC_166,data/proc_markdowns/O_ISAC_166/O_ISAC_166.md,,yes,yes,yes,no,10.1016/j.nanoen.2025.111639,An integrated sensing and communication solar skin for health monitoring and human–machine interaction,1,Unscreened,
O_ISAC_167,Optics and Lasers in Engineering,markdown_heading,10.1016/j.optlaseng.2025.109470,legacy_included_list,data/proc_markdowns/O_ISAC_167,data/proc_markdowns/O_ISAC_167/O_ISAC_167.md,,yes,yes,yes,no,10.1016/j.optlaseng.2025.109470,Multi-service integrated sensing and communication system for industrial internet-of-things,1,Included,
O_ISAC_171,Frequency-comb-steered ultrawideband quasi-true-time-delay beamformer for integrated sensing and communication,markdown_heading,10.1038/s41467-025-62854-z,legacy_included_list,data/proc_markdowns/O_ISAC_171,data/proc_markdowns/O_ISAC_171/O_ISAC_171.md,,yes,yes,yes,no,10.1038/s41467-025-62854-z,Frequency-comb-steered ultrawideband quasi-true-time-delay beamformer for integrated sensing and communication,1,Included,
O_ISAC_172,Joint break-point localization sensing based on OFDR and non-disruptive communication fiber ISAC system,markdown_heading,10.1016/j.optlastec.2025.113726,legacy_included_list,data/proc_markdowns/O_ISAC_172,data/proc_markdowns/O_ISAC_172/O_ISAC_172.md,,yes,yes,yes,no,10.1016/j.optlastec.2025.113726,Joint break-point localization sensing based on OFDR and non-disruptive communication fiber ISAC system,1,Included,
O_ISAC_173,Poster: High-Performance Optical Camera Communications for ISAC Localization and Sensing,markdown_heading,10.1145/3680207.3765690,legacy_included_list,data/proc_markdowns/O_ISAC_173,data/proc_markdowns/O_ISAC_173/O_ISAC_173.md,,yes,yes,yes,no,10.1145/3680207.3765690,Poster: High-Performance Optical Camera Communications for ISAC Localization and Sensing,1,Included,
O_ISAC_185,Adaptive visible light integrated sensing and communication for cable-free virtual reality,markdown_heading,10.1364/PRJ.561888,legacy_included_list,data/proc_markdowns/O_ISAC_185,data/proc_markdowns/O_ISAC_185/O_ISAC_185.md,,yes,yes,yes,no,10.1364/PRJ.561888,Adaptive visible light integrated sensing and communication for cable-free virtual reality,1,Included,
O_ISAC_186,SCIENCE CHINA Information Sciences,markdown_heading,10.1007/s11432-024-4369-2,legacy_included_list,data/proc_markdowns/O_ISAC_186,data/proc_markdowns/O_ISAC_186/O_ISAC_186.md,,yes,yes,yes,no,10.1007/s11432-024-4369-2,Chaotic optoelectronic oscillators-based dual-function radar-communication system,1,Included,
O_ISAC_187,**Photonic-aided Doppler-robust ISAC system based on index modulation and chirp multiplexing**,markdown_heading,10.1364/OE.564416,legacy_included_list,data/proc_markdowns/O_ISAC_187,data/proc_markdowns/O_ISAC_187/O_ISAC_187.md,,yes,yes,yes,no,10.1364/OE.564416,Photonic-aided Doppler-robust ISAC system based on index modulation and chirp multiplexing,1,Included,
O_ISAC_188,**Endogenous integration of communication and interference fading free sensing using telecom pilots via joint polarization-fraction domain multiplexing**,markdown_heading,10.1364/OE.563557,legacy_included_list,data/proc_markdowns/O_ISAC_188,data/proc_markdowns/O_ISAC_188/O_ISAC_188.md,,yes,yes,yes,no,10.1364/OE.563557,Endogenous integration of communication and interference fading free sensing using telecom pilots via joint polarization-fraction domain multiplexing,1,Included,
O_ISAC_189,**PHOTONICS Research**,markdown_heading,10.1364/PRJ.553098,legacy_included_list,data/proc_markdowns/O_ISAC_189,data/proc_markdowns/O_ISAC_189/O_ISAC_189.md,,yes,yes,yes,no,10.1364/PRJ.553098,Integrated ultra-large dynamic vibration sensing with fronthaul analog radio-over-fiber transmission,1,Included,
O_ISAC_190,**Common bias-digital subcarrier multiplexing scheme for integrated sensing and communication in short-reach optical transmission systems**,markdown_heading,10.1364/OE.565431,legacy_included_list,data/proc_markdowns/O_ISAC_190,data/proc_markdowns/O_ISAC_190/O_ISAC_190.md,,yes,yes,yes,no,10.1364/OE.565431,Common bias-digital subcarrier multiplexing scheme for integrated sensing and communication in short-reach optical transmission systems,1,Included,
O_ISAC_195,**Integrated sensing and communication system based on a photonic integrated broadband multi-beamformer**,markdown_heading,10.1364/OE.555053,legacy_included_list,data/proc_markdowns/O_ISAC_195,data/proc_markdowns/O_ISAC_195/O_ISAC_195.md,,yes,yes,yes,no,10.1364/OE.555053,Integrated sensing and communication system based on a photonic integrated broadband multi-beamformer,1,Included,
O_ISAC_199,"Engineering Science and Technology, an International Journal",markdown_heading,10.1016/j.jestch.2025.101958,legacy_included_list,data/proc_markdowns/O_ISAC_199,data/proc_markdowns/O_ISAC_199/O_ISAC_199.md,,yes,yes,yes,no,10.1016/j.jestch.2025.101958,"Towards last-mile connectivity in 6G-IoT: An integrated MIMO-FSO communication system and FBG sensors under atmospheric attenuations, strain and temperature effects",1,Included,
O_ISAC_200,Optical Fiber Technology,markdown_heading,10.1016/j.yofte.2024.104047,legacy_included_list,data/proc_markdowns/O_ISAC_200,data/proc_markdowns/O_ISAC_200/O_ISAC_200.md,,yes,yes,yes,no,10.1016/j.yofte.2024.104047,Machine learning opportunities for integrated polarization sensing and communication in optical fibers,1,Included,
O_ISAC_202,Integrated optical covert sensing and communication,markdown_heading,10.3788/COL202523.020602,legacy_included_list,data/proc_markdowns/O_ISAC_202,data/proc_markdowns/O_ISAC_202/O_ISAC_202.md,,yes,yes,yes,no,10.3788/COL202523.020602,Integrated optical covert sensing and communication,1,Included,
O_ISAC_203,**High-Speed Flexible Near-Infrared Organic Photodetectors for Self-Powered Optical Integrated Sensing and Communications**,markdown_heading,10.1002/adfm.202412813,legacy_included_list,data/proc_markdowns/O_ISAC_203,data/proc_markdowns/O_ISAC_203/O_ISAC_203.md,,yes,yes,yes,no,10.1002/adfm.202412813,High-Speed Flexible Near-Infrared Organic Photodetectors for Self-Powered Optical Integrated Sensing and Communications,1,Included,
O_ISAC_206,"<span id=""page-0-0""></span>Beam Pattern Modulation Embedded Hybrid Transceiver Optimization for Integrated Sensing and Communication",markdown_heading,10.1109/TWC.2025.3545372,legacy_included_list,data/proc_markdowns/O_ISAC_206,data/proc_markdowns/O_ISAC_206/O_ISAC_206.md,,yes,yes,yes,no,10.1109/TWC.2025.3545372,Beam Pattern Modulation Embedded Hybrid Transceiver Optimization for Integrated Sensing and Communication,1,Included,
O_ISAC_218,Hybrid MRR-Assisted Long-Range SDMA for RO-ISAC Systems in Industry IoT Applications,markdown_heading,10.1109/JLT.2025.3642277,legacy_included_list,data/proc_markdowns/O_ISAC_218,data/proc_markdowns/O_ISAC_218/O_ISAC_218.md,,yes,yes,yes,no,10.1109/JLT.2025.3642277,Hybrid MRR-Assisted Long-Range SDMA for RO-ISAC Systems in Industry IoT Applications,1,Included,
O_ISAC_219,"Multiuser Retroreflective Optical ISAC: Waveform Design, Joint Sensing and Multiple Access",markdown_heading,10.1109/JLT.2025.3642513,legacy_included_list,data/proc_markdowns/O_ISAC_219,data/proc_markdowns/O_ISAC_219/O_ISAC_219.md,,yes,yes,yes,no,10.1109/JLT.2025.3642513,"Multiuser Retroreflective Optical ISAC: Waveform Design, Joint Sensing and Multiple Access",1,Included,
O_ISAC_220,A. Dense and Compatible ISAC Based on DSCM and Frequency Modulation of Sensing Information,markdown_heading,10.1364/PRJ.563034,legacy_included_list,data/proc_markdowns/O_ISAC_220,data/proc_markdowns/O_ISAC_220/O_ISAC_220.md,,yes,yes,yes,no,10.1364/PRJ.563034,Advanced SMART network: empowering subsea monitoring with dense photonic integrated sensing and communication,1,Included,
O_ISAC_237,Coordinated FMCW and OFDM for Integrated Sensing and Communication,markdown_heading,10.1109/TVT.2025.3619057,legacy_included_list,data/proc_markdowns/O_ISAC_237,data/proc_markdowns/O_ISAC_237/O_ISAC_237.md,,yes,yes,yes,no,10.1109/TVT.2025.3619057,Coordinated FMCW and OFDM for Integrated Sensing and Communication,1,Included,
O_ISAC_241,Photonics-Assisted Millimeter-Wave Integrated Sensing and Communication Based on OTFS,markdown_heading,10.1109/JLT.2025.3613544,legacy_included_list,data/proc_markdowns/O_ISAC_241,data/proc_markdowns/O_ISAC_241/O_ISAC_241.md,,yes,yes,yes,no,10.1109/JLT.2025.3613544,Photonics-Assisted Millimeter-Wave Integrated Sensing and Communication Based on OTFS,1,Included,
O_ISAC_242,Sliding window-based LSTM scheme for PAM-4 photonics-assisted W-band ISAC systems,markdown_heading,10.1109/LPT.2025.3614902,legacy_included_list,data/proc_markdowns/O_ISAC_242,data/proc_markdowns/O_ISAC_242/O_ISAC_242.md,,yes,yes,yes,no,10.1109/LPT.2025.3614902,Sliding window-based LSTM scheme for PAM-4 photonics-assisted W-band ISAC systems,1,Included,
O_ISAC_245,MCMC-Based Sparse Bayesian Learning for Super-Resolution Receiver in ISAC Systems,markdown_heading,10.1109/ICMLCN64995.2025.11140099,legacy_included_list,data/proc_markdowns/O_ISAC_245,data/proc_markdowns/O_ISAC_245/O_ISAC_245.md,,yes,yes,yes,no,10.1109/ICMLCN64995.2025.11140099,MCMC-Based Sparse Bayesian Learning for Super-Resolution Receiver in ISAC Systems,1,Included,
O_ISAC_248,Exploitation of FMF capabilities for joint communications and sensing,markdown_heading,10.1109/ICTON67126.2025.11125376,legacy_included_list,data/proc_markdowns/O_ISAC_248,data/proc_markdowns/O_ISAC_248/O_ISAC_248.md,,yes,yes,yes,no,10.1109/ICTON67126.2025.11125376,Exploitation of FMF capabilities for joint communications and sensing,1,Included,
O_ISAC_252,An Adaptive Control System for Satellite-Ground Laser Communication Based on Integrated Sensing and Communication,markdown_heading,10.23919/OECC/PSC62146.2025.11110813,legacy_included_list,data/proc_markdowns/O_ISAC_252,data/proc_markdowns/O_ISAC_252/O_ISAC_252.md,,yes,yes,yes,no,10.23919/OECC/PSC62146.2025.11110813,An Adaptive Control System for Satellite-Ground Laser Communication Based on Integrated Sensing and Communication,1,Included,
O_ISAC_259,Low-PAPR OFDM-ISAC Waveform Design Based on Frequency-Domain Phase Differences,markdown_heading,10.1109/JIOT.2025.3599171,legacy_included_list,data/proc_markdowns/O_ISAC_259,data/proc_markdowns/O_ISAC_259/O_ISAC_259.md,,yes,yes,yes,no,10.1109/JIOT.2025.3599171,Low-PAPR OFDM-ISAC Waveform Design Based on Frequency-Domain Phase Differences,1,Included,
O_ISAC_272,Three-Stage Super-Resolution Estimation of Target Parameter in OCDM ISAC Systems,markdown_heading,10.1109/LWC.2025.3583732,legacy_included_list,data/proc_markdowns/O_ISAC_272,data/proc_markdowns/O_ISAC_272/O_ISAC_272.md,,yes,yes,yes,no,10.1109/LWC.2025.3583732,Three-Stage Super-Resolution Estimation of Target Parameter in OCDM ISAC Systems,1,Included,
O_ISAC_276,Parallel Path Effect-Free Remote Monitoring and Sensing in Live XGS-PON Using Legacy Optical Time Domain Reflectometry,markdown_heading,10.1109/JLT.2025.3563162,legacy_included_list,data/proc_markdowns/O_ISAC_276,data/proc_markdowns/O_ISAC_276/O_ISAC_276.md,,yes,yes,yes,no,10.1109/JLT.2025.3563162,Parallel Path Effect-Free Remote Monitoring and Sensing in Live XGS-PON Using Legacy Optical Time Domain Reflectometry,1,Included,
O_ISAC_280,**Integration of endogenous sensing and communication based on photonics-enabled cellular base station networks with a spectrum fusion algorithm**,markdown_heading,10.1364/OE.533917,legacy_included_list,data/proc_markdowns/O_ISAC_280,data/proc_markdowns/O_ISAC_280/O_ISAC_280.md,,yes,yes,yes,no,10.1364/OE.533917,Integration of endogenous sensing and communication based on photonics-enabled cellular base station networks with a spectrum fusion algorithm,1,Included,
O_ISAC_283,**Photonics-assisted self-interference cancellation for in-band full-duplex integrated sensing and communication transceiver**,markdown_heading,10.1364/OE.541229,legacy_included_list,data/proc_markdowns/O_ISAC_283,data/proc_markdowns/O_ISAC_283/O_ISAC_283.md,,yes,yes,yes,no,10.1364/OE.541229,Photonics-assisted self-interference cancellation for in-band full-duplex integrated sensing and communication transceiver,1,Included,
O_ISAC_286,**Photonics-assisted integrated sensing and communication with ranging resolution improvement by multiple signal classification**,markdown_heading,10.1364/OE.525854,legacy_included_list,data/proc_markdowns/O_ISAC_286,data/proc_markdowns/O_ISAC_286/O_ISAC_286.md,,yes,yes,yes,no,10.1364/OE.525854,Photonics-assisted integrated sensing and communication with ranging resolution improvement by multiple signal classification,1,Included,
O_ISAC_288,**Development of an Integrated Communication and Sensing System Using Spread Spectrum and Photonics Technologies**,markdown_heading,10.3390/photonics11090861,legacy_included_list,data/proc_markdowns/O_ISAC_288,data/proc_markdowns/O_ISAC_288/O_ISAC_288.md,,yes,yes,yes,no,10.3390/photonics11090861,Development of an Integrated Communication and Sensing System Using Spread Spectrum and Photonics Technologies,1,Included,
O_ISAC_291,POSTER: Holographic Optical Tag enabled Omnidirectional IoT Connection,markdown_heading,10.1145/3672202.3673726,legacy_included_list,data/proc_markdowns/O_ISAC_291,data/proc_markdowns/O_ISAC_291/O_ISAC_291.md,,yes,yes,yes,no,10.1145/3672202.3673726,POSTER: Holographic Optical Tag enabled Omnidirectional IoT Connection,1,Included,
O_ISAC_300,Preamble-Free Synchronization Based on Dual-chirp Waveforms for Photonic THz-ISAC,markdown_heading,10.1109/JLT.2023.3344788,legacy_included_list,data/proc_markdowns/O_ISAC_300,data/proc_markdowns/O_ISAC_300/O_ISAC_300.md,,yes,yes,yes,no,10.1109/JLT.2023.3344788,Preamble-Free Synchronization Based on Dual-chirp Waveforms for Photonic THz-ISAC,1,Included,
O_ISAC_301,Demonstration of radar-aided flexible communication in a photonics-based W-band distributed integrated sensing and communication system for 6G,markdown_heading,10.3788/COL202422.043901,legacy_included_list,data/proc_markdowns/O_ISAC_301,data/proc_markdowns/O_ISAC_301/O_ISAC_301.md,,yes,yes,yes,no,10.3788/COL202422.043901,Demonstration of radar-aided flexible communication in a photonics-based W-band distributed integrated sensing and communication system for 6G,1,Included,
O_ISAC_303,Keywords: Visible light communication Visible light sensing Integrated sensing and communication,markdown_heading,10.1016/j.dsp.2023.104340,legacy_included_list,data/proc_markdowns/O_ISAC_303,data/proc_markdowns/O_ISAC_303/O_ISAC_303.md,,yes,yes,yes,no,10.1016/j.dsp.2023.104340,"Integrated sensing, lighting and communication based on visible light communication: A review",1,Included,
O_ISAC_304,Optics Communications,markdown_heading,10.1016/j.optcom.2023.130091,legacy_included_list,data/proc_markdowns/O_ISAC_304,data/proc_markdowns/O_ISAC_304/O_ISAC_304.md,,yes,yes,yes,no,10.1016/j.optcom.2023.130091,Photonic joint radar and communication system using a chirp-polarity coded LFM waveform,1,Included,
O_ISAC_310,Simulation of Constant-envelope THz Integrated Sensing and Communication System based on Photonics with 2D Positioning,markdown_heading,10.1109/ACP/IPOC63121.2024.10809603,legacy_included_list,data/proc_markdowns/O_ISAC_310,data/proc_markdowns/O_ISAC_310/O_ISAC_310.md,,yes,yes,yes,no,10.1109/ACP/IPOC63121.2024.10809603,Simulation of Constant-envelope THz Integrated Sensing and Communication System based on Photonics with 2D Positioning,1,Included,
O_ISAC_324,**RESEARCH ARTICLE**,markdown_heading,10.34133/research.0416,legacy_included_list,data/proc_markdowns/O_ISAC_324,data/proc_markdowns/O_ISAC_324/O_ISAC_324.md,,yes,yes,yes,no,10.34133/research.0416,Integrated Distributed Sensing and Quantum Communication Networks,1,Included,
O_ISAC_327,Channel Characterization and Modeling for VLC-IoE Applications in 6G: A Survey,markdown_heading,10.1109/JIOT.2024.3430326,legacy_included_list,data/proc_markdowns/O_ISAC_327,data/proc_markdowns/O_ISAC_327/O_ISAC_327.md,,yes,yes,yes,no,10.1109/JIOT.2024.3430326,Channel Characterization and Modeling for VLC-IoE Applications in 6G: A Survey,1,Included,
O_ISAC_340,6G-EWOC: AI-Enhanced Fiber-Wireless Optical 6G Network in Support of Connected Mobility,markdown_heading,10.1109/CAMAD62243.2024.10942755,legacy_included_list,data/proc_markdowns/O_ISAC_340,data/proc_markdowns/O_ISAC_340/O_ISAC_340.md,,yes,yes,yes,no,10.1109/CAMAD62243.2024.10942755,6G-EWOC: AI-Enhanced Fiber-Wireless Optical 6G Network in Support of Connected Mobility,1,Included,
O_ISAC_348,Integrated sensing and communication in an optical fibre,markdown_heading,10.1038/s41377-022-01067-1,legacy_included_list,data/proc_markdowns/O_ISAC_348,data/proc_markdowns/O_ISAC_348/O_ISAC_348.md,,yes,yes,yes,no,10.1038/s41377-022-01067-1,Integrated sensing and communication in an optical fibre,1,Included,
O_ISAC_349,"<span id=""page-0-10""></span>Radar-Centric Photonic Terahertz Integrated Sensing and Communication System Based on LFM-PSK Waveform",markdown_heading,10.1109/TMTT.2023.3267546,legacy_included_list,data/proc_markdowns/O_ISAC_349,data/proc_markdowns/O_ISAC_349/O_ISAC_349.md,,yes,yes,yes,no,10.1109/TMTT.2023.3267546,Radar-Centric Photonic Terahertz Integrated Sensing and Communication System Based on LFM-PSK Waveform,1,Included,
O_ISAC_350,2 Design and fabrication of optoelectronic chips,markdown_heading,10.37188/CO.2023-0028,legacy_included_list,data/proc_markdowns/O_ISAC_350,data/proc_markdowns/O_ISAC_350/O_ISAC_350.md,,yes,yes,yes,no,10.37188/CO.2023-0028,Integrated Nitride optoelectronic chip for motion detection and visible light communication; 运动探测及可见光通信一体化氮化物光电子芯片,1,Unscreened,
O_ISAC_351,Optics Communications,markdown_heading,10.1016/j.optcom.2023.129484,legacy_included_list,data/proc_markdowns/O_ISAC_351,data/proc_markdowns/O_ISAC_351/O_ISAC_351.md,,yes,yes,yes,no,10.1016/j.optcom.2023.129484,Integrated high precision time-of-flight depth sensing and optical communication based on Hamiltonian coding,1,Included,
O_ISAC_354,■ **INTRODUCTION**,markdown_heading,10.1021/acsomega.3c00521,legacy_included_list,data/proc_markdowns/O_ISAC_354,data/proc_markdowns/O_ISAC_354/O_ISAC_354.md,,yes,yes,yes,no,10.1021/acsomega.3c00521,Integrated Sensing and Communication Chip Based on III-Nitride for Motion Detection,1,Included,
O_ISAC_356,Photonic THz-ISAC Demonstration with Simultaneous 120Gbit/s Communication and 2.5mm Sensing Resolution,markdown_heading,10.1049/icp.2023.2658,legacy_included_list,data/proc_markdowns/O_ISAC_356,data/proc_markdowns/O_ISAC_356/O_ISAC_356.md,,yes,yes,yes,no,10.1049/icp.2023.2658,Photonic THz-ISAC Demonstration with Simultaneous 120Gbit/s Communication and 2.5mm Sensing Resolution,1,Included,
O_ISAC_360,**Monolithic III-nitride photonic circuit for integrated sensing and communication system**,markdown_heading,10.1109/SSLChinaIFWS60785.2023.10399712,legacy_included_list,data/proc_markdowns/O_ISAC_360,data/proc_markdowns/O_ISAC_360/O_ISAC_360.md,,yes,yes,yes,no,10.1109/SSLChinaIFWS60785.2023.10399712,Monolithic III-Nitride Photonic Circuit for Integrated Sensing and Communication System,1,Included,
O_ISAC_368,A Technical Review of Integrated Sensing and Communication in Optical Transmission System,markdown_heading,10.1109/ICOCN59242.2023.10236125,legacy_included_list,data/proc_markdowns/O_ISAC_368,data/proc_markdowns/O_ISAC_368/O_ISAC_368.md,,yes,yes,yes,no,10.1109/ICOCN59242.2023.10236125,A Technical Review of Integrated Sensing and Communication in Optical Transmission System,1,Included,
O_ISAC_371,Design and Analysis of VLC-OCC-CDMA Rake System,markdown_heading,10.1007/978-3-031-36625-3_10,legacy_included_list,data/proc_markdowns/O_ISAC_371,data/proc_markdowns/O_ISAC_371/O_ISAC_371.md,,yes,yes,yes,no,10.1007/978-3-031-36625-3_10,Design and Analysis of VLC-OCC-CDMA Rake System,1,Unscreened,
O_ISAC_377,**Photonics-aided integrated sensing and communications in mmW bands based on a DC-offset QPSK-encoded LFMCW**,markdown_heading,10.1364/OE.474055,legacy_included_list,data/proc_markdowns/O_ISAC_377,data/proc_markdowns/O_ISAC_377/O_ISAC_377.md,,yes,yes,yes,no,10.1364/OE.474055,Photonics-aided integrated sensing and communications in mmW bands based on a DC-offset QPSK-encoded LFMCW,1,Included,
O_ISAC_379,**Demonstration of photonics-based flexible integration of sensing and communication with adaptive waveforms for a W-band fiber-wireless integrated network**,markdown_heading,10.1364/OE.472693,legacy_included_list,data/proc_markdowns/O_ISAC_379,data/proc_markdowns/O_ISAC_379/O_ISAC_379.md,,yes,yes,yes,no,10.1364/OE.472693,Demonstration of photonics-based flexible integration of sensing and communication with adaptive waveforms for a W-band fiber-wireless integrated network,1,Included,
O_ISAC_381,"**Long-Distance, Real-Time LED Display-Camera Communication System Based on LED Point Clustering and Lightweight Image Processing**",markdown_heading,10.3390/photonics9100721,legacy_included_list,data/proc_markdowns/O_ISAC_381,data/proc_markdowns/O_ISAC_381/O_ISAC_381.md,,yes,yes,yes,no,10.3390/photonics9100721,"Long-Distance, Real-Time LED Display-Camera Communication System Based on LED Point Clustering and Lightweight Image Processing",1,Included,
O_ISAC_386,Design of Visible Light Communication Transceiver System Based on Intelligent Terminal,markdown_heading,10.1109/OGC52961.2021.9654303,legacy_included_list,data/proc_markdowns/O_ISAC_386,data/proc_markdowns/O_ISAC_386/O_ISAC_386.md,,yes,yes,yes,no,10.1109/OGC52961.2021.9654303,Design of Visible Light Communication Transceiver System Based on Intelligent Terminal,1,Included,
O_ISAC_388,VLC-CDMA Systems Based on Optical Complementary Codes,markdown_heading,10.1109/MWC.2019.1900071,legacy_included_list,data/proc_markdowns/O_ISAC_388,data/proc_markdowns/O_ISAC_388/O_ISAC_388.md,,yes,yes,yes,no,10.1109/MWC.2019.1900071,VLC-CDMA systems based on optical complementary codes,1,Included,
