track_id,phase2_source,doi,publication_year,category,present_in_final_corpus,present_in_retrieved_docs,present_in_legacy_included_studies_list,present_in_excluded_fulltext_log,provisional_reconstruction_status,notes
O_ISAC_001,phase2_extraction_dataset,10.1109/ICTON67126.2025.11125210,2025,WIRELESS,yes,yes,yes,no,included_final_corpus,
O_ISAC_002,phase2_extraction_dataset,,2025,WIRELESS,yes,yes,yes,no,included_final_corpus,
O_ISAC_003,phase2_extraction_dataset,10.1109/WCNC61545.2025.10978645,2025,WIRELESS,yes,yes,yes,no,included_final_corpus,
O_ISAC_004,phase2_extraction_dataset,10.1109/ICOCN67308.2025.11145535,2025,FIBER,yes,yes,yes,no,included_final_corpus,
O_ISAC_005,phase2_extraction_dataset,10.1109/WCNC61545.2025.10978163,2025,WIRELESS,yes,yes,yes,no,included_final_corpus,
O_ISAC_006,phase2_extraction_dataset,10.1109/ICCT62411.2024.10946617,2024,FIBER,yes,yes,yes,no,included_final_corpus,
O_ISAC_007,phase2_extraction_dataset,10.1109/ICOCN67308.2025.11145514,2025,FIBER,yes,yes,yes,no,included_final_corpus,
O_ISAC_008,phase2_extraction_dataset,10.23919/OECC/PSC62146.2025.11111436,2025,WIRELESS,yes,yes,yes,no,included_final_corpus,
O_ISAC_009,phase2_extraction_dataset,10.1109/JSAC.2025.3543532,2025,WIRELESS,yes,yes,yes,no,included_final_corpus,
O_ISAC_010,phase2_extraction_dataset,10.1109/ICWOC65853.2025.11150794,2025,FIBER,yes,yes,yes,no,included_final_corpus,
O_ISAC_011,phase2_extraction_dataset,10.1109/ACP/IPOC63121.2024.10809915,2024,WIRELESS,yes,yes,yes,no,included_final_corpus,
O_ISAC_012,phase2_extraction_dataset,10.1109/ACP/IPOC63121.2024.10809937,2024,WIRELESS,yes,yes,yes,no,included_final_corpus,
O_ISAC_013,phase2_extraction_dataset,10.1109/JSEN.2025.3554542,2025,FIBER,yes,yes,yes,no,included_final_corpus,
O_ISAC_014,phase2_extraction_dataset,10.1109/ICOCN63276.2024.10648387,2024,FIBER,yes,yes,yes,no,included_final_corpus,
O_ISAC_015,phase2_extraction_dataset,10.1109/LWC.2024.3521192,2025,WIRELESS,yes,yes,yes,no,included_final_corpus,
O_ISAC_016,phase2_extraction_dataset,10.1109/ICOCN63276.2024.10648485,2024,FIBER,yes,yes,yes,no,included_final_corpus,
O_ISAC_017,phase2_extraction_dataset,,2022,WIRELESS,yes,yes,yes,no,included_final_corpus,
O_ISAC_018,phase2_extraction_dataset,10.1109/JLT.2025.3555486,2025,FIBER,yes,yes,yes,no,included_final_corpus,
O_ISAC_019,phase2_extraction_dataset,10.1109/ACP/IPOC63121.2024.10809573,2024,FIBER,yes,yes,yes,no,included_final_corpus,
O_ISAC_020,phase2_extraction_dataset,10.1109/MCOM.002.2200191,2022,FIBER,yes,yes,yes,no,included_final_corpus,
O_ISAC_021,phase2_extraction_dataset,10.1109/IOTM.001.2300196,2024,WIRELESS,yes,yes,yes,no,included_final_corpus,
O_ISAC_022,phase2_extraction_dataset,10.1109/TBC.2022.3201649,2023,WIRELESS,yes,yes,yes,no,included_final_corpus,
O_ISAC_023,phase2_extraction_dataset,10.1109/JIOT.2024.3469279,2025,WIRELESS,yes,yes,yes,no,included_final_corpus,
O_ISAC_024,phase2_extraction_dataset,10.23919/OECC/PSC62146.2025.11111272,2025,FIBER,yes,yes,yes,no,included_final_corpus,
O_ISAC_025,phase2_extraction_dataset,,2025,WIRELESS,yes,yes,yes,no,included_final_corpus,
O_ISAC_026,phase2_extraction_dataset,10.1109/ACP55869.2022.10088790,2022,FIBER,yes,yes,yes,no,included_final_corpus,
O_ISAC_027,phase2_extraction_dataset,10.1109/JSEN.2025.3579715,2025,FIBER,yes,yes,yes,no,included_final_corpus,
O_ISAC_028,phase2_extraction_dataset,10.1109/ICWOC62055.2024.10684954,2024,FIBER,yes,yes,yes,no,included_final_corpus,
O_ISAC_029,phase2_extraction_dataset,10.1109/TMTT.2025.3549729,2025,FIBER,yes,yes,yes,no,included_final_corpus,
O_ISAC_030,phase2_extraction_dataset,10.1109/TMC.2025.3545340,2025,WIRELESS,yes,yes,yes,no,included_final_corpus,
O_ISAC_031,phase2_extraction_dataset,10.1109/ACP/IPOC63121.2024.10810000,2024,WIRELESS,yes,yes,yes,no,included_final_corpus,
O_ISAC_032,phase2_extraction_dataset,10.1109/JSEN.2024.3501256,2025,FIBER,yes,yes,yes,no,included_final_corpus,
O_ISAC_033,phase2_extraction_dataset,,2022,FIBER,yes,yes,yes,no,included_final_corpus,
O_ISAC_034,phase2_extraction_dataset,10.1109/LCOMM.2023.3270184,2023,WIRELESS,yes,yes,yes,no,included_final_corpus,
O_ISAC_035,phase2_extraction_dataset,10.1109/JLT.2025.3592208,2025,WIRELESS,yes,yes,yes,no,included_final_corpus,
O_ISAC_036,phase2_extraction_dataset,10.1109/ECOC66593.2025.11263375,2025,WIRELESS,yes,yes,yes,no,included_final_corpus,
O_ISAC_037,phase2_extraction_dataset,10.1109/ICOCN63276.2024.10648374,2024,FIBER,yes,yes,yes,no,included_final_corpus,
O_ISAC_038,phase2_extraction_dataset,,2025,WIRELESS,yes,yes,yes,no,included_final_corpus,
O_ISAC_039,phase2_extraction_dataset,10.1109/TMC.2022.3207164,2023,WIRELESS,yes,yes,yes,no,included_final_corpus,
O_ISAC_040,phase2_extraction_dataset,10.23919/OECC/PSC62146.2025.11110803,2025,WIRELESS,yes,yes,yes,no,included_final_corpus,
O_ISAC_041,phase2_extraction_dataset,10.1109/JIOT.2024.3414863,2024,FIBER,yes,yes,yes,no,included_final_corpus,
O_ISAC_042,phase2_extraction_dataset,,2024,FIBER,yes,yes,yes,no,included_final_corpus,
O_ISAC_043,phase2_extraction_dataset,10.1364/OFC.2023.W4J.5,2023,FIBER,yes,yes,yes,no,included_final_corpus,
O_ISAC_044,phase2_extraction_dataset,10.1109/JLT.2024.3354070,2024,FIBER,yes,yes,no,no,included_final_corpus,repo_verified_included;named_pdf_alias_added_from_extensionless_retrieved_doc
O_ISAC_045,phase2_extraction_dataset,10.1109/CLEO-PR60912.2024.10676568,2024,FIBER,yes,yes,yes,no,included_final_corpus,
O_ISAC_046,phase2_extraction_dataset,10.1109/ACP/IPOC63121.2024.10810040,2024,FIBER,yes,yes,yes,no,included_final_corpus,
O_ISAC_047,phase2_extraction_dataset,10.1109/JLT.2025.3602312,2025,FIBER,yes,yes,yes,no,included_final_corpus,
O_ISAC_048,phase2_extraction_dataset,10.1109/ICC51166.2024.10622583,2024,WIRELESS,yes,yes,yes,no,included_final_corpus,
O_ISAC_049,phase2_extraction_dataset,10.1109/JIOT.2023.3303137,2023,WIRELESS,yes,yes,yes,no,included_final_corpus,
O_ISAC_050,phase2_extraction_dataset,10.1109/TITS.2023.3324361,2024,WIRELESS,yes,yes,yes,no,included_final_corpus,
O_ISAC_051,phase2_extraction_dataset,10.1109/TCOMM.2023.3233962,2023,WIRELESS,yes,yes,yes,no,included_final_corpus,
O_ISAC_052,phase2_extraction_dataset,10.1109/GLOBECOM52923.2024.10901628,2024,WIRELESS,yes,yes,yes,no,included_final_corpus,
O_ISAC_053,phase2_extraction_dataset,10.1109/CoBCom55489.2022.9880677,2022,WIRELESS,yes,yes,yes,no,included_final_corpus,
O_ISAC_054,phase2_extraction_dataset,10.1109/JIOT.2024.3523045,2025,WIRELESS,yes,yes,yes,no,included_final_corpus,
O_ISAC_055,phase2_extraction_dataset,10.1109/LCOMM.2023.3332658,2024,WIRELESS,yes,yes,yes,no,included_final_corpus,
O_ISAC_056,phase2_extraction_dataset,10.1109/GCWkshp64532.2024.11101062,2024,WIRELESS,yes,yes,yes,no,included_final_corpus,
O_ISAC_057,phase2_extraction_dataset,10.1109/ICMMT52847.2021.9618314,2021,WIRELESS,yes,yes,yes,no,included_final_corpus,
O_ISAC_058,phase2_extraction_dataset,10.1109/TMTT.2024.3355936,2024,FIBER,yes,yes,yes,no,included_final_corpus,
O_ISAC_059,phase2_extraction_dataset,10.1109/ISSE63315.2024.10741118,2024,WIRELESS,yes,yes,yes,no,included_final_corpus,
O_ISAC_060,phase2_extraction_dataset,10.1109/ACP55869.2022.10088865,2022,WIRELESS,yes,yes,yes,no,included_final_corpus,
O_ISAC_061,phase2_extraction_dataset,10.1109/TWC.2025.3559254,2025,WIRELESS,yes,yes,yes,no,included_final_corpus,
O_ISAC_062,phase2_extraction_dataset,10.1109/TSP.2024.3383285,2024,WIRELESS,yes,yes,yes,no,included_final_corpus,
O_ISAC_063,phase2_extraction_dataset,10.1109/JLT.2024.3352493,2024,FIBER,yes,yes,yes,no,included_final_corpus,
O_ISAC_064,phase2_extraction_dataset,,2025,FIBER,yes,yes,yes,no,included_final_corpus,
O_ISAC_065,phase2_extraction_dataset,10.1109/JLT.2023.3311645,2024,FIBER,yes,yes,yes,no,included_final_corpus,
O_ISAC_066,phase2_extraction_dataset,10.1109/JLT.2024.3483289,2025,FIBER,yes,yes,yes,no,included_final_corpus,
O_ISAC_067,phase2_extraction_dataset,10.46620/URSIATRASC24/MKTB3572,2024,WIRELESS,yes,yes,yes,no,included_final_corpus,
O_ISAC_068,phase2_extraction_dataset,10.1109/CoBCom62281.2024.10631227,2024,WIRELESS,yes,yes,yes,no,included_final_corpus,
O_ISAC_069,phase2_extraction_dataset,10.1109/JLT.2023.3273268,2023,FIBER,yes,yes,yes,no,included_final_corpus,
O_ISAC_070,phase2_extraction_dataset,10.1109/JLT.2025.3615209,2025,FIBER,yes,yes,yes,no,included_final_corpus,
O_ISAC_071,phase2_extraction_dataset,10.1109/LPT.2025.3570997,2025,WIRELESS,yes,yes,yes,no,included_final_corpus,
O_ISAC_072,phase2_extraction_dataset,10.1109/ICOCN67308.2025.11145413,2025,WIRELESS,yes,yes,yes,no,included_final_corpus,
O_ISAC_073,phase2_extraction_dataset,10.1109/ICT65093.2025.11046275,2025,FIBER,yes,yes,yes,no,included_final_corpus,
O_ISAC_074,phase2_extraction_dataset,10.23919/OECC/PSC62146.2025.11110297,2025,FIBER,yes,yes,yes,no,included_final_corpus,
O_ISAC_075,phase2_extraction_dataset,10.1109/LWC.2025.3593253,2025,WIRELESS,yes,yes,yes,no,included_final_corpus,
O_ISAC_076,phase2_extraction_dataset,10.1109/JLT.2024.3510371,2025,WIRELESS,yes,yes,yes,no,included_final_corpus,
O_ISAC_077,phase2_extraction_dataset,10.1109/OECC56963.2023.10209717,2023,FIBER,yes,yes,yes,no,included_final_corpus,
O_ISAC_078,phase2_extraction_dataset,10.1109/JLT.2025.3565115,2025,FIBER,yes,yes,yes,no,included_final_corpus,
O_ISAC_079,phase2_extraction_dataset,10.1109/ECOC66593.2025.11262927,2025,WIRELESS,yes,yes,yes,no,included_final_corpus,
O_ISAC_080,phase2_extraction_dataset,10.1109/JLT.2025.3625373,2025,FIBER,yes,yes,yes,no,included_final_corpus,
O_ISAC_081,phase2_extraction_dataset,10.23919/EuCAP63536.2025.10999638,2025,WIRELESS,yes,yes,yes,no,included_final_corpus,
O_ISAC_082,phase2_extraction_dataset,10.1109/TMTT.2025.3638469,2025,FIBER,yes,yes,yes,no,included_final_corpus,
O_ISAC_083,phase2_extraction_dataset,10.1109/EuCNC/6GSummit60053.2024.10597093,2024,WIRELESS,yes,yes,yes,no,included_final_corpus,
O_ISAC_084,phase2_extraction_dataset,10.1109/GCWkshp64532.2024.11101040,2024,WIRELESS,yes,yes,yes,no,included_final_corpus,
O_ISAC_085,phase2_extraction_dataset,10.1109/LPT.2025.3577173,2025,WIRELESS,yes,yes,yes,no,included_final_corpus,
O_ISAC_086,phase2_extraction_dataset,10.1109/JSTQE.2023.3276903,2023,WIRELESS,yes,yes,yes,no,included_final_corpus,
O_ISAC_087,phase2_extraction_dataset,10.1109/JPHOT.2024.3381232,2024,FIBER,no,no,no,yes,assessed_not_in_final_corpus,assessed_candidate_not_in_final_corpus_or_pdf_set
O_ISAC_088,phase2_extraction_dataset,10.1109/ECOC66593.2025.11263441,2025,WIRELESS,yes,yes,yes,no,included_final_corpus,
O_ISAC_089,phase2_extraction_dataset,10.1109/MCOM.002.2300024,2024,WIRELESS,yes,yes,yes,no,included_final_corpus,
O_ISAC_090,phase2_extraction_dataset,10.1109/JLT.2025.3593142,2025,FIBER,yes,yes,yes,no,included_final_corpus,
O_ISAC_091,phase2_extraction_dataset,10.1109/ICC52391.2025.11160979,2025,WIRELESS,yes,yes,yes,no,included_final_corpus,
O_ISAC_092,phase2_extraction_dataset,10.1109/JIOT.2024.3373447,2024,WIRELESS,yes,yes,yes,no,included_final_corpus,
O_ISAC_093,phase2_extraction_dataset,10.1109/MIOT.2025.3575888,2025,WIRELESS,yes,yes,yes,no,included_final_corpus,
O_ISAC_094,phase2_extraction_dataset,10.1109/ICCWorkshops67674.2025.11162428,2025,WIRELESS,yes,yes,yes,no,included_final_corpus,
O_ISAC_095,phase2_extraction_dataset,10.1109/JLT.2022.3181608,2022,FIBER,yes,yes,yes,no,included_final_corpus,
O_ISAC_096,phase2_extraction_dataset,10.1109/TMBMC.2024.3434545,2024,WIRELESS,yes,yes,yes,no,included_final_corpus,
O_ISAC_097,phase2_extraction_dataset,10.1109/JIOT.2025.3542099,2025,FIBER,yes,yes,yes,no,included_final_corpus,
O_ISAC_098,phase2_extraction_dataset,10.1109/TWC.2024.3484569,2024,WIRELESS,yes,yes,yes,no,included_final_corpus,
O_ISAC_099,phase2_extraction_dataset,10.1109/LPT.2025.3541038,2025,WIRELESS,yes,yes,yes,no,included_final_corpus,
O_ISAC_100,phase2_extraction_dataset,10.1109/TWC.2025.3557061,2025,WIRELESS,yes,yes,yes,no,included_final_corpus,
O_ISAC_101,phase2_extraction_dataset,10.1109/ICTON67126.2025.11125334,2025,FIBER,yes,yes,yes,no,included_final_corpus,
O_ISAC_102,phase2_extraction_dataset,10.1109/JIOT.2025.3626345,2025,FIBER,yes,yes,yes,no,included_final_corpus,
O_ISAC_103,phase2_extraction_dataset,10.1109/ECOC66593.2025.11262977,2025,FIBER,yes,yes,yes,no,included_final_corpus,
O_ISAC_104,phase2_extraction_dataset,10.1109/SUM65312.2025.11121744,2025,FIBER,yes,yes,yes,no,included_final_corpus,
O_ISAC_105,phase2_extraction_dataset,10.1109/JLT.2024.3392282,2024,WIRELESS,yes,yes,yes,no,included_final_corpus,
O_ISAC_106,phase2_extraction_dataset,10.1109/TENCON61640.2024.10902867,2024,WIRELESS,yes,yes,yes,no,included_final_corpus,
O_ISAC_107,phase2_extraction_dataset,10.1109/JLT.2024.3415417,2024,WIRELESS,yes,yes,yes,no,included_final_corpus,
O_ISAC_108,phase2_extraction_dataset,10.1109/ICCWorkshops59551.2024.10615407,2024,WIRELESS,yes,yes,yes,no,included_final_corpus,
O_ISAC_109,phase2_extraction_dataset,10.1109/PIMRC56721.2023.10294057,2023,WIRELESS,yes,yes,yes,no,included_final_corpus,
O_ISAC_110,phase2_extraction_dataset,10.1109/IPSN61024.2024.00053,2024,WIRELESS,yes,yes,yes,no,included_final_corpus,
O_ISAC_111,phase2_extraction_dataset,,2024,FIBER,yes,yes,yes,no,included_final_corpus,
O_ISAC_112,phase2_extraction_dataset,10.1109/TGCN.2025.3589348,2025,WIRELESS,yes,yes,yes,no,included_final_corpus,
O_ISAC_113,phase2_extraction_dataset,10.1109/LPT.2025.3593343,2025,FIBER,yes,yes,yes,no,included_final_corpus,
O_ISAC_114,phase2_extraction_dataset,10.1109/JSAC.2025.3608091,2025,WIRELESS,yes,yes,yes,no,included_final_corpus,
O_ISAC_115,phase2_extraction_dataset,10.1109/PIMRC50174.2021.9569384,2021,WIRELESS,yes,yes,yes,no,included_final_corpus,
O_ISAC_116,phase2_extraction_dataset,10.1109/LPT.2025.3559423,2025,WIRELESS,yes,yes,yes,no,included_final_corpus,
O_ISAC_117,phase2_extraction_dataset,10.1109/ICICN62625.2024.10761294,2024,WIRELESS,yes,yes,yes,no,included_final_corpus,
O_ISAC_118,phase2_extraction_dataset,10.23919/ICMU65253.2025.11219159,2025,WIRELESS,yes,yes,yes,no,included_final_corpus,
O_ISAC_119,phase2_extraction_dataset,10.1109/JLT.2023.3280388,2023,FIBER,yes,yes,yes,no,included_final_corpus,
O_ISAC_120,phase2_extraction_dataset,10.1109/JSSC.2023.3237462,2023,WIRELESS,yes,yes,yes,no,included_final_corpus,
O_ISAC_121,phase2_extraction_dataset,,2025,WIRELESS,yes,yes,yes,no,included_final_corpus,
O_ISAC_122,phase2_extraction_dataset,10.1109/ACP/IPOC63121.2024.10809945,2024,WIRELESS,yes,yes,yes,no,included_final_corpus,
O_ISAC_123,phase2_extraction_dataset,10.23919/WiOpt58741.2023.10349823,2023,WIRELESS,yes,yes,yes,no,included_final_corpus,
O_ISAC_124,phase2_extraction_dataset,10.1109/TVT.2025.3613718,2025,WIRELESS,yes,yes,yes,no,included_final_corpus,
O_ISAC_125,phase2_extraction_dataset,10.1109/LAWP.2024.3436914,2024,WIRELESS,yes,yes,yes,no,included_final_corpus,
O_ISAC_126,phase2_extraction_dataset,10.1109/ICCC65529.2025.11148844,2025,WIRELESS,yes,yes,yes,no,included_final_corpus,
O_ISAC_127,phase2_extraction_dataset,10.1109/ACCESS.2025.3602057,2025,WIRELESS,yes,yes,yes,no,included_final_corpus,
O_ISAC_128,phase2_extraction_dataset,,2024,FIBER,yes,yes,yes,no,included_final_corpus,
O_ISAC_129,phase2_extraction_dataset,10.1109/VTC2024-Spring62846.2024.10683127,2024,WIRELESS,yes,yes,yes,no,included_final_corpus,
O_ISAC_130,phase2_extraction_dataset,10.1109/TIM.2025.3595231,2025,WIRELESS,yes,yes,yes,no,included_final_corpus,
O_ISAC_131,phase2_extraction_dataset,10.1109/ICCC62479.2024.10681813,2024,WIRELESS,yes,yes,yes,no,included_final_corpus,
O_ISAC_132,phase2_extraction_dataset,10.1109/JLT.2023.3252821,2023,FIBER,yes,yes,yes,no,included_final_corpus,
O_ISAC_133,phase2_extraction_dataset,10.1109/TVT.2025.3640107,2025,WIRELESS,yes,yes,yes,no,included_final_corpus,
O_ISAC_134,phase2_extraction_dataset,10.1109/OJCOMS.2025.3577193,2025,WIRELESS,yes,yes,yes,no,included_final_corpus,
O_ISAC_135,phase2_extraction_dataset,10.1109/TGRS.2017.2769003,2018,WIRELESS,yes,yes,yes,no,included_final_corpus,
O_ISAC_136,phase2_extraction_dataset,10.1109/MCOM.001.2500371,2025,WIRELESS,yes,yes,yes,no,included_final_corpus,
O_ISAC_137,phase2_extraction_dataset,10.1109/IGARSS53475.2024.10642111,2024,WIRELESS,yes,yes,yes,no,included_final_corpus,
O_ISAC_138,phase2_extraction_dataset,10.1109/JIOT.2025.3623880,2025,WIRELESS,yes,yes,yes,no,included_final_corpus,
O_ISAC_139,phase2_extraction_dataset,10.23919/WiOpt66569.2025.11123308,2025,WIRELESS,yes,yes,yes,no,included_final_corpus,
O_ISAC_140,phase2_extraction_dataset,10.1109/VTC2024-Spring62846.2024.10683334,2024,WIRELESS,yes,yes,yes,no,included_final_corpus,
O_ISAC_141,phase2_extraction_dataset,10.1109/JIOT.2024.3394041,2024,WIRELESS,yes,yes,yes,no,included_final_corpus,
O_ISAC_142,phase2_extraction_dataset,10.1109/JPROC.2024.3397910,2024,WIRELESS,yes,yes,yes,no,included_final_corpus,
O_ISAC_143,phase2_extraction_dataset,10.1109/WoWMoM57956.2023.00055,2023,WIRELESS,yes,yes,yes,no,included_final_corpus,
O_ISAC_144,phase2_extraction_dataset,10.1109/ICSPCC66825.2025.11194376,2025,WIRELESS,yes,yes,yes,no,included_final_corpus,
O_ISAC_145,phase2_extraction_dataset,10.1109/TMC.2025.3618098,2025,WIRELESS,yes,yes,yes,no,included_final_corpus,
O_ISAC_146,phase2_extraction_dataset,10.1109/PAC.1997.752764,1997,WIRELESS,yes,yes,yes,no,included_final_corpus,
O_ISAC_147,phase2_extraction_dataset,10.1109/IGARSS.2007.4422954,2007,WIRELESS,yes,yes,yes,no,included_final_corpus,
O_ISAC_148,phase2_extraction_dataset,10.1109/M2GARSS52314.2022.9839932,2022,WIRELESS,yes,yes,yes,no,included_final_corpus,
O_ISAC_149,phase2_extraction_dataset,10.1109/DASC.1994.369416,1994,WIRELESS,yes,yes,yes,no,included_final_corpus,
O_ISAC_150,phase2_extraction_dataset,10.1109/OJCOMS.2020.3010270,2020,WIRELESS,yes,yes,yes,no,included_final_corpus,
O_ISAC_151,phase2_extraction_dataset,10.1109/MNET.2024.3519187,2025,FIBER,yes,yes,yes,no,included_final_corpus,
O_ISAC_152,phase2_extraction_dataset,10.1109/JLT.2025.3632104,2025,WIRELESS,yes,yes,yes,no,included_final_corpus,
O_ISAC_153,phase2_extraction_dataset,10.1109/JSEN.2024.3470995,2024,WIRELESS,yes,yes,yes,no,included_final_corpus,
O_ISAC_154,phase2_extraction_dataset,10.1109/IGARSS.2016.7730503,2016,WIRELESS,yes,yes,yes,no,included_final_corpus,
O_ISAC_155,phase2_extraction_dataset,10.1109/LCN65610.2025.11146333,2025,WIRELESS,yes,yes,yes,no,included_final_corpus,
O_ISAC_156,phase2_extraction_dataset,10.1109/COMST.2023.3327327,2024,WIRELESS,yes,yes,yes,no,included_final_corpus,
O_ISAC_157,phase2_extraction_dataset,10.1109/TIM.2024.3391338,2024,WIRELESS,yes,yes,yes,no,included_final_corpus,
O_ISAC_158,phase2_extraction_dataset,10.1109/MVT.2023.3238481,2023,FIBER,yes,yes,yes,no,included_final_corpus,
O_ISAC_159,phase2_extraction_dataset,10.1109/OJCOMS.2025.3545896,2025,WIRELESS,yes,yes,yes,no,included_final_corpus,
O_ISAC_160,phase2_extraction_dataset,10.1109/OJCS.2024.3386733,2024,WIRELESS,yes,yes,yes,no,included_final_corpus,
O_ISAC_161,phase2_extraction_dataset,10.1109/JSTEAP.2025.3610564,2025,WIRELESS,yes,yes,yes,no,included_final_corpus,
O_ISAC_162,phase2_extraction_dataset,10.1109/JSTEAP.2025.3603540,2025,WIRELESS,yes,yes,yes,no,included_final_corpus,
O_ISAC_163,phase2_extraction_dataset,10.1109/COMST.2024.3519785,2025,WIRELESS,yes,yes,yes,no,included_final_corpus,
O_ISAC_164,phase2_extraction_dataset,10.3390/s25227061,2025,WIRELESS,yes,yes,yes,no,included_final_corpus,
O_ISAC_165,phase2_extraction_queue,10.1016/j.optcom.2025.132782,,,yes,yes,yes,no,included_final_corpus,
O_ISAC_166,phase2_extraction_queue,10.1016/j.nanoen.2025.111639,,,yes,yes,yes,no,included_final_corpus,
O_ISAC_167,phase2_extraction_queue,10.1016/j.optlaseng.2025.109470,,,yes,yes,yes,no,included_final_corpus,
O_ISAC_171,phase2_extraction_queue,10.1038/s41467-025-62854-z,,,yes,yes,yes,no,included_final_corpus,
O_ISAC_172,phase2_extraction_queue,10.1016/j.optlastec.2025.113726,,,yes,yes,yes,no,included_final_corpus,
O_ISAC_173,phase2_extraction_queue,10.1145/3680207.3765690,,,yes,yes,yes,no,included_final_corpus,
O_ISAC_185,phase2_extraction_queue,10.1364/PRJ.561888,,,yes,yes,yes,no,included_final_corpus,
O_ISAC_186,phase2_extraction_queue,10.1007/s11432-024-4369-2,,,yes,yes,yes,no,included_final_corpus,
O_ISAC_187,phase2_extraction_queue,10.1364/OE.564416,,,yes,yes,yes,no,included_final_corpus,
O_ISAC_188,phase2_extraction_queue,10.1364/OE.563557,,,yes,yes,yes,no,included_final_corpus,
O_ISAC_189,phase2_extraction_queue,10.1364/PRJ.553098,,,yes,yes,yes,no,included_final_corpus,
O_ISAC_190,phase2_extraction_queue,10.1364/OE.565431,,,yes,yes,yes,no,included_final_corpus,
O_ISAC_195,phase2_extraction_queue,10.1364/OE.555053,,,yes,yes,yes,no,included_final_corpus,
O_ISAC_199,phase2_extraction_queue,10.1016/j.jestch.2025.101958,,,yes,yes,yes,no,included_final_corpus,
O_ISAC_200,phase2_extraction_queue,10.1016/j.yofte.2024.104047,,,yes,yes,yes,no,included_final_corpus,
O_ISAC_202,phase2_extraction_queue,10.3788/COL202523.020602,,,yes,yes,yes,no,included_final_corpus,
O_ISAC_203,phase2_extraction_queue,10.1002/adfm.202412813,,,yes,yes,yes,no,included_final_corpus,
O_ISAC_206,phase2_extraction_queue,10.1109/TWC.2025.3545372,,,yes,yes,yes,no,included_final_corpus,
O_ISAC_218,phase2_extraction_queue,10.1109/JLT.2025.3642277,,,yes,yes,yes,no,included_final_corpus,
O_ISAC_219,phase2_extraction_queue,10.1109/JLT.2025.3642513,,,yes,yes,yes,no,included_final_corpus,
O_ISAC_220,phase2_extraction_queue,10.1364/PRJ.563034,,,yes,yes,yes,no,included_final_corpus,
O_ISAC_237,phase2_extraction_queue,10.1109/TVT.2025.3619057,,,yes,yes,yes,no,included_final_corpus,
O_ISAC_241,phase2_extraction_queue,10.1109/JLT.2025.3613544,,,yes,yes,yes,no,included_final_corpus,
O_ISAC_242,phase2_extraction_queue,10.1109/LPT.2025.3614902,,,yes,yes,yes,no,included_final_corpus,
O_ISAC_245,phase2_extraction_queue,10.1109/ICMLCN64995.2025.11140099,,,yes,yes,yes,no,included_final_corpus,
O_ISAC_248,phase2_extraction_queue,10.1109/ICTON67126.2025.11125376,,,yes,yes,yes,no,included_final_corpus,
O_ISAC_252,phase2_extraction_queue,10.23919/OECC/PSC62146.2025.11110813,,,yes,yes,yes,no,included_final_corpus,
O_ISAC_259,phase2_extraction_queue,10.1109/JIOT.2025.3599171,,,yes,yes,yes,no,included_final_corpus,
O_ISAC_272,phase2_extraction_queue,10.1109/LWC.2025.3583732,,,yes,yes,yes,no,included_final_corpus,
O_ISAC_276,phase2_extraction_queue,10.1109/JLT.2025.3563162,,,yes,yes,yes,no,included_final_corpus,
O_ISAC_280,phase2_extraction_queue,10.1364/OE.533917,,,yes,yes,yes,no,included_final_corpus,
O_ISAC_283,phase2_extraction_queue,10.1364/OE.541229,,,yes,yes,yes,no,included_final_corpus,
O_ISAC_286,phase2_extraction_queue,10.1364/OE.525854,,,yes,yes,yes,no,included_final_corpus,
O_ISAC_288,phase2_extraction_queue,10.3390/photonics11090861,,,yes,yes,yes,no,included_final_corpus,
O_ISAC_291,phase2_extraction_queue,10.1145/3672202.3673726,,,yes,yes,yes,no,included_final_corpus,
O_ISAC_300,phase2_extraction_queue,10.1109/JLT.2023.3344788,,,yes,yes,yes,no,included_final_corpus,
O_ISAC_301,phase2_extraction_queue,10.3788/COL202422.043901,,,yes,yes,yes,no,included_final_corpus,
O_ISAC_303,phase2_extraction_queue,10.1016/j.dsp.2023.104340,,,yes,yes,yes,no,included_final_corpus,
O_ISAC_304,phase2_extraction_queue,10.1016/j.optcom.2023.130091,,,yes,yes,yes,no,included_final_corpus,
O_ISAC_310,phase2_extraction_queue,10.1109/ACP/IPOC63121.2024.10809603,,,yes,yes,yes,no,included_final_corpus,
O_ISAC_324,phase2_extraction_queue,10.34133/research.0416,,,yes,yes,yes,no,included_final_corpus,
O_ISAC_327,phase2_extraction_queue,10.1109/JIOT.2024.3430326,,,yes,yes,yes,no,included_final_corpus,
O_ISAC_340,phase2_extraction_queue,10.1109/CAMAD62243.2024.10942755,,,yes,yes,yes,no,included_final_corpus,
O_ISAC_347,phase2_extraction_queue,10.1109/JLT.2023.3265799,2023,WIRELESS,no,yes,yes,yes,assessed_not_in_final_corpus,repository_reconciliation_exclusion_wrong_linked_assets_no_verified_jlt_fulltext
O_ISAC_348,phase2_extraction_queue,10.1038/s41377-022-01067-1,,,yes,yes,yes,no,included_final_corpus,
O_ISAC_349,phase2_extraction_queue,10.1109/TMTT.2023.3267546,,,yes,yes,yes,no,included_final_corpus,
O_ISAC_350,phase2_extraction_queue,10.37188/CO.2023-0028,,,yes,yes,yes,no,included_final_corpus,
O_ISAC_351,phase2_extraction_queue,10.1016/j.optcom.2023.129484,,,yes,yes,yes,no,included_final_corpus,
O_ISAC_354,phase2_extraction_queue,10.1021/acsomega.3c00521,,,yes,yes,yes,no,included_final_corpus,
O_ISAC_356,phase2_extraction_queue,10.1049/icp.2023.2658,,,yes,yes,yes,no,included_final_corpus,
O_ISAC_360,phase2_extraction_queue,10.1109/SSLChinaIFWS60785.2023.10399712,,,yes,yes,yes,no,included_final_corpus,
O_ISAC_368,phase2_extraction_queue,10.1109/ICOCN59242.2023.10236125,,,yes,yes,yes,no,included_final_corpus,
O_ISAC_371,phase2_extraction_queue,10.1007/978-3-031-36625-3_10,,,yes,yes,yes,no,included_final_corpus,
O_ISAC_377,phase2_extraction_queue,10.1364/OE.474055,,,yes,yes,yes,no,included_final_corpus,
O_ISAC_379,phase2_extraction_queue,10.1364/OE.472693,,,yes,yes,yes,no,included_final_corpus,
O_ISAC_381,phase2_extraction_queue,10.3390/photonics9100721,,,yes,yes,yes,no,included_final_corpus,
O_ISAC_386,phase2_extraction_queue,10.1109/OGC52961.2021.9654303,,,yes,yes,yes,no,included_final_corpus,
O_ISAC_388,phase2_extraction_queue,10.1109/MWC.2019.1900071,,,yes,yes,yes,no,included_final_corpus,
