Track_ID,Document Title,Authors,Publication Title,Publication Year,DOI,CATEGORY,Title,Year,Venue,Abstract
O_ISAC_165,,H. Luo; N. Xu; S. Wang; H. Kuang; H. Ge; X. Li; B. Jia,,,10.1016/j.optcom.2025.132782,,Design and modelling of InAs detection system on SOI via monolithic integration for mid-infrared integrated sensing and communication,2026.0,,
O_ISAC_166,,J. Li; J. Tao; C. Ge; C. Xu; J. Wang; Z. Xu; H. Wang; Q. Xu; H. Zhao; C. Zhang; W. Gui; W. Gao; X. Liang; X. Xu; W. Ding,,,10.1016/j.nanoen.2025.111639,,An integrated sensing and communication solar skin for health monitoring and human–machine interaction,2026.0,,
O_ISAC_167,,J. Shen; J. Fan; M. Li; Y. Fei; T. Fu; M. Gao,,,10.1016/j.optlaseng.2025.109470,,Multi-service integrated sensing and communication system for industrial internet-of-things,2026.0,,
O_ISAC_171,,M. Wang; W. Zhang; Z. Ren; S. Li; X. Zheng; X. Xue,,,10.1038/s41467-025-62854-z,,Frequency-comb-steered ultrawideband quasi-true-time-delay beamformer for integrated sensing and communication,2025.0,,
O_ISAC_172,,M. Ma; M. Bi; M. Xu; Y. Zhang; J. Luo; X. Zhou; L. Zhang; M. Hu,,,10.1016/j.optlastec.2025.113726,,Joint break-point localization sensing based on OFDR and non-disruptive communication fiber ISAC system,2025.0,,
O_ISAC_173,,L.-W. Chia; M. Motani,,,10.1145/3680207.3765690,,Poster: High-Performance Optical Camera Communications for ISAC Localization and Sensing,2025.0,,
O_ISAC_185,,Z. Li; J. Shi; C. Shen; Y. Zhang; J. Zhang; N. Chi,,,10.1364/PRJ.561888,,Adaptive visible light integrated sensing and communication for cable-free virtual reality,2025.0,,
O_ISAC_186,,H. Xiong; N. Jiang; A. Li; M. Che; C. Wang; Q. Zhang; Y. Zhang; K. Qiu,,,10.1007/s11432-024-4369-2,,Chaotic optoelectronic oscillators-based dual-function radar-communication system,2025.0,,
O_ISAC_187,,Z. Yixiao; L. Xuan; Z. Shanghong; W. Guodong; W. Ruiqiong; M. Qingqing; X. Lingrui; Q. Hao; Z. Zihang,,,10.1364/OE.564416,,Photonic-aided Doppler-robust ISAC system based on index modulation and chirp multiplexing,2025.0,,
O_ISAC_188,,L. Wang; Y. Wang; Z. Lin; H. Yu; Y. Li; C. Lu; C. Yu; M. Tang,,,10.1364/OE.563557,,Endogenous integration of communication and interference fading free sensing using telecom pilots via joint polarization-fraction domain multiplexing,2025.0,,
O_ISAC_189,,J. Wang; J. Zhang; A.P.T. Lau; C. Lu,,,10.1364/PRJ.553098,,Integrated ultra-large dynamic vibration sensing with fronthaul analog radio-over-fiber transmission,2025.0,,
O_ISAC_190,,J. Shi; Y. Han; Y. Li; X. Gui; X. Fu; Z. Li,,,10.1364/OE.565431,,Common bias-digital subcarrier multiplexing scheme for integrated sensing and communication in short-reach optical transmission systems,2025.0,,
O_ISAC_195,,R. Wang; W. Ma; J. Liu; H. Xu; Z. Shen; W. Li,,,10.1364/OE.555053,,Integrated sensing and communication system based on a photonic integrated broadband multi-beamformer,2025.0,,
O_ISAC_199,,R. Arunachalam; R. Singh; M. Vinoth Kumar,,,10.1016/j.jestch.2025.101958,,"Towards last-mile connectivity in 6G-IoT: An integrated MIMO-FSO communication system and FBG sensors under atmospheric attenuations, strain and temperature effects",2025.0,,
O_ISAC_200,,A. Rode; M. Farsi; V. Lauinger; M. Karlsson; E. Agrell; L. Schmalen; C. Häger,,,10.1016/j.yofte.2024.104047,,Machine learning opportunities for integrated polarization sensing and communication in optical fibers,2025.0,,
O_ISAC_202,,H. Zhu; X. Xu; Z. Liu; J. Zhang,,,10.3788/COL202523.020602,,Integrated optical covert sensing and communication,2025.0,,
O_ISAC_203,,Y. Xia; J. Zhang; T. Guo; H. Wang; C. Geng; Y. Zhu; R. Han; Y. Yang; G. Song; X. Wan; G. Li; Y. Chen,,,10.1002/adfm.202412813,,High-Speed Flexible Near-Infrared Organic Photodetectors for Self-Powered Optical Integrated Sensing and Communications,2025.0,,
O_ISAC_206,,B. Liu; S. Gao; Z. Yang; X. Cheng; L. Yang,,,10.1109/TWC.2025.3545372,,Beam Pattern Modulation Embedded Hybrid Transceiver Optimization for Integrated Sensing and Communication,2025.0,,
O_ISAC_218,,X.; H. Wang; S. Shao; C. Chen,,,10.1109/JLT.2025.3642277,,Hybrid MRR-Assisted Long-Range SDMA for RO-ISAC Systems in Industry IoT Applications,2025.0,,
O_ISAC_219,,W. Wang; C. Chen; H. Wang; Z. Zeng; D. Wang; J. Ye; M. Kong; M. Liu; H. Haas,,,10.1109/JLT.2025.3642513,,"Multiuser Retroreflective Optical ISAC: Waveform Design, Joint Sensing and Multiple Access",2025.0,,
O_ISAC_220,,J. Cai; L. Sun; Y. Wu; W. Wang; Y. Cai; G.N. Liu; G. Shen,,,10.1364/PRJ.563034,,Advanced SMART network: empowering subsea monitoring with dense photonic integrated sensing and communication,2025.0,,
O_ISAC_237,,Y. Wang; Y. Zeng; S. Sun; X. Zhang,,,10.1109/TVT.2025.3619057,,Coordinated FMCW and OFDM for Integrated Sensing and Communication,2025.0,,
O_ISAC_241,,Y. Wang; S. Di; D. Du; Y. Song; Q. Zhang; J. Zhang; M. Wang; J. Yu,,,10.1109/JLT.2025.3613544,,Photonics-Assisted Millimeter-Wave Integrated Sensing and Communication Based on OTFS,2025.0,,
O_ISAC_242,,J. He; S. Xiao; C. Ying; Z. Chen; Y. Xiao,,,10.1109/LPT.2025.3614902,,Sliding window-based LSTM scheme for PAM-4 photonics-assisted W-band ISAC systems,2025.0,,
O_ISAC_245,,K. Zhu; X. Zhou; J. Yang; L. Liang; S. Jin; X. Li,,,10.1109/ICMLCN64995.2025.11140099,,MCMC-Based Sparse Bayesian Learning for Super-Resolution Receiver in ISAC Systems,2025.0,,
O_ISAC_248,,S. Gaiani; M. Fasano; A. Gatto; P. Parolari; P. Martelli; P. Boffi,,,10.1109/ICTON67126.2025.11125376,,Exploitation of FMF capabilities for joint communications and sensing,2025.0,,
O_ISAC_252,,M. Wu; H. Yang; W. Liu; Q. Yao; J. Zhang; M. Cheriet,,,10.23919/OECC/PSC62146.2025.11110813,,An Adaptive Control System for Satellite-Ground Laser Communication Based on Integrated Sensing and Communication,2025.0,,
O_ISAC_259,,K. Li; J. Wang; H. Cui; B. Zhou; P. Fan,,,10.1109/JIOT.2025.3599171,,Low-PAPR OFDM-ISAC Waveform Design Based on Frequency-Domain Phase Differences,2025.0,,
O_ISAC_272,,X. Xia; R. Yao; X. Nan; Z. Zhang; J. Feng; Y. Fan; X. Zuo,,,10.1109/LWC.2025.3583732,,Three-Stage Super-Resolution Estimation of Target Parameter in OCDM ISAC Systems,2025.0,,
O_ISAC_276,,P.J. Urban; E.M. Miśkiewicz; D. Karczewicz; W. Kogut; J. Kopczyński,,,10.1109/JLT.2025.3563162,,Parallel Path Effect-Free Remote Monitoring and Sensing in Live XGS-PON Using Legacy Optical Time Domain Reflectometry,2025.0,,
O_ISAC_280,,Y. Zhao; J. Wan; S. Xu; W. Zou,,,10.1364/OE.533917,,Integration of endogenous sensing and communication based on photonics-enabled cellular base station networks with a spectrum fusion algorithm,2024.0,,
O_ISAC_283,,X. Yu; J. Ye; L. Yan; T. Zhou; N. Zhong; Y. Zhu; X. Zou; W. Pan,,,10.1364/OE.541229,,Photonics-assisted self-interference cancellation for in-band full-duplex integrated sensing and communication transceiver,2024.0,,
O_ISAC_286,,L. Peng; M. Yin; D. Zou; N. Yang; Y. Xiao; F. Li,,,10.1364/OE.525854,,Photonics-assisted integrated sensing and communication with ranging resolution improvement by multiple signal classification,2024.0,,
O_ISAC_288,,A.K. Alzamil; M.A. Sharawy; E.M. Almohimmah; A.M. Ragheb; A. Almaiman; S.A. Alshebeili,,,10.3390/photonics11090861,,Development of an Integrated Communication and Sensing System Using Spread Spectrum and Photonics Technologies,2024.0,,
O_ISAC_291,,X. Zhang; L. Xiao; M.W. Mutka,,,10.1145/3672202.3673726,,POSTER: Holographic Optical Tag enabled Omnidirectional IoT Connection,2024.0,,
O_ISAC_300,,Z. Lyu; L. Zhang; H. Zhang; Z. Yang; H. Yang; L. Li; C. Zhang; V. Bobrovs; O. Ozoliņš; X. Pang; X. Yu,,,10.1109/JLT.2023.3344788,,Preamble-Free Synchronization Based on Dual-chirp Waveforms for Photonic THz-ISAC,2024.0,,
O_ISAC_301,,J. Jia; B. Dong; L. Tao; J. Shi; N. Chi; J. Zhang,,,10.3788/COL202422.043901,,Demonstration of radar-aided flexible communication in a photonics-based W-band distributed integrated sensing and communication system for 6G,2024.0,,
O_ISAC_303,,C. Liang; J. Li; S. Liu; F. Yang; Y. Dong; J. Song; X.-P. Zhang; W. Ding,,,10.1016/j.dsp.2023.104340,,"Integrated sensing, lighting and communication based on visible light communication: A review",2024.0,,
O_ISAC_304,,X. Li; Y. Zhou; G. Wang; S. Zhao; Z. Zhu,,,10.1016/j.optcom.2023.130091,,Photonic joint radar and communication system using a chirp-polarity coded LFM waveform,2024.0,,
O_ISAC_310,,Y. Liu; X. Deng; N. Zhong; X. Zou; W. Pan; L. Yan,,,10.1109/ACP/IPOC63121.2024.10809603,,Simulation of Constant-envelope THz Integrated Sensing and Communication System based on Photonics with 2D Positioning,2024.0,,
O_ISAC_324,,Y. Xu; T. Wang; P. Huang; G. Zeng,,,10.34133/research.0416,,Integrated Distributed Sensing and Quantum Communication Networks,2024.0,,
O_ISAC_327,,P. Tang; Y. Yin; Y. Tong; S. Liu; L. Li; T. Jiang; Q. Wang; M. Mingzhe,,,10.1109/JIOT.2024.3430326,,Channel Characterization and Modeling for VLC-IoE Applications in 6G: A Survey,2024.0,,
O_ISAC_340,,E. Theodoropoulou; G. Lyberopoulos; F. Setaki; C. Marcus; O. Eriksson; B. Schrenk; P. Garcia; S. Royo; J.M. Fábrega; R. Martí­nez; R. Casellas; J.R. Casas; J.A. Lazaro,,,10.1109/CAMAD62243.2024.10942755,,6G-EWOC: AI-Enhanced Fiber-Wireless Optical 6G Network in Support of Connected Mobility,2024.0,,
O_ISAC_347,,N. Zhong; P. Li; W. Bai; W. Pan; L. Yan; X. Zou,,,10.1109/JLT.2023.3265799,,Spectral-Efficient Frequency-Division Photonic Millimeter-Wave Integrated Sensing and Communication System Using Improved Sparse LFM Sub-Bands Fusion,2023.0,,
O_ISAC_348,,H. He; L. Jiang; Y. Pan; A. Yi; X. Zou; W. Pan; A.E. Willner; X. Fan; Z. He; L. Yan,,,10.1038/s41377-022-01067-1,,Integrated sensing and communication in an optical fibre,2023.0,,
O_ISAC_349,,Z. Lyu; L. Zhang; H. Zhang; Z. Yang; H. Yang; N. Li; L. Li; V. Bobrovs; O. Ozoliņš; X. Pang; X. Yu,,,10.1109/TMTT.2023.3267546,,Radar-Centric Photonic Terahertz Integrated Sensing and Communication System Based on LFM-PSK Waveform,2023.0,,
O_ISAC_350,,X.-X. Feng; M.-Y. Han; M.-P. Chen; Q. Fang; Y.-J. Wang; X. Li,,,10.37188/CO.2023-0028,,Integrated Nitride optoelectronic chip for motion detection and visible light communication; 运动探测及可见光通信一体化氮化物光电子芯片,2023.0,,
O_ISAC_351,,L. Tang; Z. Hu; D. Teng; L. Liu,,,10.1016/j.optcom.2023.129484,,Integrated high precision time-of-flight depth sensing and optical communication based on Hamiltonian coding,2023.0,,
O_ISAC_354,,X. Li; M.-Y. Han; M.-P. Chen; Y. Li; F. Qin; G. Zhu; L. Wang; Y.-J. Wang,,,10.1021/acsomega.3c00521,,Integrated Sensing and Communication Chip Based on III-Nitride for Motion Detection,2023.0,,
O_ISAC_356,,Z. Lyu; Z. Lu; Z. Yang; H. Zhang; C. Zhang; H. Yang; N. Li; V. Bobrovs; O. Ozoliņš; X. Pang; X. Yu,,,10.1049/icp.2023.2658,,Photonic THz-ISAC Demonstration with Simultaneous 120Gbit/s Communication and 2.5mm Sensing Resolution,2023.0,,
O_ISAC_360,,Y. Jiang; M. Xie; Z. Shi; Y.-J. Wang,,,10.1109/SSLChinaIFWS60785.2023.10399712,,Monolithic III-Nitride Photonic Circuit for Integrated Sensing and Communication System,2023.0,,
O_ISAC_368,,J. Yan; F. Zheng; Y. Li; M. Pan; Y. Wu; J. Liu; F. Chen; Y. Wang; G. Wu; X. Li; Q. Wang; X. An; Z. Chen; P. Xin; Y. Zhao; J. Zhang,,,10.1109/ICOCN59242.2023.10236125,,A Technical Review of Integrated Sensing and Communication in Optical Transmission System,2023.0,,
O_ISAC_371,,Q. Qiu; S. Si; Y. Yu; Y. Dong; C. Yuexin; Y. Yang,,,10.1007/978-3-031-36625-3_10,,Design and Analysis of VLC-OCC-CDMA Rake System,2023.0,,
O_ISAC_377,,M. Lei; B. Hua; Y. Cai; J. Zhang; Y. Zou; W. Tong; X. Liu; M. Fang; J. Yu; M. Zhu,,,10.1364/OE.474055,,Photonics-aided integrated sensing and communications in mmW bands based on a DC-offset QPSK-encoded LFMCW,2022.0,,
O_ISAC_379,,B. Dong; J. Jia; G. Li; J. Shi; H. Wang; J. Zhang; N. Chi,,,10.1364/OE.472693,,Demonstration of photonics-based flexible integration of sensing and communication with adaptive waveforms for a W-band fiber-wireless integrated network,2022.0,,
O_ISAC_381,,J. Li; C. Pan; J. Pan; J. Lin; M. Lu; Z.L. Jiang; J. Fang,,,10.3390/photonics9100721,,"Long-Distance, Real-Time LED Display-Camera Communication System Based on LED Point Clustering and Lightweight Image Processing",2022.0,,
O_ISAC_386,,H. Liu; F. Ma,,,10.1109/OGC52961.2021.9654303,,Design of Visible Light Communication Transceiver System Based on Intelligent Terminal,2021.0,,
O_ISAC_388,,Y. Qiu; H.-H. Chen; J. Li; W. Meng,,,10.1109/MWC.2019.1900071,,VLC-CDMA systems based on optical complementary codes,2020.0,,
