claim_id,claim_short,paper_id,year,title,modality,evidence_type,where_in_paper,supporting_excerpt,why_it_supports,metric_terms,terminology_terms,cross_domain_note,confidence,source_path,source_locator
C1,Terminology Inconsistency,O_ISAC_022,20XX,Joint Visible Light Sensing and Communication Using *m*-CAP Modulation,VLC,Other,I. INTRODUCTION,"...to provide not only visible light-based OWC – usually called visible light communication (VLC) –, but also visible light positioning (VLP). Both topics have thus received a lot of attention...",Explicit/Distinct usage of 'VLC',,VLC,,0.9,c:\Users\fatih\gdrive\AKU_WorkSpace\survey_fdgit\OISAC_PRISMA_COMST\data\processed_markdowns\O_ISAC_022\O_ISAC_022.md,Section: I. INTRODUCTION
C1,Terminology Inconsistency,O_ISAC_062,2023,6-DoF Location-and-Pose Estimation Toward Integrated Visible Light Communication and Sensing: Algorithm Design and Performance Limits,VLC,Other,I. INTRODUCTION,"...widespread use of light-emitting-diodes (LEDs) for illumination, visible light communication (VLC, also known as LiFi) is considered to be an important technique of 6G wireless communications, due to its potentials...",Explicit/Distinct usage of 'VLC',,VLC,,0.9,c:\Users\fatih\gdrive\AKU_WorkSpace\survey_fdgit\OISAC_PRISMA_COMST\data\processed_markdowns\O_ISAC_062\O_ISAC_062.md,Section: I. INTRODUCTION
C1,Terminology Inconsistency,O_ISAC_068,20XX,Joint Communication and Sensing Prospects: Potential Through Visible Light,VLC,Other,*C. VL Comparison to RF Approaches*,"...Susceptible to<br>electromagnetic<br>interference from<br>other wireless devices<br>operating in the same<br>frequency band | Less susceptible to<br>interference as VLC<br>can be confined to<br>defined areas and<br>controlled by the<br>optic design | | Deployment<br>Flexibility | Flexible deployment<br>options, suitable...",Explicit/Distinct usage of 'VLC',,VLC,,0.9,c:\Users\fatih\gdrive\AKU_WorkSpace\survey_fdgit\OISAC_PRISMA_COMST\data\processed_markdowns\O_ISAC_068\O_ISAC_068.md,Section: *C. VL Comparison to RF Approaches*
C1,Terminology Inconsistency,O_ISAC_070,2022,Exploring Photonic THz-ISAC Systems with Integrated Waveforms,Photo-THz,Other,A. Experimental Architecture of Photonic THz-ISAC Systems,"...receiving antenna, and then electrically down-converted to the intermediate frequency (IF) band. Following amplification by the low noise amplifier (LNA), the IF signals are sampled and digitized using a real-time...",Explicit/Distinct usage of 'lifi',,lifi,,0.9,c:\Users\fatih\gdrive\AKU_WorkSpace\survey_fdgit\OISAC_PRISMA_COMST\data\processed_markdowns\O_ISAC_070\O_ISAC_070.md,Section: A. Experimental Architecture of Photonic THz-ISAC Systems
C1,Terminology Inconsistency,O_ISAC_084,20XX,LumiPane: Intelligent Interaction through Gesture Sensing and Ambient Light Communication,VLC,Other,REFERENCES,"...87, p. 103 281, 2020. - [19] Q. Wang, D. Giustiniano, and D. Puccinelli, ""Openvlc: Software-defined visible light embedded networks,"" in *Proceedings of the 1st ACM MobiCom workshop on Visible...",Explicit/Distinct usage of 'vlc',,vlc,,0.9,c:\Users\fatih\gdrive\AKU_WorkSpace\survey_fdgit\OISAC_PRISMA_COMST\data\processed_markdowns\O_ISAC_084\O_ISAC_084.md,Section: REFERENCES
C1,Terminology Inconsistency,O_ISAC_166,20XX,An integrated sensing and communication solar skin for health monitoring and human–machine interaction,VLC,Other,**References**,"...[56] G. Coley, Beaglebone black system reference manual, Texas Instruments, Dallas 5 (2013). - [57] Q. Wang, D. Giustiniano, D. Puccinelli, Openvlc: software-defined visible light embedded networks, MobiCom (2014) 15–20,...",Explicit/Distinct usage of 'vlc',,vlc,,0.9,c:\Users\fatih\gdrive\AKU_WorkSpace\survey_fdgit\OISAC_PRISMA_COMST\data\processed_markdowns\O_ISAC_166\O_ISAC_166.md,Section: **References**
C1,Terminology Inconsistency,O_ISAC_167,20XX,Optics and Lasers in Engineering,Fiber,Other,**1. Introduction**,"...performs differently under varying transmission speeds [[6](#page-9-0)]. In IIoT domain, wireless communication security has established robust solutions, exemplified by a low-power, multi-carrier waveformdefined security framework to address emerging artificial-intelligence (AI)-powered...",Explicit/Distinct usage of 'lifi',,lifi,,0.9,c:\Users\fatih\gdrive\AKU_WorkSpace\survey_fdgit\OISAC_PRISMA_COMST\data\processed_markdowns\O_ISAC_167\O_ISAC_167.md,Section: **1. Introduction**
C1,Terminology Inconsistency,O_ISAC_186,2025,SCIENCE CHINA Information Sciences,Fiber,Other,2.1 Chaotic signal generation based OEO,"...delay of the system loop, and the delay is also called the TDS. After passing through the amplifier (AMP), a segment of the electrical signal is connected to the MZM...",Explicit/Distinct usage of 'lifi',,lifi,,0.9,c:\Users\fatih\gdrive\AKU_WorkSpace\survey_fdgit\OISAC_PRISMA_COMST\data\processed_markdowns\O_ISAC_186\O_ISAC_186.md,Section: 2.1 Chaotic signal generation based OEO
C1,Terminology Inconsistency,O_ISAC_303,20XX,Contents lists available at ScienceDirect,VLC,Other,**References**,"...ttp://refhub.elsevier.com/S1051-2004(23)00435-9/sbref0035) [Conference, 2010, pp. 1](http://refhub.elsevier.com/S1051-2004(23)00435-9/sbref0035)–3. - [36] [Q. Wang, D. Giustiniano, D. Puccinelli, OpenVLC: software-defined visible light](http://refhub.elsevier.com/S1051-2004(23)00435-9/sbref0036) [embedded networks, in: Proceedings of the 1st ACM MobiCom Workshop on](http://refhub.elsevier.com/S10...",Explicit/Distinct usage of 'VLC',,VLC,,0.9,c:\Users\fatih\gdrive\AKU_WorkSpace\survey_fdgit\OISAC_PRISMA_COMST\data\processed_markdowns\O_ISAC_303\O_ISAC_303.md,Section: **References**
C1,Terminology Inconsistency,O_ISAC_388,20XX,VLC-CDMA Systems Based on Optical Complementary Codes,VLC,Other,Introduction,"...the sequel. In this work, we introduce unipolar complementary codes, namely optical complementary codes (OCCs), for VLC-CDMA applications, which is called a VLC-OCC-CDMA system. *Yang Qiu, Jinqiang Li, and Weixiao...",Explicit/Distinct usage of 'VLC',,VLC,,0.9,c:\Users\fatih\gdrive\AKU_WorkSpace\survey_fdgit\OISAC_PRISMA_COMST\data\processed_markdowns\O_ISAC_388\O_ISAC_388.md,Section: Introduction
C1,Terminology Inconsistency,O_ISAC_001,20XX,Modulation Strategies for Robust Optical Wireless Communications and Sensing in 6G,VLC,Other,REFERENCES,"...2022, doi: 10.1109/LPT.2022.3186734. - [10] S. Chen, C. Chen, Z. Zeng, Y. Yang and H. Haas, ""Full-Duplex RO-ISAC System: Wavelength Division Duplexing and Hybrid Waveform Design,"" in IEEE Photonics Technology...",Explicit/Distinct usage of 'RO-ISAC',,RO-ISAC,,0.7,c:\Users\fatih\gdrive\AKU_WorkSpace\survey_fdgit\OISAC_PRISMA_COMST\data\processed_markdowns\O_ISAC_001\O_ISAC_001.md,Section: REFERENCES
C1,Terminology Inconsistency,O_ISAC_006,20XX,Recent Advancements and Challenges in Integrated Sensing and Communication in Optical Fiber,Fiber,Other,I. INTRODUCTION,...provides additional value to extensive fiber-optic networks<sup>[4-5]</sup>. The integrated sensing and communication in optical fiber (ISAC-OF) does not require the installation of additional sensors. It has the ability to sense...,Explicit/Distinct usage of 'ISAC-OF',,ISAC-OF,,0.7,c:\Users\fatih\gdrive\AKU_WorkSpace\survey_fdgit\OISAC_PRISMA_COMST\data\processed_markdowns\O_ISAC_006\O_ISAC_006.md,Section: I. INTRODUCTION
C1,Terminology Inconsistency,O_ISAC_011,2023,Retroreflective Optical ISAC Supporting 3D Positioning in Indoor Environments,VLC,Other,Retroreflective Optical ISAC Supporting 3D Positioning in Indoor Environments,"...Engineering Chongqing University* Chongqing, China liumin@cqu.edu.cn *Abstract***—A retroreflective optical ISAC (RO-ISAC) system supporting 3D positioning is proposed. This system used the transmitted signal and the reflected signal to measure the...",Explicit/Distinct usage of 'RO-ISAC',,RO-ISAC,,0.7,c:\Users\fatih\gdrive\AKU_WorkSpace\survey_fdgit\OISAC_PRISMA_COMST\data\processed_markdowns\O_ISAC_011\O_ISAC_011.md,Section: Retroreflective Optical ISAC Supporting 3D Positioning in Indoor Environments
C1,Terminology Inconsistency,O_ISAC_013,20XX,Single-Ended > 100-km Distributed Vibration Sensor Based on OFDR Using Pearson Correlation Coefficient,Fiber,Other,Single-Ended > 100-km Distributed Vibration Sensor Based on OFDR Using Pearson Correlation Coefficient,"...vibration sensor (DOFVS) is an ideal technology for integrated sensing and communication in an optical fiber (ISAC-OF), which can be widely applied to urban structure health monitoring, ocean seismic detection,...",Explicit/Distinct usage of 'ISAC-OF',,ISAC-OF,,0.7,c:\Users\fatih\gdrive\AKU_WorkSpace\survey_fdgit\OISAC_PRISMA_COMST\data\processed_markdowns\O_ISAC_013\O_ISAC_013.md,Section: Single-Ended > 100-km Distributed Vibration Sensor Based on OFDR Using Pearson Correlation Coefficient
C1,Terminology Inconsistency,O_ISAC_020,20XX,Photonic Integrated Sensing and Communication System Harnessing Submarine Fiber Optic Cables for Coastal Event Monitoring,Fiber,Other,Introduction,"...real-time processing and analysis. In this article, we propose the idea of photonic photonic ISAC and summarize the work on the photonic ISAC system for monitoring different coastal events based...",Explicit/Distinct usage of 'photonic ISAC',,photonic ISAC,,0.7,c:\Users\fatih\gdrive\AKU_WorkSpace\survey_fdgit\OISAC_PRISMA_COMST\data\processed_markdowns\O_ISAC_020\O_ISAC_020.md,Section: Introduction
C1,Terminology Inconsistency,O_ISAC_040,2025,**UAV-Aided Flying Retroreflective Optical ISAC with Angle Diversity Transmitters**,VLC,Other,**UAV-Aided Flying Retroreflective Optical ISAC with Angle Diversity Transmitters**,...propose and investigate a UAV-aided flying retroreflective optical integrated sensing and communication (RO-ISAC) system with angle diversity transmitters (ADTs). Simulation results show substantial performance enhancements by using ADTs in flying...,Explicit/Distinct usage of 'RO-ISAC',,RO-ISAC,,0.7,c:\Users\fatih\gdrive\AKU_WorkSpace\survey_fdgit\OISAC_PRISMA_COMST\data\processed_markdowns\O_ISAC_040\O_ISAC_040.md,Section: **UAV-Aided Flying Retroreflective Optical ISAC with Angle Diversity Transmitters**
C1,Terminology Inconsistency,O_ISAC_069,2022,## Advanced Signal Processing in Distributed Acoustic Sensors Based on Submarine Cables for Seismology Applications,Fiber,Other,IV. CONCLUSION,"...artificial intelligence algorithms. Moreover, based on the global telecommunication fiber-optic network with photonic ISAC technology, we expect more DAS implementations for seismology worldwide. This will help us create a database...",Explicit/Distinct usage of 'photonic ISAC',,photonic ISAC,,0.7,c:\Users\fatih\gdrive\AKU_WorkSpace\survey_fdgit\OISAC_PRISMA_COMST\data\processed_markdowns\O_ISAC_069\O_ISAC_069.md,Section: IV. CONCLUSION
C1,Terminology Inconsistency,O_ISAC_071,20XX,Full-Duplex RO-ISAC System: Wavelength Division Duplexing and Hybrid Waveform Design,VLC,Other,Full-Duplex RO-ISAC System: Wavelength Division Duplexing and Hybrid Waveform Design,"...# Full-Duplex RO-ISAC System: Wavelength Division Duplexing and Hybrid Waveform Design Shuhang Chen, Chen Chen [,](https://orcid.org/0000-0003-2541-6283) *Senior Member, IEEE*, Zhihong Zen[g](https://orcid.org/000...",Explicit/Distinct usage of 'RO-ISAC',,RO-ISAC,,0.7,c:\Users\fatih\gdrive\AKU_WorkSpace\survey_fdgit\OISAC_PRISMA_COMST\data\processed_markdowns\O_ISAC_071\O_ISAC_071.md,Section: Full-Duplex RO-ISAC System: Wavelength Division Duplexing and Hybrid Waveform Design
C1,Terminology Inconsistency,O_ISAC_075,20XX,Flexible Waveform Design for RO-ISAC Based on OFDM-Embedded Maximum Length Sequence,VLC,Other,Flexible Waveform Design for RO-ISAC Based on OFDM-Embedded Maximum Length Sequence,"...# Flexible Waveform Design for RO-ISAC Based on OFDM-Embedded Maximum Length Sequence Jia Du, Chen Chen<sup>®</sup>, Senior Member, IEEE, Zhihong Zeng<sup>®</sup>, Dengke Wang, Jia Ye<sup>®</sup>, Member, IEEE, Jian Song<sup>®</su...",Explicit/Distinct usage of 'RO-ISAC',,RO-ISAC,,0.7,c:\Users\fatih\gdrive\AKU_WorkSpace\survey_fdgit\OISAC_PRISMA_COMST\data\processed_markdowns\O_ISAC_075\O_ISAC_075.md,Section: Flexible Waveform Design for RO-ISAC Based on OFDM-Embedded Maximum Length Sequence
C1,Terminology Inconsistency,O_ISAC_082,20XX,Signal-Signal Beating Interference: From Destructive to Constructive for Photonic THz Integrated Sensing and Communication System Using Self-Coherent OFDM,Fiber,Other,"<span id=""page-0-8""></span><span id=""page-0-7""></span><span id=""page-0-4""></span><span id=""page-0-2""></span><span id=""page-0-1""></span>I. Introduction","...the sensing receiver uses a mixer for echo down-conversion. Examples include a W-band photonic ISAC system [19] that uses an OFDM waveform and a two-stage carrier recovery algorithm, achieving a...",Explicit/Distinct usage of 'photonic ISAC',,photonic ISAC,,0.7,c:\Users\fatih\gdrive\AKU_WorkSpace\survey_fdgit\OISAC_PRISMA_COMST\data\processed_markdowns\O_ISAC_082\O_ISAC_082.md,"Section: <span id=""page-0-8""></span><span id=""page-0-7""></span><span id=""page-0-4""></span><span id=""page-0-2""></span><span id=""page-0-1""></span>I. Introduction"
C1,Terminology Inconsistency,O_ISAC_172,20XX,Joint break-point localization sensing based on OFDR and non-disruptive communication fiber ISAC system,Fiber,Other,1. Introduction,"...optical fibers has been progressively recognized, the Integrated Sensing and Communication over Optical Fiber (ISAC-OF) [[16\]](#page-7-0) technology has emerged to address the aforementioned challenges. The ISAC-OF technology enables existing optical...",Explicit/Distinct usage of 'ISAC-OF',,ISAC-OF,,0.7,c:\Users\fatih\gdrive\AKU_WorkSpace\survey_fdgit\OISAC_PRISMA_COMST\data\processed_markdowns\O_ISAC_172\O_ISAC_172.md,Section: 1. Introduction
C1,Terminology Inconsistency,O_ISAC_218,20XX,Hybrid MRR-Assisted Long-Range SDMA for RO-ISAC Systems in Industry IoT Applications,VLC,Other,Hybrid MRR-Assisted Long-Range SDMA for RO-ISAC Systems in Industry IoT Applications,"...Hybrid MRR-Assisted Long-Range SDMA for RO-ISAC Systems in Industry IoT Applications Xin Xiong, *Student Member, IEEE*, Haochuan Wang, *Student Member, IEEE*, Sihua Shao, *Senior Member, IEEE*, Chen Chen, *Senior Member,...",Explicit/Distinct usage of 'RO-ISAC',,RO-ISAC,,0.7,c:\Users\fatih\gdrive\AKU_WorkSpace\survey_fdgit\OISAC_PRISMA_COMST\data\processed_markdowns\O_ISAC_218\O_ISAC_218.md,Section: Hybrid MRR-Assisted Long-Range SDMA for RO-ISAC Systems in Industry IoT Applications
C1,Terminology Inconsistency,O_ISAC_219,20XX,"Multiuser Retroreflective Optical ISAC: Waveform Design, Joint Sensing and Multiple Access",VLC,Other,"Multiuser Retroreflective Optical ISAC: Waveform Design, Joint Sensing and Multiple Access","...sixth-generation (6G) networks. In this paper, we propose and experimentally demonstrate a multiuser retroreflective optical ISAC (MU-RO-ISAC) system. To simultaneously support communication and sensing for multiple users, a novel orthogonal...",Explicit/Distinct usage of 'RO-ISAC',,RO-ISAC,,0.7,c:\Users\fatih\gdrive\AKU_WorkSpace\survey_fdgit\OISAC_PRISMA_COMST\data\processed_markdowns\O_ISAC_219\O_ISAC_219.md,"Section: Multiuser Retroreflective Optical ISAC: Waveform Design, Joint Sensing and Multiple Access"
C1,Terminology Inconsistency,O_ISAC_241,20XX,Photonics-Assisted Millimeter-Wave Integrated Sensing and Communication Based on OTFS,VLC,Other,I. INTRODUCTION,"...tolerance, the LFM signal can be selected as an effective alternative to OFDM. In [17], a compact photonic ISAC approach enables the 0733-8724 © 2025 IEEE. All rights reserved, including...",Explicit/Distinct usage of 'photonic ISAC',,photonic ISAC,,0.7,c:\Users\fatih\gdrive\AKU_WorkSpace\survey_fdgit\OISAC_PRISMA_COMST\data\processed_markdowns\O_ISAC_241\O_ISAC_241.md,Section: I. INTRODUCTION
C1,Terminology Inconsistency,O_ISAC_300,2023,Preamble-Free Synchronization Based on Dual-chirp Waveforms for Photonic THz-ISAC,Photo-THz,Other,I. INTRODUCTION,"...wireless communication and radar sensing [12], [13], which lays the foundation for the research on photonic ISAC systems with dedicated integrated waveforms. For example, due to their multiple degrees of...",Explicit/Distinct usage of 'photonic ISAC',,photonic ISAC,,0.7,c:\Users\fatih\gdrive\AKU_WorkSpace\survey_fdgit\OISAC_PRISMA_COMST\data\processed_markdowns\O_ISAC_300\O_ISAC_300.md,Section: I. INTRODUCTION
C1,Terminology Inconsistency,O_ISAC_310,20XX,Simulation of Constant-envelope THz Integrated Sensing and Communication System based on Photonics with 2D Positioning,VLC,Other,I. INTRODUCTION,"...as well as fully unified waveform [3]. For example, the code division multiplexing (CDM) Ka-band photonic ISAC system utilized phase coding and spectral spread multiplexing, achieving a communication rate of...",Explicit/Distinct usage of 'photonic ISAC',,photonic ISAC,,0.7,c:\Users\fatih\gdrive\AKU_WorkSpace\survey_fdgit\OISAC_PRISMA_COMST\data\processed_markdowns\O_ISAC_310\O_ISAC_310.md,Section: I. INTRODUCTION
C1,Terminology Inconsistency,O_ISAC_348,20XX,Integrated sensing and communication in an optical fibre,Fiber,Other,**Abstract**,...embedded pipelines. This work demonstrates a scheme of integrated sensing and communication in an optical fibre (ISAC-OF) using the same wavelength channel for simultaneous data transmission and distributed vibration sensing....,Explicit/Distinct usage of 'ISAC-OF',,ISAC-OF,,0.7,c:\Users\fatih\gdrive\AKU_WorkSpace\survey_fdgit\OISAC_PRISMA_COMST\data\processed_markdowns\O_ISAC_348\O_ISAC_348.md,Section: **Abstract**
C1,Terminology Inconsistency,O_ISAC_349,20XX,"<span id=""page-0-10""></span>Radar-Centric Photonic Terahertz Integrated Sensing and Communication System Based on LFM-PSK Waveform",Photo-THz,Other,"<span id=""page-0-5""></span><span id=""page-0-2""></span><span id=""page-0-1""></span><span id=""page-0-0""></span>I. INTRODUCTION","...aforementioned, research efforts have been put into promoting the photonic ISAC system from multiplexed waveforms to integrated waveforms. However, the sensing performance is not yet sufficiently explored for radar-centric cases....",Explicit/Distinct usage of 'photonic ISAC',,photonic ISAC,,0.7,c:\Users\fatih\gdrive\AKU_WorkSpace\survey_fdgit\OISAC_PRISMA_COMST\data\processed_markdowns\O_ISAC_349\O_ISAC_349.md,"Section: <span id=""page-0-5""></span><span id=""page-0-2""></span><span id=""page-0-1""></span><span id=""page-0-0""></span>I. INTRODUCTION"
C1,Terminology Inconsistency,O_ISAC_356,20XX,Photonic THz-ISAC Demonstration with Simultaneous 120Gbit/s Communication and 2.5mm Sensing Resolution,Photo-THz,Other,**Introduction**,"...systems, the photonics-based approach can provide ultrabroad bandwidth and mitigate in-band harmonic interference [2,3]. Recent photonic ISAC demonstrations were realized with frequency-, time-, and polarization-division multiplexing (FDM, TDM, and PDM)....",Explicit/Distinct usage of 'photonic ISAC',,photonic ISAC,,0.7,c:\Users\fatih\gdrive\AKU_WorkSpace\survey_fdgit\OISAC_PRISMA_COMST\data\processed_markdowns\O_ISAC_356\O_ISAC_356.md,Section: **Introduction**
C1,Terminology Inconsistency,O_ISAC_379,20XX,**Demonstration of photonics-based flexible integration of sensing and communication with adaptive waveforms for a W-band fiber-wireless integrated network**,Fiber,Other,**1. Introduction**,"...without the need of local oscillator (LO). In addition, optical fiber transmission was included in the centralized photonic ISAC system. We have demonstrated a flexible, photonics-based, W-band fiber-wireless ISAC system...",Explicit/Distinct usage of 'photonic ISAC',,photonic ISAC,,0.7,c:\Users\fatih\gdrive\AKU_WorkSpace\survey_fdgit\OISAC_PRISMA_COMST\data\processed_markdowns\O_ISAC_379\O_ISAC_379.md,Section: **1. Introduction**
C2,Metric Definition/Usage,O_ISAC_009,20XX,"<span id=""page-0-17""></span>Integrated Positioning and Communication Relying on Wireless Optical OFDM",VLC,Other,"<span id=""page-9-1""></span>A. Simulation Parameters","...III. The typical indoor <span id=""page-9-4""></span>![](_page_9_Figure_10.jpeg) Fig. 7. Positioning functionality (LoS scenario): Ranging RMSE of VLPC-D-CO-OFDM for LED-User Pair A in LoS-only scenario. The subfigures are (a) M = 64, (b) M = 256, (c) M = 1024, (d) M...",Defines/Uses metric 'RMSE',RMSE,,,0.85,c:\Users\fatih\gdrive\AKU_WorkSpace\survey_fdgit\OISAC_PRISMA_COMST\data\processed_markdowns\O_ISAC_009\O_ISAC_009.md,"Section: <span id=""page-9-1""></span>A. Simulation Parameters"
C2,Metric Definition/Usage,O_ISAC_011,2023,Retroreflective Optical ISAC Supporting 3D Positioning in Indoor Environments,VLC,Other,C. Principle of sensing,"...So, the estimate distance can be calculated by $\hat{d} = c\hat{\tau}/2$ , with c represents the speed of light. The range resolution and the maximum ranging distance are respectively given by $\Delta d = cTs/2$ and $d_{max} = cmTs/2$ ,...",Defines/Uses metric 'range resolution',range resolution,,,0.85,c:\Users\fatih\gdrive\AKU_WorkSpace\survey_fdgit\OISAC_PRISMA_COMST\data\processed_markdowns\O_ISAC_011\O_ISAC_011.md,Section: C. Principle of sensing
C2,Metric Definition/Usage,O_ISAC_013,20XX,Single-Ended > 100-km Distributed Vibration Sensor Based on OFDR Using Pearson Correlation Coefficient,Fiber,Other,III. NUMERICAL SIMULATION,"...range of the Pearson-CC 1*R* determines the measurable amplitude level and number of vibration events, which can be expressed as $$\Delta R = \alpha \sum_{q} \varepsilon_{q} \tag{14}$$ where α is the calibration coefficient of the amplitude of the vibration event...",Defines/Uses metric '\Delta R',\Delta R,,,0.85,c:\Users\fatih\gdrive\AKU_WorkSpace\survey_fdgit\OISAC_PRISMA_COMST\data\processed_markdowns\O_ISAC_013\O_ISAC_013.md,Section: III. NUMERICAL SIMULATION
C2,Metric Definition/Usage,O_ISAC_015,20XX,Movable Access Point-Aided Integrated Visible Light Communication and Sensing Networks,VLC,Other,IV. SIMULATION RESULTS,"...rate and MI. ![](_page_4_Figure_4.jpeg) Fig. 5. Trade-off between MI and sum rate versus priority of communication users. Finally, Fig. 5 shows the trade-off between MI and sum rate for different user priorities. In this figure, $\Omega_m=1-\Omega_c$ , where $\Omega_c$ and...",Defines/Uses metric 'trade-off',trade-off,,,0.85,c:\Users\fatih\gdrive\AKU_WorkSpace\survey_fdgit\OISAC_PRISMA_COMST\data\processed_markdowns\O_ISAC_015\O_ISAC_015.md,Section: IV. SIMULATION RESULTS
C2,Metric Definition/Usage,O_ISAC_022,20XX,Joint Visible Light Sensing and Communication Using *m*-CAP Modulation,VLC,Other,"<span id=""page-5-0""></span>F. RSS-Based Localization Principles","...\tag{27}$$ with $\hat{C}$ given by (26) where the $r_i$ are replaced by their estimates $\hat{r}_i$ . The root-mean square (RMS) localization error $\Delta_{\text{RMS}}$ is finally given by: <span id=""page-6-4""></span> $$\Delta_{\text{RMS}} = \sqrt{(\hat{x}_e - x_e)^2 + (\hat{y}_e - y_e)^2}.$$ (28) It...",Defines/Uses metric 'localization error',localization error,,,0.85,c:\Users\fatih\gdrive\AKU_WorkSpace\survey_fdgit\OISAC_PRISMA_COMST\data\processed_markdowns\O_ISAC_022\O_ISAC_022.md,"Section: <span id=""page-5-0""></span>F. RSS-Based Localization Principles"
C2,Metric Definition/Usage,O_ISAC_023,2024,Free-Space Optical Integrated Sensing and Communication Based on DCO-OFDM: Performance Metrics and Resource Allocation,FSO,Other,"<span id=""page-11-1""></span><span id=""page-11-0""></span>D. Robustness to Channel Variations","...in [19] and [45]. Since DCO-OFDM has been well studied in optical wireless communication, we focus on its sensing performance instead and define its root-mean-square error (RMSE) as <span id=""page-11-3""></span> $$\varepsilon_D = \sqrt{\mathbb{E}\left(\left(D - \hat{D}\right)^2\right)} \tag{58}$$ where the target distance...",Defines/Uses metric 'RMSE',RMSE,,,0.85,c:\Users\fatih\gdrive\AKU_WorkSpace\survey_fdgit\OISAC_PRISMA_COMST\data\processed_markdowns\O_ISAC_023\O_ISAC_023.md,"Section: <span id=""page-11-1""></span><span id=""page-11-0""></span>D. Robustness to Channel Variations"
C2,Metric Definition/Usage,O_ISAC_027,20XX,"<span id=""page-0-12""></span>Low Crosstalk Deep Ocean Salinity Monitoring at 2 µm Wavelength Band",Fiber,Other,II. PRINCIPLE AND DEVICE DESIGN,...external refractive index change ranging from 1.307 to 1.314 with a base refractive index of 1.306. change in the seawater refractive index $\Delta RI$ . The sensitivity of the sensor can be expressed as $$\kappa_{\rm RI} = \frac{\Delta \lambda_{\rm dip}}{\Delta...,Defines/Uses metric '\Delta R',\Delta R,,,0.85,c:\Users\fatih\gdrive\AKU_WorkSpace\survey_fdgit\OISAC_PRISMA_COMST\data\processed_markdowns\O_ISAC_027\O_ISAC_027.md,Section: II. PRINCIPLE AND DEVICE DESIGN
C2,Metric Definition/Usage,O_ISAC_029,20XX,THz Integrated Sensing and Communication With Full-Photonic Direct LFM Reception and De-Chirping for D-Band Fiber-Wireless Network,Photo-THz,Other,"<span id=""page-0-1""></span>I. INTRODUCTION","...state of research on W band (75–110 GHz) and higher band photonic-based ISAC systems using LFM signals. We have cataloged critical performance metrics, such as peak data rate, range resolution, and more in the table. <span id=""page-1-4""></span>In [\[8\],](#page-11-7) [\[9\],](#page-11-8) [\[10\],](#page-11-9)...",Defines/Uses metric 'range resolution',range resolution,,,0.85,c:\Users\fatih\gdrive\AKU_WorkSpace\survey_fdgit\OISAC_PRISMA_COMST\data\processed_markdowns\O_ISAC_029\O_ISAC_029.md,"Section: <span id=""page-0-1""></span>I. INTRODUCTION"
C2,Metric Definition/Usage,O_ISAC_034,20XX,Pulse Sequence Sensing and Pulse Position Modulation for Optical Integrated Sensing and Communication,VLC,Other,IV. NUMERICAL RESULTS,"...13:40:54 UTC from IEEE Xplore. Restrictions apply. <span id=""page-4-19""></span>![](_page_4_Figure_2.jpeg) <span id=""page-4-18""></span>Fig. 5. RMSE for sensing with respect to the number of users in the presence of atmospheric losses and turbulence. TABLE II OPTIMAL MODULATION ORDER K<sup>0</sup> | Length of PN...",Defines/Uses metric 'RMSE',RMSE,,,0.85,c:\Users\fatih\gdrive\AKU_WorkSpace\survey_fdgit\OISAC_PRISMA_COMST\data\processed_markdowns\O_ISAC_034\O_ISAC_034.md,Section: IV. NUMERICAL RESULTS
C2,Metric Definition/Usage,O_ISAC_043,2023,Photonic-based W-band Flexible TFDM Integrated Sensing and Communication System for Fiber-wireless Network,Fiber,Other,2. Principles,"...duration time of one LFM chirp. The relationship between the frequency and the relative distance can be described as $\Delta R = cT_{LFM}\Delta f/2B_r$ , where $\Delta f$ is the frequency of the de-chirped signals as shown in Fig.1(b). In...",Defines/Uses metric '\Delta R',\Delta R,,,0.85,c:\Users\fatih\gdrive\AKU_WorkSpace\survey_fdgit\OISAC_PRISMA_COMST\data\processed_markdowns\O_ISAC_043\O_ISAC_043.md,Section: 2. Principles
C2,Metric Definition/Usage,O_ISAC_044,2023,Photonic-Based W-Band Integrated Sensing and Communication System With Flexible Time-Frequency Division Multiplexed Waveforms for Fiber-Wireless Network,Photo-THz,Other,A. Flexible TFDM ISAC Waveforms Design,"...relationship between the target distance and the frequency after de-chirping can be obtained, which can be expressed as: $$\Delta f = \frac{B_r}{T_{LEM}} \frac{2\Delta R}{c} \tag{10}$$ where $\Delta f$ denotes the frequency after de-chirping and $\Delta R$ denotes the distance of...",Defines/Uses metric '\Delta R',\Delta R,,,0.85,c:\Users\fatih\gdrive\AKU_WorkSpace\survey_fdgit\OISAC_PRISMA_COMST\data\processed_markdowns\O_ISAC_044\O_ISAC_044.md,Section: A. Flexible TFDM ISAC Waveforms Design
C2,Metric Definition/Usage,O_ISAC_047,20XX,Zero-Padding 2D-DFT Scheme for Photonics-Assisted W-Band Fiber-Wireless ISAC System With Orthogonal Time Frequency Space Modulation,VLC,Other,C. DSP of the Radar Receiver,"...(a) ISAC transmitter, (b) communication/radar receiver, and (c) diagram of the experimental scenario. And the theoretical ranging resolution $\Delta R$ is given by $$\Delta R = \frac{c}{2A_r M \Delta f}.$$ (13) ## III. OTFS-BASED PHOTONICS-ASSISTED W-BAND FIBER-WIRELESS ISAC SYSTEM The...",Defines/Uses metric '\Delta R',\Delta R,,,0.85,c:\Users\fatih\gdrive\AKU_WorkSpace\survey_fdgit\OISAC_PRISMA_COMST\data\processed_markdowns\O_ISAC_047\O_ISAC_047.md,Section: C. DSP of the Radar Receiver
C2,Metric Definition/Usage,O_ISAC_050,20XX,"<span id=""page-0-6""></span>Visible Light Communication-Enabled Simultaneous Position and Orientation Detection for Harnessing Multipath Interference and Random Fading",VLC,Other,A. Research Motivation,"...[24], [25], [26], [27], [28], [29], [30] usually assume an ideal line-of-sight (LOS) model, which will lead to model mismatch and hence a large localization error. It is non-trivial to harness the diffuse scattering effect for VLC-based SPAO. - <span...",Defines/Uses metric 'localization error',localization error,,,0.85,c:\Users\fatih\gdrive\AKU_WorkSpace\survey_fdgit\OISAC_PRISMA_COMST\data\processed_markdowns\O_ISAC_050\O_ISAC_050.md,Section: A. Research Motivation
C2,Metric Definition/Usage,O_ISAC_051,20XX,## Remote Phase-Shift LiDAR With Communication,FSO,Other,C. Discussion,"...applied to improve the distance resolution [12]. If the signal is sampled at the sampling rate $f_s$ , the distance resolution $\Delta R$ based on the heterodyne technique is $\Delta R = \frac{c}{2f_c} \frac{\Delta f}{f_s}$ , $\Delta f$ is the...",Defines/Uses metric '\Delta R',\Delta R,,,0.85,c:\Users\fatih\gdrive\AKU_WorkSpace\survey_fdgit\OISAC_PRISMA_COMST\data\processed_markdowns\O_ISAC_051\O_ISAC_051.md,Section: C. Discussion
C2,Metric Definition/Usage,O_ISAC_052,20XX,Adaptive Resource Allocation in ADO-OFDM for Optical Wireless Integrated Sensing and Communication,VLC,Other,B. Subcarrier Power Allocation,"...method can be adopted to obtain the optimal dual variable $\eta^*$ on $[\eta_{\min}, \eta_{\max}]$ . ![](_page_4_Figure_15.jpeg) Fig. 3. Trade-off curves w.r.t. communication noise PSDs for $N_s = -100~{\rm dB/Hz}.$ Similarly, the power allocation problem for ACO-OFDM is also convex and...",Defines/Uses metric 'Trade-off',Trade-off,,,0.85,c:\Users\fatih\gdrive\AKU_WorkSpace\survey_fdgit\OISAC_PRISMA_COMST\data\processed_markdowns\O_ISAC_052\O_ISAC_052.md,Section: B. Subcarrier Power Allocation
C2,Metric Definition/Usage,O_ISAC_054,20XX,Optical Integrated Sensing and Communication With Light-Emitting Diode,VLC,Other,"<span id=""page-4-4""></span>C. Optical Sensing","...0 & 1 \end{bmatrix}^{-1} \begin{bmatrix} \widehat{\boldsymbol{p}}_{C,1} \\ 1 \end{bmatrix}. \tag{21}$$ We use the MSE of the coordinates to measure the sensing accuracy, giving $$MSE_P = \mathbb{E}\left\{\|\widehat{\boldsymbol{p}}_D - \boldsymbol{p}_D\|^2\right\}. \tag{22}$$ It is worth noting that 1) there must be at least...",Defines/Uses metric 'sensing accuracy',sensing accuracy,,,0.85,c:\Users\fatih\gdrive\AKU_WorkSpace\survey_fdgit\OISAC_PRISMA_COMST\data\processed_markdowns\O_ISAC_054\O_ISAC_054.md,"Section: <span id=""page-4-4""></span>C. Optical Sensing"
C2,Metric Definition/Usage,O_ISAC_055,20XX,Free Space Optical Integrated Sensing and Communication Based on LFM and CPM,FSO,Other,IV. NUMERICAL RESULTS,"...the limited bandwidth, the modulation index of the CPM signal should be $h=h_m/2=4$ , which unfortunately <span id=""page-4-15""></span>![](_page_4_Figure_2.jpeg) Fig. 4. RMSE for sensing concerning different modulation indices and chirp rates. <span id=""page-4-16""></span>![](_page_4_Figure_4.jpeg) Fig. 5. Maximum achievable data rate with constraints...",Defines/Uses metric 'RMSE',RMSE,,,0.85,c:\Users\fatih\gdrive\AKU_WorkSpace\survey_fdgit\OISAC_PRISMA_COMST\data\processed_markdowns\O_ISAC_055\O_ISAC_055.md,Section: IV. NUMERICAL RESULTS
C2,Metric Definition/Usage,O_ISAC_056,20XX,Optical ISAC: Fundamental Performance Limits and Transceiver Design,VLC,Other,III. MAIN RESULT,"...[21]. C. BCRB-Based Approach: OB **Theorem 3.** BCRB for any unbiased estimator $\hat{R}_s$ of $R_s$ , with realization $r_s$ , is BCRB $(x \mid r_s) = \frac{1}{16n_s\rho^2x^2\sigma_s^{-2}r_s^{-8} + \lambda}$ . *Proof.* See [18, Appendix D] for the derivation, which uses...",Defines/Uses metric 'CRB',CRB,,,0.85,c:\Users\fatih\gdrive\AKU_WorkSpace\survey_fdgit\OISAC_PRISMA_COMST\data\processed_markdowns\O_ISAC_056\O_ISAC_056.md,Section: III. MAIN RESULT
C2,Metric Definition/Usage,O_ISAC_058,20XX,Photonic-Based Flexible Integrated Sensing and Communication With Multiple Targets Detection Capability for *W*-Band Fiber-Wireless Network,Photo-THz,Other,II. PRINCIPLE,"...the correlation peaks in the spectrum. The relationship between the peak frequency and target distance can be represented as <span id=""page-6-1""></span> $$\Delta R = \frac{cT_{\text{LFM}}\Delta f}{2B_r} \tag{28}$$ where $\Delta f$ is the peak frequency and $\Delta R$ is the target...",Defines/Uses metric '\Delta R',\Delta R,,,0.85,c:\Users\fatih\gdrive\AKU_WorkSpace\survey_fdgit\OISAC_PRISMA_COMST\data\processed_markdowns\O_ISAC_058\O_ISAC_058.md,Section: II. PRINCIPLE
C2,Metric Definition/Usage,O_ISAC_061,2024,Optical Wireless Integrated Sensing and Communication Based on Optical Phased Array: Performance Metric and Optimal Beamforming,FSO,Other,"<span id=""page-11-3""></span>*C. Practical C&S Performance Metrics*","...for imaging and electrical SNR, which is obtained through continuously tuning the noise power σ 2 s . As the electrical SNR increases, the RMSE for imaging gradually declines and converges into ![](_page_12_Figure_9.jpeg) <span id=""page-12-2""></span>Fig. 12. RMSE for imaging w.r.t....",Defines/Uses metric 'RMSE',RMSE,,,0.85,c:\Users\fatih\gdrive\AKU_WorkSpace\survey_fdgit\OISAC_PRISMA_COMST\data\processed_markdowns\O_ISAC_061\O_ISAC_061.md,"Section: <span id=""page-11-3""></span>*C. Practical C&S Performance Metrics*"
C2,Metric Definition/Usage,O_ISAC_062,2023,6-DoF Location-and-Pose Estimation Toward Integrated Visible Light Communication and Sensing: Algorithm Design and Performance Limits,VLC,Other,APPENDIX C PROOF OF THEOREM 1,"...chi}) = \mathcal{N}(\mathbf{z}|\mathbf{G}(\boldsymbol{\beta}_{\mathrm{R}})\mathbf{h}, \sigma^2 \mathbf{I}_{N_{\mathrm{R}}N_{\mathrm{L}}N_{\mathrm{C}}K})$ . As per the structure of $\chi$ , the above FIM is organized as $$\mathcal{I}_{\chi}(\chi) = \begin{bmatrix} \mathcal{I}_{\mathbf{x}_{\mathrm{R}}, \mathbf{x}_{\mathrm{R}}}(\chi) & \mathcal{I}_{\mathbf{x}_{\mathrm{R}}, \boldsymbol{\vartheta}_{\...",Defines/Uses metric 'FIM',FIM,,,0.85,c:\Users\fatih\gdrive\AKU_WorkSpace\survey_fdgit\OISAC_PRISMA_COMST\data\processed_markdowns\O_ISAC_062\O_ISAC_062.md,Section: APPENDIX C PROOF OF THEOREM 1
C2,Metric Definition/Usage,O_ISAC_071,20XX,Full-Duplex RO-ISAC System: Wavelength Division Duplexing and Hybrid Waveform Design,VLC,Other,I. INTRODUCTION,"...e-3-9) and orthogonal frequency division multiplexing (OFDM) [\[11\],](#page-3-10) [\[12\].](#page-3-11) Nevertheless, an adaptive waveform that enables flexible communication and sensing performance trade-off has not yet been designed. <span id=""page-0-8""></span><span id=""page-0-7""></span><span id=""page-0-0""></span>Aiming at address the full-duplex transmission and adaptive waveform design issue...",Defines/Uses metric 'trade-off',trade-off,,,0.85,c:\Users\fatih\gdrive\AKU_WorkSpace\survey_fdgit\OISAC_PRISMA_COMST\data\processed_markdowns\O_ISAC_071\O_ISAC_071.md,Section: I. INTRODUCTION
C2,Metric Definition/Usage,O_ISAC_074,2025,Endogenous ISAC Enabled Interference Fading Free Sensing via Telecom Training Sequence,Fiber,Other,III. EXPERIMENTAL RESULTS,...dB. ![](_page_2_Figure_4.jpeg) Fig. 3. The SOP estimation performance of when SCPR=-32dB. (b) The SOP estimation performance when SCPR=-22dB. (c) RMSE of SOP estimation versus SCPR. (d) BER of comm. and PSD SNR of sensing performance versus SCPR. (e) Intensity trace...,Defines/Uses metric 'RMSE',RMSE,,,0.85,c:\Users\fatih\gdrive\AKU_WorkSpace\survey_fdgit\OISAC_PRISMA_COMST\data\processed_markdowns\O_ISAC_074\O_ISAC_074.md,Section: III. EXPERIMENTAL RESULTS
C2,Metric Definition/Usage,O_ISAC_075,20XX,Flexible Waveform Design for RO-ISAC Based on OFDM-Embedded Maximum Length Sequence,VLC,Other,III. RESULTS AND DISCUSSION,"...by using a larger $\beta$ value. <span id=""page-2-2""></span>Figs. 5(a) and (b) show the ranging root mean square error (RMSE) versus distance for different power allocation ratio $\beta$ values with PPC degrees of n=4 and 8, respectively. It can be seen...",Defines/Uses metric 'RMSE',RMSE,,,0.85,c:\Users\fatih\gdrive\AKU_WorkSpace\survey_fdgit\OISAC_PRISMA_COMST\data\processed_markdowns\O_ISAC_075\O_ISAC_075.md,Section: III. RESULTS AND DISCUSSION
C2,Metric Definition/Usage,O_ISAC_086,2023,Photonics-assisted Millimeter-Wave Multiband Integrated Sensing and Communication System Using Coherent Receiving,Fiber,Other,B. Photonic MMW Multiband ISAC System,"...by the electrical filter [27], [37]. Accordingly, the radar range resolution for the $i\_th$ sub-band can be expressed as $$\Delta R_i = \frac{c}{2B_i},\tag{7}$$ where c is the vacuum speed of light, $B_i$ denotes the IBW of the $i\_th$ sub-band. Here,...",Defines/Uses metric '\Delta R',\Delta R,,,0.85,c:\Users\fatih\gdrive\AKU_WorkSpace\survey_fdgit\OISAC_PRISMA_COMST\data\processed_markdowns\O_ISAC_086\O_ISAC_086.md,Section: B. Photonic MMW Multiband ISAC System
C2,Metric Definition/Usage,O_ISAC_090,2025,Demonstration of High Sensitivity Detection and High Precision Localization of Vibrations in Bidirectional Coherent Transmission Systems Enabled by Carrier Laser Phase Noise Retrieval,Fiber,Other,*A. Standalone Sensing*,"...is reduced from 365 m to 76 m, corresponding to a 79% improvement in localization precision. We also calculated the localization error, defined as the absolute value of the mean difference between the measured and actual location. When using the...",Defines/Uses metric 'localization error',localization error,,,0.85,c:\Users\fatih\gdrive\AKU_WorkSpace\survey_fdgit\OISAC_PRISMA_COMST\data\processed_markdowns\O_ISAC_090\O_ISAC_090.md,Section: *A. Standalone Sensing*
C2,Metric Definition/Usage,O_ISAC_163,2023,The Emergence of Multi-Functional and Hybrid Reconfigurable Intelligent Surfaces for Integrated Sensing and Communications - A Survey,VLC,Other,*A. Physical Layer Security of MF-RIS-Assisted Networks*,"...secrecy capacity concept, the authors were able to create an optimization problem to investigate the MF-RIS's efficacy in increasing system secrecy. To illustrate the trade-offs in the design and to demonstrate the superiority <span id=""page-23-1""></span><span id=""page-23-0""></span>of MF-RIS-assisted networks over traditional...",Defines/Uses metric 'trade-off',trade-off,,,0.85,c:\Users\fatih\gdrive\AKU_WorkSpace\survey_fdgit\OISAC_PRISMA_COMST\data\processed_markdowns\O_ISAC_163\O_ISAC_163.md,Section: *A. Physical Layer Security of MF-RIS-Assisted Networks*
C2,Metric Definition/Usage,O_ISAC_186,2025,SCIENCE CHINA Information Sciences,Fiber,Other,"<span id=""page-8-0""></span>Algorithm 1 TDS-SS algorithm.","...the ranging results of single and dual targets post-application of the TDS-SS algorithm. At the same time, the root mean square error (RMSE) of the ranging results is calculated, and the formula is RMSE = $$\sqrt{\frac{1}{N} \sum_{i=1}^{N} (\hat{x}_i - x_i)^2}$$...",Defines/Uses metric 'RMSE',RMSE,,,0.85,c:\Users\fatih\gdrive\AKU_WorkSpace\survey_fdgit\OISAC_PRISMA_COMST\data\processed_markdowns\O_ISAC_186\O_ISAC_186.md,"Section: <span id=""page-8-0""></span>Algorithm 1 TDS-SS algorithm."
C2,Metric Definition/Usage,O_ISAC_187,2025,**Photonic-aided Doppler-robust ISAC system based on index modulation and chirp multiplexing**,Photo-THz,Other,3.2.1. Range resolution and communication rate,"...data transmission. For a LFM pulse with a slope of $k_i$ , its bandwidth $B_i$ is defined as $k_iT$ . Then, the range resolution of this pulse is given by $$\Delta D(B_i) = \frac{c}{2B_i} \tag{20}$$ It is evident that the...",Defines/Uses metric 'range resolution',range resolution,,,0.85,c:\Users\fatih\gdrive\AKU_WorkSpace\survey_fdgit\OISAC_PRISMA_COMST\data\processed_markdowns\O_ISAC_187\O_ISAC_187.md,Section: 3.2.1. Range resolution and communication rate
C2,Metric Definition/Usage,O_ISAC_188,2025,**Endogenous integration of communication and interference fading free sensing using telecom pilots via joint polarization-fraction domain multiplexing**,Fiber,Other,*3.2. Experimental results and discussions*,"...orthogonal SOP does not fully transfer to its counterpart, resulting in the estimation tangent value not reaching infinity. The RMSEs decrease as the SCPR increases due to more powerful converged peak in fraction domain. For SCPR = -22 dB, the...",Defines/Uses metric 'RMSE',RMSE,,,0.85,c:\Users\fatih\gdrive\AKU_WorkSpace\survey_fdgit\OISAC_PRISMA_COMST\data\processed_markdowns\O_ISAC_188\O_ISAC_188.md,Section: *3.2. Experimental results and discussions*
C2,Metric Definition/Usage,O_ISAC_199,20XX,"Engineering Science and Technology, an International Journal",FSO,Other,Rytovvariance:,"...ref, $$f_I(I) = \frac{1}{I\sqrt{2\pi\sigma_X^2}} exp(-\frac{(\ln I - \mu_X)^2}{2\sigma_X^2})$$ (1) $$\sigma_{\scriptscriptstyle X}^2 = ln(1+\sigma_{\scriptscriptstyle R}^2)$$ ## Rytovvariance: $$\sigma_R^2 = 1.23C_n^2k^{7/6}L^{11/6}$$ The bit error rate for the on–off keying technique is derived as follows: $$BER = rac{1}{2} \operatorname{erfc} \left( rac{\sqrt{P_r^2}}{\sqrt{N_0}} ight)$...",Defines/Uses metric '\sigma_R',\sigma_R,,,0.85,c:\Users\fatih\gdrive\AKU_WorkSpace\survey_fdgit\OISAC_PRISMA_COMST\data\processed_markdowns\O_ISAC_199\O_ISAC_199.md,Section: Rytovvariance:
C2,Metric Definition/Usage,O_ISAC_200,20XX,Optical Fiber Technology,Fiber,Other,**5. Transmitter trade-offs and optimization opportunities**,"...using a reduced number of sections, which may offer a solution to the overparameterization problem by trading off localization resolution. #### **5. Transmitter trade-offs and optimization opportunities** <span id=""page-7-0""></span>So far, we have considered the design of polarization-based ISAC systems by...",Defines/Uses metric 'trade-off',trade-off,,,0.85,c:\Users\fatih\gdrive\AKU_WorkSpace\survey_fdgit\OISAC_PRISMA_COMST\data\processed_markdowns\O_ISAC_200\O_ISAC_200.md,Section: **5. Transmitter trade-offs and optimization opportunities**
C2,Metric Definition/Usage,O_ISAC_206,2024,"<span id=""page-0-0""></span>Beam Pattern Modulation Embedded Hybrid Transceiver Optimization for Integrated Sensing and Communication",VLC,Other,B. Sensing Performance,"...ttern <span id=""page-11-2""></span>![](_page_11_Figure_2.jpeg) Fig. 9. Sening beampattern MSE of BPM-ISAC-MBS and BPM-ISAC-MAS. <span id=""page-11-3""></span>![](_page_11_Figure_4.jpeg) Fig. 10. The RMSE performance of BMUSIC-based DoA estimation algorithm versus sensing SNR ( $\mu=0.5$ or 0.8). <span id=""page-11-4""></span>![](_page_11_Figure_6.jpeg) Fig. 11. BER and beampattern MSE performanc...",Defines/Uses metric 'RMSE',RMSE,,,0.85,c:\Users\fatih\gdrive\AKU_WorkSpace\survey_fdgit\OISAC_PRISMA_COMST\data\processed_markdowns\O_ISAC_206\O_ISAC_206.md,Section: B. Sensing Performance
C2,Metric Definition/Usage,O_ISAC_219,20XX,"Multiuser Retroreflective Optical ISAC: Waveform Design, Joint Sensing and Multiple Access",VLC,Other,C. Sensing Performance,"...Moreover, for both User 1 and User 2, the highest ranging RMSE is always obtained by using OFDM while the lowest ranging RMSE is obtained by employing OFDM-MLS-CIM with α = 0.3, which demonstrates the superior sensing performance of OFDM-MLS-CIM...",Defines/Uses metric 'RMSE',RMSE,,,0.85,c:\Users\fatih\gdrive\AKU_WorkSpace\survey_fdgit\OISAC_PRISMA_COMST\data\processed_markdowns\O_ISAC_219\O_ISAC_219.md,Section: C. Sensing Performance
C2,Metric Definition/Usage,O_ISAC_237,20XX,Coordinated FMCW and OFDM for Integrated Sensing and Communication,VLC,Other,C. Analysis on the Sensing-Aided Channel Estimation,"...d FMCW signal are not correlated and $\mathbb{E}\left\{\left|s_{r}\left(n\right)\right|^{2}\right\} = \mathbb{E}\left\{\left|s_{c}\left(n\right)\right|^{2}\right\} = 1$ . The root mean square error (RMSE) of time domain channel estimation for the most significant path can be written as, $$\sigma_{h_{1}} = \sqrt{\mathbb{E}\left\{\left|\hat{h}_{1} - \widetilde{h}_{1}\right|^{2}\right\}}$$ $$= \sq...",Defines/Uses metric 'RMSE',RMSE,,,0.85,c:\Users\fatih\gdrive\AKU_WorkSpace\survey_fdgit\OISAC_PRISMA_COMST\data\processed_markdowns\O_ISAC_237\O_ISAC_237.md,Section: C. Analysis on the Sensing-Aided Channel Estimation
C2,Metric Definition/Usage,O_ISAC_241,20XX,Photonics-Assisted Millimeter-Wave Integrated Sensing and Communication Based on OTFS,VLC,Other,III. EXPERIMENTAL SETUP AND RESULTS,"...signal a bandwidth of 5 GHz in the experiment, the radar's range resolution can be calculated as $\Delta R = \frac{c}{2M\Delta f} = \frac{c}{2B} = 3 \ cm$ . In the initial setup, reflectors were placed with their spacing close...",Defines/Uses metric '\Delta R',\Delta R,,,0.85,c:\Users\fatih\gdrive\AKU_WorkSpace\survey_fdgit\OISAC_PRISMA_COMST\data\processed_markdowns\O_ISAC_241\O_ISAC_241.md,Section: III. EXPERIMENTAL SETUP AND RESULTS
C2,Metric Definition/Usage,O_ISAC_242,20XX,Sliding window-based LSTM scheme for PAM-4 photonics-assisted W-band ISAC systems,VLC,Other,B. The correlation-based ranging scheme,"...positions will get different peak results after cross-correlation operation, thus, the difference of distances can be calculated as $$\Delta R = \frac{c\Delta x}{2f} \tag{4}$$ Where c is the speed of light, $f_s$ is the sampling rate of arbitrary waveform generator...",Defines/Uses metric '\Delta R',\Delta R,,,0.85,c:\Users\fatih\gdrive\AKU_WorkSpace\survey_fdgit\OISAC_PRISMA_COMST\data\processed_markdowns\O_ISAC_242\O_ISAC_242.md,Section: B. The correlation-based ranging scheme
C2,Metric Definition/Usage,O_ISAC_259,20XX,Low-PAPR OFDM-ISAC Waveform Design Based on Frequency-Domain Phase Differences,VLC,Other,C. Sensing Performance Analysis,"...shifts [23]. Range processing is implemented through correlationequivalent operations where IDFT transforms reveal peaks corresponding to target distances. The range resolution is fundamentally limited by the signal bandwidth according to $\Delta_R = c/(2B)$ . The correlation processing provides range compression,...",Defines/Uses metric 'range resolution',range resolution,,,0.85,c:\Users\fatih\gdrive\AKU_WorkSpace\survey_fdgit\OISAC_PRISMA_COMST\data\processed_markdowns\O_ISAC_259\O_ISAC_259.md,Section: C. Sensing Performance Analysis
C2,Metric Definition/Usage,O_ISAC_280,20XX,**Integration of endogenous sensing and communication based on photonics-enabled cellular base station networks with a spectrum fusion algorithm**,Fiber,Other,4.1. AROF pre-experimental analysis,"...of the signal [\[52\]](#page-18-15), which in turn increases the BER and degrades the imaging quality. The input optical power of the AROF module needs to be trade-off selected in future practical scenarios. ![](_page_10_Figure_6.jpeg) <span id=""page-10-1""></span>**Fig. 8.** Schematic diagram of the...",Defines/Uses metric 'trade-off',trade-off,,,0.85,c:\Users\fatih\gdrive\AKU_WorkSpace\survey_fdgit\OISAC_PRISMA_COMST\data\processed_markdowns\O_ISAC_280\O_ISAC_280.md,Section: 4.1. AROF pre-experimental analysis
C2,Metric Definition/Usage,O_ISAC_283,20XX,**Photonics-assisted self-interference cancellation for in-band full-duplex integrated sensing and communication transceiver**,VLC,Other,Optics EXPRESS,"...imaging processing of an IBFD ISAC sensing system, the range profile resolution and cross-range profile resolution can be expressed as $$\Delta R_r = \frac{c}{2B_s} \tag{10}$$ $$\Delta R_c = \frac{c}{2f_c T_i \varphi} \tag{11}$$ where *c* is the vacuum speed of light,...",Defines/Uses metric '\Delta R',\Delta R,,,0.85,c:\Users\fatih\gdrive\AKU_WorkSpace\survey_fdgit\OISAC_PRISMA_COMST\data\processed_markdowns\O_ISAC_283\O_ISAC_283.md,Section: Optics EXPRESS
C2,Metric Definition/Usage,O_ISAC_288,20XX,**Development of an Integrated Communication and Sensing System Using Spread Spectrum and Photonics Technologies**,Fiber,Other,3.1.2. Radar System,"...signal chip duration is a crucial factor that determines the range resolution, which is related linearly, as follows [\[1\]](#page-15-0): $$\Delta R = cT_c/2,\tag{3}$$ where *c* is the speed of light and *T<sup>c</sup>* is the chip duration. Another significant parameter is...",Defines/Uses metric '\Delta R',\Delta R,,,0.85,c:\Users\fatih\gdrive\AKU_WorkSpace\survey_fdgit\OISAC_PRISMA_COMST\data\processed_markdowns\O_ISAC_288\O_ISAC_288.md,Section: 3.1.2. Radar System
C2,Metric Definition/Usage,O_ISAC_300,2023,Preamble-Free Synchronization Based on Dual-chirp Waveforms for Photonic THz-ISAC,Photo-THz,Other,B. Dual-Chirp-Based Integrated Waveform Consideration,"...[25]. According to (12), the theoretical range resolution, under the condition of $R_B \le B$ , can be calculated as: $$\Delta r = \frac{c}{2B} = \frac{cT_{3dB}}{2} \tag{13}$$ where c is the vacuum velocity of light, and $T_{\rm 3dB}$ denotes the...",Defines/Uses metric '\Delta r',\Delta r,,,0.85,c:\Users\fatih\gdrive\AKU_WorkSpace\survey_fdgit\OISAC_PRISMA_COMST\data\processed_markdowns\O_ISAC_300\O_ISAC_300.md,Section: B. Dual-Chirp-Based Integrated Waveform Consideration
C2,Metric Definition/Usage,O_ISAC_349,20XX,"<span id=""page-0-10""></span>Radar-Centric Photonic Terahertz Integrated Sensing and Communication System Based on LFM-PSK Waveform",Photo-THz,Other,*A. Sensing Performance of LFM-BPSK Waveform*,"...sidelobe power obviously decreases, whereas the time resolution and full-width half-maximum (FWHM) are maintained. After performing the autocorrelation operation, the range resolution 1*R* of the generated waveform can be calculated by 1*R* = *c*1τ/2, where 1τ represents the first zero-point...",Defines/Uses metric 'range resolution',range resolution,,,0.85,c:\Users\fatih\gdrive\AKU_WorkSpace\survey_fdgit\OISAC_PRISMA_COMST\data\processed_markdowns\O_ISAC_349\O_ISAC_349.md,Section: *A. Sensing Performance of LFM-BPSK Waveform*
C2,Metric Definition/Usage,O_ISAC_377,2022,**Photonics-aided integrated sensing and communications in mmW bands based on a DC-offset QPSK-encoded LFMCW**,Fiber,Other,3.2. mmW sensing,"...The adjacent peaks are separated by $\Delta f = 0.35 \ MHz$ , which corresponds to a distance separation of $\Delta R = \frac{\Delta fcT}{2R} = \frac{\Delta fcT}{2Bf_{AWG}} = 10.40 \ cm$ (c is the light speed). The observed signal-to-interference...",Defines/Uses metric '\Delta R',\Delta R,,,0.85,c:\Users\fatih\gdrive\AKU_WorkSpace\survey_fdgit\OISAC_PRISMA_COMST\data\processed_markdowns\O_ISAC_377\O_ISAC_377.md,Section: 3.2. mmW sensing
C2,Metric Definition/Usage,O_ISAC_379,20XX,**Demonstration of photonics-based flexible integration of sensing and communication with adaptive waveforms for a W-band fiber-wireless integrated network**,Fiber,Other,"<span id=""page-2-0""></span>**2. Principle**",...electrical signal through the PD. The relationship between the frequency and target distance can be described as $$\Delta f = k\Delta t = k \frac{2\Delta R}{c} = \frac{B_{radar}}{T_{LFM}} \frac{2\Delta R}{c}$$ (6) $$\Delta R = \frac{cT_{LFM}\Delta f}{2B_{radar}} \tag{7}$$ where *c* is...,Defines/Uses metric '\Delta R',\Delta R,,,0.85,c:\Users\fatih\gdrive\AKU_WorkSpace\survey_fdgit\OISAC_PRISMA_COMST\data\processed_markdowns\O_ISAC_379\O_ISAC_379.md,"Section: <span id=""page-2-0""></span>**2. Principle**"
C4,Cross-Domain Gap/Transfer,O_ISAC_019,2023,Full-duplex Integrated Sensing and Communication System Based on Microwave Photonics,Fiber,Other,I. INTRODUCTION,"...solely on the original system architecture is insufficient. To support higher data rates and finer sensing resolution, microwave photonic technology was adopted for the ultra-wide bandwidth, diverse and flexible processing of Integrated signal, enabling tightly coupled communication and sensing [6][7]. Whereas, the frequency bands employed for wireless propagation are predominantly...",Discusses 'diverse' in strategic section 'I. INTRODUCTION',,,Mentions ['VLC'] or standardization,0.9,c:\Users\fatih\gdrive\AKU_WorkSpace\survey_fdgit\OISAC_PRISMA_COMST\data\processed_markdowns\O_ISAC_019\O_ISAC_019.md,Section: I. INTRODUCTION
C4,Cross-Domain Gap/Transfer,O_ISAC_027,20XX,"<span id=""page-0-12""></span>Low Crosstalk Deep Ocean Salinity Monitoring at 2 µm Wavelength Band",Fiber,Other,"<span id=""page-0-11""></span><span id=""page-0-10""></span><span id=""page-0-9""></span><span id=""page-0-8""></span><span id=""page-0-7""></span><span id=""page-0-6""></span><span id=""page-0-5""></span><span id=""page-0-3""></span><span id=""page-0-2""></span><span id=""page-0-0""></span>I. INTRODUCTION","...a sensitivity of $-36.8 \, \text{pm/}^{\circ}$ C [40]. For the long-distance signal transmission at 2 $\mu$ m wavelength band, the signal amplification, which will limit the effectiveness and accuracy of marine sensing, is an important issue and must be addressed first. Luckily, amplifiers at the 2 $\mu$ m wavelength band...","Discusses 'limit' in strategic section '<span id=""page-0-11""></span><span id=""page-0-10""></span><span id=""page-0-9""></span><span id=""page-0-8""></span><span id=""page-0-7""></span><span id=""page-0-6""></span><span id=""page-0-5""></span><span id=""page-0-3""></span><span id=""page-0-2""></span><span id=""page-0-0""></span>I. INTRODUCTION'",,,Mentions ['VLC'] or standardization,0.9,c:\Users\fatih\gdrive\AKU_WorkSpace\survey_fdgit\OISAC_PRISMA_COMST\data\processed_markdowns\O_ISAC_027\O_ISAC_027.md,"Section: <span id=""page-0-11""></span><span id=""page-0-10""></span><span id=""page-0-9""></span><span id=""page-0-8""></span><span id=""page-0-7""></span><span id=""page-0-6""></span><span id=""page-0-5""></span><span id=""page-0-3""></span><span id=""page-0-2""></span><span id=""page-0-0""></span>I. INTRODUCTION"
C4,Cross-Domain Gap/Transfer,O_ISAC_029,20XX,THz Integrated Sensing and Communication With Full-Photonic Direct LFM Reception and De-Chirping for D-Band Fiber-Wireless Network,Photo-THz,Other,"<span id=""page-0-1""></span>I. INTRODUCTION","...While baseband signal processing offers increased flexibility, the long-distance fiber transmission of echo signals presents significant challenges to the system [\[24\]. T](#page-12-4)he first challenge stems from insufficient modulation depth caused by the inherently weak energy of radar echo signals. Considering that long-distance transmission of signals typically requires the use of...","Discusses 'challenge' in strategic section '<span id=""page-0-1""></span>I. INTRODUCTION'",,,Mentions ['Fiber'] or standardization,0.9,c:\Users\fatih\gdrive\AKU_WorkSpace\survey_fdgit\OISAC_PRISMA_COMST\data\processed_markdowns\O_ISAC_029\O_ISAC_029.md,"Section: <span id=""page-0-1""></span>I. INTRODUCTION"
C4,Cross-Domain Gap/Transfer,O_ISAC_033,2022,Simultaneous Sensing and Communication in Optical Fibers,Fiber,Other,Introduction,"...sensing and data transmission is an ongoing research topic where challenges remain [4,5]. Most distributed fiber optic sensing (DFOS) methods rely on back-scatter and are incompatible with existing inline amplifiers with optical isolators. It is furthermore difficult to make DFOS work over hundreds or thousands of kilometers due to low...",Discusses 'incompatible' in strategic section 'Introduction',,,Mentions ['VLC'] or standardization,0.9,c:\Users\fatih\gdrive\AKU_WorkSpace\survey_fdgit\OISAC_PRISMA_COMST\data\processed_markdowns\O_ISAC_033\O_ISAC_033.md,Section: Introduction
C4,Cross-Domain Gap/Transfer,O_ISAC_035,20XX,OCDM-Based FMCW Waveform Design for FSO Integrated Sensing and Communications,FSO,Other,III. EXPERIMENT DEMONSTRATION AND DISCUSSION,"...is capable of conducting the efficient outage probability analysis. As a result, it is widely recognized as the standard model for the moderateto-strong turbulence within FSO links, while considering diverse atmospheric turbulence conditions [\[5\],](#page-9-0) [\[6\],](#page-9-0) [\[33\].](#page-10-0) Additionally, other literatures also verified its feasibility as the FSO channel TABLE I EXPERI...",Discusses 'diverse' in strategic section 'III. EXPERIMENT DEMONSTRATION AND DISCUSSION',,,Mentions [] or standardization,0.9,c:\Users\fatih\gdrive\AKU_WorkSpace\survey_fdgit\OISAC_PRISMA_COMST\data\processed_markdowns\O_ISAC_035\O_ISAC_035.md,Section: III. EXPERIMENT DEMONSTRATION AND DISCUSSION
C4,Cross-Domain Gap/Transfer,O_ISAC_036,20XX,Heterogeneous Integrated III-V-on-SOI Transmitter for 6G FiWi mmWave/FSO Integrated Sensing and Communication,VLC,Other,**Introduction**,"...other III-V active components on Si platform [9], marking the distinct absence of a fully integrated PIC transmitter that meets all ISAC KPIs. This work draws from latest heterogeneous integrations of compact III-V-on-SOI PICs for telecom [10], and spectroscopy [11], presents a fully-integrated PIC that utilizes a single, ""unified"" III-V...",Discusses 'heterogeneous' in strategic section '**Introduction**',,,Mentions [] or standardization,0.9,c:\Users\fatih\gdrive\AKU_WorkSpace\survey_fdgit\OISAC_PRISMA_COMST\data\processed_markdowns\O_ISAC_036\O_ISAC_036.md,Section: **Introduction**
C4,Cross-Domain Gap/Transfer,O_ISAC_039,20XX,Visible Light Integrated Positioning and Communication: A Multi-Task Federated Learning Framework,VLC,Other,1 Introduction,"...However, the VLP and VLC systems are usually designed separately. The potential mutual benefits between positioning and communication have not been utilized effectively. Lack of a unified ISAC design of VLP and VLC has limited the potentials of the resource utilization efficiency and the communication and positioning performance. On the...",Discusses 'Lack' in strategic section '1 Introduction',,,Mentions [] or standardization,0.9,c:\Users\fatih\gdrive\AKU_WorkSpace\survey_fdgit\OISAC_PRISMA_COMST\data\processed_markdowns\O_ISAC_039\O_ISAC_039.md,Section: 1 Introduction
C4,Cross-Domain Gap/Transfer,O_ISAC_054,20XX,Optical Integrated Sensing and Communication With Light-Emitting Diode,VLC,Other,"<span id=""page-0-0""></span>I. INTRODUCTION","...each of these specific hurdles. Our main contributions are summarized as follows. We put forth a new O-ISAC framework tailored for cost-effective commercial LEDs. To tackle the challenge of incoherent light, we leverage the noncoherent detection method, intensity modulation and direct detection (IM/DD), for optical communication, and the pinhole imaging...","Discusses 'challenge' in strategic section '<span id=""page-0-0""></span>I. INTRODUCTION'",,,Mentions [] or standardization,0.9,c:\Users\fatih\gdrive\AKU_WorkSpace\survey_fdgit\OISAC_PRISMA_COMST\data\processed_markdowns\O_ISAC_054\O_ISAC_054.md,"Section: <span id=""page-0-0""></span>I. INTRODUCTION"
C4,Cross-Domain Gap/Transfer,O_ISAC_058,20XX,Photonic-Based Flexible Integrated Sensing and Communication With Multiple Targets Detection Capability for *W*-Band Fiber-Wireless Network,Photo-THz,Other,"<span id=""page-0-0""></span>I. INTRODUCTION","...[3], vehicle-to-everything (V2X) [4], and smart factory [5], both wireless communication functionality and radar sensing as support are required. Therefore, radar sensing will not only be a separate function but also necessitate deep integration with future communication network architecture. The development of radar sensing and communication technology has revealed similarities...","Discusses 'separate' in strategic section '<span id=""page-0-0""></span>I. INTRODUCTION'",,,Mentions ['VLC'] or standardization,0.9,c:\Users\fatih\gdrive\AKU_WorkSpace\survey_fdgit\OISAC_PRISMA_COMST\data\processed_markdowns\O_ISAC_058\O_ISAC_058.md,"Section: <span id=""page-0-0""></span>I. INTRODUCTION"
C4,Cross-Domain Gap/Transfer,O_ISAC_061,2024,Optical Wireless Integrated Sensing and Communication Based on Optical Phased Array: Performance Metric and Optimal Beamforming,FSO,Other,I. INTRODUCTION,"...paper presents an OPA-based OW-ISAC framework. Enlightened by the concept of multi-beam ISAC in [\[36\],](#page-14-33) we leverage the inherent multi-beam property of OPA, transforming it from a challenge into an advantage. Additionally, novel performance metrics and problem formulations are investigated for OW-ISAC beamforming, which incorporates the DD scheme and imaging...",Discusses 'challenge' in strategic section 'I. INTRODUCTION',,,Mentions [] or standardization,0.9,c:\Users\fatih\gdrive\AKU_WorkSpace\survey_fdgit\OISAC_PRISMA_COMST\data\processed_markdowns\O_ISAC_061\O_ISAC_061.md,Section: I. INTRODUCTION
C4,Cross-Domain Gap/Transfer,O_ISAC_067,20XX,Measurement-based Validation of Ray-tracing Model at sub-THz for ISAC Applications of Blockage in Industrial Scenario,VLC,Other,1 Introduction,"...data-sets of channel samples, which is difficult to obtain since the current state of the art on measurements at (sub-)THz is still rudimentary. Because of the lack of antenna arrays, usually the angular information of the channel during the measurements is obtained from pointing high directive antennas in different angles,...",Discusses 'lack' in strategic section '1 Introduction',,,Mentions ['Photo-THz'] or standardization,0.9,c:\Users\fatih\gdrive\AKU_WorkSpace\survey_fdgit\OISAC_PRISMA_COMST\data\processed_markdowns\O_ISAC_067\O_ISAC_067.md,Section: 1 Introduction
C4,Cross-Domain Gap/Transfer,O_ISAC_068,20XX,Joint Communication and Sensing Prospects: Potential Through Visible Light,VLC,Other,I. INTRODUCTION,"...Global Positioning System -GPS) or fiber-optic systems [5]. Another acronym for VLC commonly used is Light Fidelity (Li-Fi). On the other hand, sensing technologies also include many diverse technologies ranging from infrared, ultrasonic waves, image sensors, inertial measurement units, radar to Lidar [6]. Finally, while the traditional communication technologies provide...",Discusses 'diverse' in strategic section 'I. INTRODUCTION',,,Mentions ['Fiber'] or standardization,0.9,c:\Users\fatih\gdrive\AKU_WorkSpace\survey_fdgit\OISAC_PRISMA_COMST\data\processed_markdowns\O_ISAC_068\O_ISAC_068.md,Section: I. INTRODUCTION
C4,Cross-Domain Gap/Transfer,O_ISAC_070,2022,Exploring Photonic THz-ISAC Systems with Integrated Waveforms,Photo-THz,Other,I. INTRODUCTION,"...0) Consequently, conventional communication and sensing waveforms can be directly orthogonally multiplexed in the non-overlapping resource domain. These resources can be dynamically allocated to meet diverse application requirements within the fiber-wireless network architecture [\[23\],](#page-9-0) [\[24\].](#page-9-1) Nevertheless, the aforementioned multiplexing-based architectures suffer from...",Discusses 'diverse' in strategic section 'I. INTRODUCTION',,,Mentions ['Fiber'] or standardization,0.9,c:\Users\fatih\gdrive\AKU_WorkSpace\survey_fdgit\OISAC_PRISMA_COMST\data\processed_markdowns\O_ISAC_070\O_ISAC_070.md,Section: I. INTRODUCTION
C4,Cross-Domain Gap/Transfer,O_ISAC_073,20XX,Clock and Carrier Synchronization Using Optical Frequency Combs in Radio Access Networks,Fiber,Other,I. INTRODUCTION,"...Division Multiplexing (WDM). These combined signals are transmitted via Single-Mode Fiber (SMF) optical fiber. Upon reception, the signal undergoes Wavelength Division Demultiplexing (WDD) to separate each comb and its corresponding data [14], [15]. The signals are subsequently converted to electrical form, amplified, and processed using filtering and multiplexing techniques to...",Discusses 'separate' in strategic section 'I. INTRODUCTION',,,Mentions ['VLC'] or standardization,0.9,c:\Users\fatih\gdrive\AKU_WorkSpace\survey_fdgit\OISAC_PRISMA_COMST\data\processed_markdowns\O_ISAC_073\O_ISAC_073.md,Section: I. INTRODUCTION
C4,Cross-Domain Gap/Transfer,O_ISAC_079,2025,LFM Carrier Enabled Integrated Sensing and Communication in Self-homodyne Coherent Detection Transmission System,Fiber,Other,Results and discussions,"...profile along the fiber length, showing two Fresnel reflection peaks at the MCF end (upper inset) with measured 2 cm spatial resolution, close to the theoretical limit according to (4). The 5-m fiber section coiled on the 2.5-cm radius PZT exhibits ~3.6 dB intensity reduction (lower inset), quantifying bending loss...",Discusses 'limit' in strategic section 'Results and discussions',,,Mentions ['VLC'] or standardization,0.9,c:\Users\fatih\gdrive\AKU_WorkSpace\survey_fdgit\OISAC_PRISMA_COMST\data\processed_markdowns\O_ISAC_079\O_ISAC_079.md,Section: Results and discussions
C4,Cross-Domain Gap/Transfer,O_ISAC_082,20XX,Signal-Signal Beating Interference: From Destructive to Constructive for Photonic THz Integrated Sensing and Communication System Using Self-Coherent OFDM,Fiber,Other,"<span id=""page-0-8""></span><span id=""page-0-7""></span><span id=""page-0-4""></span><span id=""page-0-2""></span><span id=""page-0-1""></span>I. Introduction","...base stations can detect obstacles beyond the vehicle's line of sight, reducing blind spots and providing early warnings for unforeseen dangers. <span id=""page-0-15""></span>To better support these diverse use cases, ISAC systems often rely on broadband millimeter-wave (MMW) or terahertz (THz) frequencies, providing both enhanced communication capacity and sensing resolution. However,...","Discusses 'diverse' in strategic section '<span id=""page-0-8""></span><span id=""page-0-7""></span><span id=""page-0-4""></span><span id=""page-0-2""></span><span id=""page-0-1""></span>I. Introduction'",,,Mentions ['Photo-THz'] or standardization,0.9,c:\Users\fatih\gdrive\AKU_WorkSpace\survey_fdgit\OISAC_PRISMA_COMST\data\processed_markdowns\O_ISAC_082\O_ISAC_082.md,"Section: <span id=""page-0-8""></span><span id=""page-0-7""></span><span id=""page-0-4""></span><span id=""page-0-2""></span><span id=""page-0-1""></span>I. Introduction"
C4,Cross-Domain Gap/Transfer,O_ISAC_093,20XX,Multi-Modal Integrated Sensing and Communication in Internet of Things With Large Language Models,VLC,Other,VI. CONCLUSION,"...in wireless communications. Finally, the co-design of signal processing with LLMs can provide an effective framework for data processing and modeling, addressing the diverse requirements of raw data, feature, and semantic level fusion. #### REFERENCES [1] W. Saad, M. Bennis, and M. Chen, ""A vision of 6G wireless systems: Applications,...",Discusses 'diverse' in strategic section 'VI. CONCLUSION',,,Mentions [] or standardization,0.9,c:\Users\fatih\gdrive\AKU_WorkSpace\survey_fdgit\OISAC_PRISMA_COMST\data\processed_markdowns\O_ISAC_093\O_ISAC_093.md,Section: VI. CONCLUSION
C4,Cross-Domain Gap/Transfer,O_ISAC_161,2025,"Integrated Sensing and Communication (ISAC) Transceiver: Hardware Architectures, Enabling Technologies, and Emerging Trends",Photo-THz,Other,**INTRODUCTION**,"...and integrated rectifiers within a unified structure. In [32], a multifunctional transceiver is introduced that seamlessly switches between radar sensing and data transmission modes without requiring separate RF front-end chains. Furthermore, innovative hardware architectures—such as the virtual receiver matrix (VRM) and virtual transceiver matrix (VTM)—have been proposed to demonstrate hardware...",Discusses 'separate' in strategic section '**INTRODUCTION**',,,Mentions [] or standardization,0.9,c:\Users\fatih\gdrive\AKU_WorkSpace\survey_fdgit\OISAC_PRISMA_COMST\data\processed_markdowns\O_ISAC_161\O_ISAC_161.md,Section: **INTRODUCTION**
C4,Cross-Domain Gap/Transfer,O_ISAC_189,2024,**PHOTONICS Research**,Fiber,Other,1. INTRODUCTION,"...system for sensing in either frequency or space. Therefore, exploring the perfect coexistence form between optical sensing and telecommunication systems remains an unsolved challenge. Here, to the best of our knowledge, we present for the first time a large dynamic vibration sensing method integrated into the RoF communication system by...",Discusses 'challenge' in strategic section '1. INTRODUCTION',,,Mentions ['VLC'] or standardization,0.9,c:\Users\fatih\gdrive\AKU_WorkSpace\survey_fdgit\OISAC_PRISMA_COMST\data\processed_markdowns\O_ISAC_189\O_ISAC_189.md,Section: 1. INTRODUCTION
C4,Cross-Domain Gap/Transfer,O_ISAC_200,20XX,Optical Fiber Technology,Fiber,Other,"<span id=""page-8-4""></span>**6. Conclusion and future work**","...that environmental disturbances affect only the SOP rotation elements (*,, ,*) and we modeled their time dependence using random walks. This simplifying assumption was made due to the lack of more realistic channel models. In [\[32](#page-9-17)], it was shown how dynamic polarization fluctuations induced by hydrostatic pressure resulting from, e.g.,...","Discusses 'lack' in strategic section '<span id=""page-8-4""></span>**6. Conclusion and future work**'",,,Mentions ['VLC'] or standardization,0.9,c:\Users\fatih\gdrive\AKU_WorkSpace\survey_fdgit\OISAC_PRISMA_COMST\data\processed_markdowns\O_ISAC_200\O_ISAC_200.md,"Section: <span id=""page-8-4""></span>**6. Conclusion and future work**"
C4,Cross-Domain Gap/Transfer,O_ISAC_280,20XX,**Integration of endogenous sensing and communication based on photonics-enabled cellular base station networks with a spectrum fusion algorithm**,Fiber,Other,**1. Introduction**,"...pment of future applications [\[6–](#page-17-1)[10\]](#page-17-2). However, current ISAC methods struggle to achieve high-resolution imaging with standard narrow-bandwidth communication waveform, and lack hardware co-designs for imaging and communication, resulting in an inability to achieve high-quality imaging and communication simultaneously [\[11\]](#page-17-3). ISAC based on cellular BSs has...",Discusses 'lack' in strategic section '**1. Introduction**',,,Mentions [] or standardization,0.9,c:\Users\fatih\gdrive\AKU_WorkSpace\survey_fdgit\OISAC_PRISMA_COMST\data\processed_markdowns\O_ISAC_280\O_ISAC_280.md,Section: **1. Introduction**
C4,Cross-Domain Gap/Transfer,O_ISAC_283,20XX,**Photonics-assisted self-interference cancellation for in-band full-duplex integrated sensing and communication transceiver**,VLC,Other,**1. Introduction**,"...high-resolution radar sensing. Moreover, the specific transceiver architecture of FMCW radars offers a promising framework for IBFD ISAC systems [\[1\]](#page-16-0). However, a major challenge in IBFD ISAC systems is the severe in-band self-interference (SI) from transmitting to receiving ends due to simultaneous transmission and reception on the same frequency band,...",Discusses 'challenge' in strategic section '**1. Introduction**',,,Mentions [] or standardization,0.9,c:\Users\fatih\gdrive\AKU_WorkSpace\survey_fdgit\OISAC_PRISMA_COMST\data\processed_markdowns\O_ISAC_283\O_ISAC_283.md,Section: **1. Introduction**
C4,Cross-Domain Gap/Transfer,O_ISAC_303,20XX,Contents lists available at ScienceDirect,VLC,Other,Introduction,"...-0). ISAC's foundational concept originates from radar-based spectrum sharing, and recently technological strides in the wireless sensing arena have broadened its scope. Today's ISAC systems leverage diverse techniques like Wi-Fi, millimeter wave (mmWave), and THz [\[21](#page-15-0)–26]. Though innovative, each modality brings challenges, necessitating further exploration and optimization to reali...",Discusses 'diverse' in strategic section 'Introduction',,,Mentions ['Photo-THz'] or standardization,0.9,c:\Users\fatih\gdrive\AKU_WorkSpace\survey_fdgit\OISAC_PRISMA_COMST\data\processed_markdowns\O_ISAC_303\O_ISAC_303.md,Section: Introduction
C4,Cross-Domain Gap/Transfer,O_ISAC_324,20XX,**RESEARCH ARTICLE**,Fiber,Other,**Introduction**,"...des, quantum approaches can achieve higher detection precision [[54](#page-14-11)[,55](#page-14-12)], typically using entanglement, single photons, and squeezed states to surpass the standard quantum limit [\[56](#page-14-13)[–59\]](#page-14-14). Recently, DOFS has been integrated into classical optical communication to enable both communication and sensing, thereby constructing an ISAC system [[...",Discusses 'limit' in strategic section '**Introduction**',,,Mentions [] or standardization,0.9,c:\Users\fatih\gdrive\AKU_WorkSpace\survey_fdgit\OISAC_PRISMA_COMST\data\processed_markdowns\O_ISAC_324\O_ISAC_324.md,Section: **Introduction**
C4,Cross-Domain Gap/Transfer,O_ISAC_350,2023,![](_page_0_Picture_0.jpeg),Fiber,Other,1 Introduction,"...Light Emitting Diode (LED) headlights of automobiles and interior lighting as light sources[[11-](#page-16-4)[13](#page-16-5)] . The motion detection systems in the above studies require a separate light source and a network of photodetectors, so there are still some challenges, such as system size, high cost, and limited application scenarios. As a...",Discusses 'separate' in strategic section '1 Introduction',,,Mentions ['VLC'] or standardization,0.9,c:\Users\fatih\gdrive\AKU_WorkSpace\survey_fdgit\OISAC_PRISMA_COMST\data\processed_markdowns\O_ISAC_350\O_ISAC_350.md,Section: 1 Introduction
C4,Cross-Domain Gap/Transfer,O_ISAC_381,20XX,"**Long-Distance, Real-Time LED Display-Camera Communication System Based on LED Point Clustering and Lightweight Image Processing**",Fiber,Other,"<span id=""page-0-0""></span>**1. Introduction**","...BER of 0.5, which is about 9 times that of the previous LED-DCC system, and can reach a data transmission distance of 175 cm under the 7% FEC limit, which is about 12 times that of the previous LED-DCC system. Additionally, the data decoding latency caused by extracting information from...","Discusses 'limit' in strategic section '<span id=""page-0-0""></span>**1. Introduction**'",,,Mentions ['VLC'] or standardization,0.9,c:\Users\fatih\gdrive\AKU_WorkSpace\survey_fdgit\OISAC_PRISMA_COMST\data\processed_markdowns\O_ISAC_381\O_ISAC_381.md,"Section: <span id=""page-0-0""></span>**1. Introduction**"
