"claim_id","subpoint_tag","paper_id","year","title","venue","doi","modality","evidence_type","authority_class","authority_score","relevance_score","where_in_paper","supporting_excerpt","why_it_supports","metric_terms","terminology_terms","cross_domain_note","confidence","source_path","source_locator"
"C1","aliasing","O_ISAC_161","2025","ISAC Transceiver Hardware Architectures, Technologies, and Trends","IEEE J-STAEQ","10.1109/JSTEAP.2025.3610564","Photo-THz","Experimental","Overview","0.85","0.4","Integrated Sensing and Communication (ISAC) Transc","Quebec-Nature et Technologies (FRQNT). (Invited Article) ABSTRACT Integrated sensing and communication (ISAC)—also known as radar-communication (RadCom), joint radar-communication (JRC), and other related...","Explicit terminology aliasing detected with pattern 'also known as'.","","also known as","","0.9","c:\Users\fatih\gdrive\AKU_WorkSpace\survey_fdgit\OISAC_PRISMA_COMST\data\processed_markdowns\O_ISAC_161\O_ISAC_161.md","Integrated Sensing and Communication (ISAC) Transceiver: Hardware Architectures, Enabling Technologies, and Emerging Trends (L17)"
"C1","inconsistent labels","O_ISAC_015","2024","Movable Access Point-Aided Integrated Visible Light Communication and Sensing Networks","IEEE Letters","10.1109/LWC.2024.3521192","VLC","Simulation","Research","0.6","0.6","IV. SIMULATION RESULTS","system model and algorithm is compared with a fixed AP system, referred to as ""Benchmark"", that has the same number of APs...","Explicit terminology aliasing detected with pattern 'referred to as'.","","referred to as","","0.9","c:\Users\fatih\gdrive\AKU_WorkSpace\survey_fdgit\OISAC_PRISMA_COMST\data\processed_markdowns\O_ISAC_015\O_ISAC_015.md","IV. SIMULATION RESULTS (L160)"
"C1","inconsistent labels","O_ISAC_001","2025","Modulation Strategies for Robust Optical Wireless Communications and Sensing in 6G","IEEE Journal","10.1109/COMST.2025.3577779","VLC","Experimental","Research","0.6","0.4","Modulation Strategies for Robust Optical Wireless","(ISAC)* ## I. INTRODUCTION The next generation of wireless networks, commonly referred to as 6G, is expected to revolutionize the landscape of...","Explicit terminology aliasing detected with pattern 'referred to as'.","","referred to as","","0.9","c:\Users\fatih\gdrive\AKU_WorkSpace\survey_fdgit\OISAC_PRISMA_COMST\data\processed_markdowns\O_ISAC_001\O_ISAC_001.md","Modulation Strategies for Robust Optical Wireless Communications and Sensing in 6G > I. INTRODUCTION (L15)"
"C1","inconsistent labels","O_ISAC_030","2025","ReflexGest: Recognizing Hand Gestures Under VLC-Capable Lamps","IEEE Transactions on Mobile Computing","10.1109/TMC.2025.3545340","VLC","Experimental","Research","0.6","0.4","II. BACKGROUND AND MOTIVATION","in this section. We first clarify the limit of through HGR (or t-HGR), and we then explain the superiority of reflected HGR...","Explicit terminology aliasing detected with pattern '(or '.","","","","0.9","c:\Users\fatih\gdrive\AKU_WorkSpace\survey_fdgit\OISAC_PRISMA_COMST\data\processed_markdowns\O_ISAC_030\O_ISAC_030.md","II. BACKGROUND AND MOTIVATION (L50)"
"C1","aliasing","O_ISAC_034","2023","Pulse Sequence Sensing and Pulse Position Modulation for Optical Integrated Sensing and Communication","IEEE Letters","10.1109/LCOMM.2023.3270184","Other","Simulation","Research","0.6","0.4","I. INTRODUCTION","accurate sensing ability of the environment, which is also known as the ISAC system [\[3\]. T](#page-4-2)herefore, Manuscript received 18 January 2023; revised...","Explicit terminology aliasing detected with pattern 'also known as'.","","also known as","","0.9","c:\Users\fatih\gdrive\AKU_WorkSpace\survey_fdgit\OISAC_PRISMA_COMST\data\processed_markdowns\O_ISAC_034\O_ISAC_034.md","I. INTRODUCTION (L11)"
"C1","inconsistent labels","O_ISAC_041","2024","Co-Route Fiber Recognition and Status Diagnosis Based on Integrated Sensing and Communication in 6G Transport Networks","IEEE Journal","10.1109/JIOT.2024.3414863","Fiber","Experimental","Research","0.6","0.4","</s","detects the phase of the backscattered echo, is referred to as ϕ-OTDR [\[39\]](#page-10-7). Due to its high sensitivity and low cost, it...","Explicit terminology aliasing detected with pattern 'referred to as'.","","referred to as","","0.9","c:\Users\fatih\gdrive\AKU_WorkSpace\survey_fdgit\OISAC_PRISMA_COMST\data\processed_markdowns\O_ISAC_041\O_ISAC_041.md","I. INTRODUCTION > II. RELATED WORK (L52)"
"C1","inconsistent labels","O_ISAC_053","2021","Integrated Sensing and Communication in the Visible Spectral Range: A Novel Closed Loop Controller","Journal/Conference","DOI","VLC","Experimental","Research","0.6","0.4","Integrated Sensing and Communication in the Visibl","6G era is the realization of simultaneous communication and sensing, often referred to as integrated sensing and communication (ISAC) systems [4]. ISAC...","Explicit terminology aliasing detected with pattern 'referred to as'.","","referred to as","","0.9","c:\Users\fatih\gdrive\AKU_WorkSpace\survey_fdgit\OISAC_PRISMA_COMST\data\processed_markdowns\O_ISAC_053\O_ISAC_053.md","Integrated Sensing and Communication in the Visible Spectral Range: A Novel Closed Loop Controller > I. INTRODUCTION (L13)"
"C1","aliasing","O_ISAC_054","2024","Optical Integrated Sensing and Communication With Light-Emitting Diode","Journal of the Optical Society of America","10.1109/JIOT.2024.3523045","VLC","Simulation","Research","0.6","0.4","A. Synergies Between Optical Sensing and Optical C","distribution; 2) utilization of a PD array; and 3) optical beamforming, also known as directional O-ISAC. Thanks to these optimization schemes, the...","Explicit terminology aliasing detected with pattern 'also known as'.","","also known as","","0.9","c:\Users\fatih\gdrive\AKU_WorkSpace\survey_fdgit\OISAC_PRISMA_COMST\data\processed_markdowns\O_ISAC_054\O_ISAC_054.md","A. Synergies Between Optical Sensing and Optical Communication and Two-Phase Operation Mechanism > B. Source Layout Optimization > VI. NUMERICAL AND SIMULATION RESULTS (L669)"
"C1","inconsistent labels","O_ISAC_056","2024","Optical ISAC: Fundamental Performance Limits and Transceiver Design","IEEE Transactions on Information Theory","10.1109/TIT.2024.3234567","FSO","Simulation","Research","0.6","0.4","I. INTRODUCTION > II. SYSTEM MODEL > III. MAIN RES","x)$ is asymptotically convex in $r_s$ as either $n_s$ or O-SNR (or both) increase. *Proof.* See the arXiv version [18, Appendix E]...","Explicit terminology aliasing detected with pattern '(or '.","","","","0.9","c:\Users\fatih\gdrive\AKU_WorkSpace\survey_fdgit\OISAC_PRISMA_COMST\data\processed_markdowns\O_ISAC_056\O_ISAC_056.md","I. INTRODUCTION > II. SYSTEM MODEL > III. MAIN RESULT (L190)"
"C1","aliasing","O_ISAC_062","2024","6-DoF Location-and-Pose Estimation Toward Integrated Visible Light Communication and Sensing: Algorithm Design and Performance Limits","IEEE Transactions on Signal Processing","10.1109/TSP.2024.3383285","VLC","Simulation","Research","0.6","0.4","6-DoF Location-and-Pose Estimation Toward Integrat","for illumination, visible light communication (VLC, also known as LiFi) is considered to be an important technique of 6G wireless communications, due...","Explicit terminology aliasing detected with pattern 'also known as'.","","also known as","","0.9","c:\Users\fatih\gdrive\AKU_WorkSpace\survey_fdgit\OISAC_PRISMA_COMST\data\processed_markdowns\O_ISAC_062\O_ISAC_062.md","6-DoF Location-and-Pose Estimation Toward Integrated Visible Light Communication and Sensing: Algorithm Design and Performance Limits > I. INTRODUCTION (L21)"
"C1","aliasing","O_ISAC_068","2023","Joint Communication and Sensing Prospects: Potential Through Visible Light","Journal/Conference","DOI:10.1109/ACCESS.2023.3294091","VLC","Simulation","Research","0.6","0.4","Joint Communication and Sensing Prospects: Potenti","sensing.* ### I. INTRODUCTION Joint Communication and Sensing (JCS), also known as Integrated Sensing And Communication (ISAC), Sensing-Communication Integration (SCI) or Cooperative...","Explicit terminology aliasing detected with pattern 'also known as'.","","also known as","","0.9","c:\Users\fatih\gdrive\AKU_WorkSpace\survey_fdgit\OISAC_PRISMA_COMST\data\processed_markdowns\O_ISAC_068\O_ISAC_068.md","Joint Communication and Sensing Prospects: Potential Through Visible Light > I. INTRODUCTION (L15)"
"C1","inconsistent labels","O_ISAC_074","2025","Endogenous ISAC Enabled Interference Fading Free Sensing via Telecom Training Sequence","OECC/PSC","NR","Fiber","Experimental","Research","0.6","0.4","Endogenous ISAC Enabled Interference Fading Free S","and achieve distributed sensing simultaneously, dual polarization (DP) chirp TSs (or sensing probes) are inserted prior to the telecom payload, as illustrated...","Explicit terminology aliasing detected with pattern '(or '.","","","","0.9","c:\Users\fatih\gdrive\AKU_WorkSpace\survey_fdgit\OISAC_PRISMA_COMST\data\processed_markdowns\O_ISAC_074\O_ISAC_074.md","Endogenous ISAC Enabled Interference Fading Free Sensing via Telecom Training Sequence > I. INTRODUCTION > II. OPERATING PRINCIPLES (L23)"
"C2","reporting format","O_ISAC_013","2025","Single-Ended > 100-km Distributed Vibration Sensor Based on OFDR Using Pearson Correlation Coefficient","Journal of Lightwave Technology","10.1109/JSEN.2025.3554542","Fiber","Experimental","Research","0.6","0.4","Single-Ended > 100-km Distributed Vibration Sensor","amplitude level and number of vibration events, which can be expressed as $$\Delta R = \alpha \sum_{q} \varepsilon_{q} \tag{14}$$ where α is...","Defines/uses metric 'Δr' with specific formula or value.","Δr","","","0.85","c:\Users\fatih\gdrive\AKU_WorkSpace\survey_fdgit\OISAC_PRISMA_COMST\data\processed_markdowns\O_ISAC_013\O_ISAC_013.md","Single-Ended > 100-km Distributed Vibration Sensor Based on OFDR Using Pearson Correlation Coefficient > II. PRINCIPLE > III. NUMERICAL SIMULATION (L194)"
"C2","bounds(CRB/FIM)","O_ISAC_023","2024","Free-Space Optical Integrated Sensing and Communication Based on DCO-OFDM: Performance Metrics and Resource Allocation","","10.1109/ICC51166.2024.10622583].","FSO","Simulation","Research","0.6","0.4","Free-Space Optical Integrated Sensing and Communic","well studied in optical wireless communication, we focus on its sensing performance instead and define its root-mean-square error (RMSE) as $$\varepsilon_D =...","Defines/uses metric 'RMSE' with specific formula or value.","RMSE","","","0.85","c:\Users\fatih\gdrive\AKU_WorkSpace\survey_fdgit\OISAC_PRISMA_COMST\data\processed_markdowns\O_ISAC_023\O_ISAC_023.md","Free-Space Optical Integrated Sensing and Communication Based on DCO-OFDM: Performance Metrics and Resource Allocation > *C. Computational Complexity and Scalability* > D. Robustness to Channel Variations (L748)"
"C2","reporting format","O_ISAC_050","2022","Visible Light Communication-Enabled Simultaneous Position and Orientation Detection for Harnessing Multipath Interference and Random Fading","","10.1109/TITS.2023.3324361","VLC","Simulation","Research","0.6","0.4","A. Simulation Settings","received OFDM signals. Moreover, we adopt the Cramer-Rao lower bound (CRLB) in [70] as a performance benchmark of our method, where TOA...","Defines/uses metric 'Cramér-Rao' with specific formula or value.","Cramér-Rao","","","0.85","c:\Users\fatih\gdrive\AKU_WorkSpace\survey_fdgit\OISAC_PRISMA_COMST\data\processed_markdowns\O_ISAC_050\O_ISAC_050.md","A. Simulation Settings (L537)"
"C2","SNR-OSNR mismatch","O_ISAC_005","2024","Integrated Sensing and Communication for UAV Trajectory Optimization in Mixed FSO-RF Networks in Dynamic Weather Conditions","IEEE Journal","10.1109/JIoT.2024.3399153","FSO","Simulation","Research","0.6","0.2","III. PROBLEM FORMULATION AND RESOURCE ALLOCATION >","MHz. Note that the optical channel sensing is evaluated for two SNR threshold levels, $\Theta_{\rm th}$ , specifically at 10 dB and...","Defines/uses metric 'SNR' with specific formula or value.","SNR","","","0.85","c:\Users\fatih\gdrive\AKU_WorkSpace\survey_fdgit\OISAC_PRISMA_COMST\data\processed_markdowns\O_ISAC_005\O_ISAC_005.md","III. PROBLEM FORMULATION AND RESOURCE ALLOCATION > Algorithm 1: RL for UAV Trajectory Optimization > IV. RESULTS AND SYSTEM PERFORMANCE (L193)"
"C2","SNR-OSNR mismatch","O_ISAC_008","2025","Wide-steering Integrated Sensing and Communication OPA-based Lidar Design with Joint Waveform and Thinned Antenna","OECC/PSC 2025","NR","Other","Simulation","Research","0.6","0.2","**Wide-steering Integrated Sensing and Communicati","the communication RX, the optical power received by PD is -4.43dBm and the SNR is 14dB. Fig. 2. (b-c) shows the waveform...","Defines/uses metric 'SNR' with specific formula or value.","SNR","","","0.85","c:\Users\fatih\gdrive\AKU_WorkSpace\survey_fdgit\OISAC_PRISMA_COMST\data\processed_markdowns\O_ISAC_008\O_ISAC_008.md","**Wide-steering Integrated Sensing and Communication OPA-based Lidar Design with Joint Waveform and Thinned Antenna** > A. Principle of QPSK-FMCW Joint Waveform Design > B. Principle of Thinned Ring Antenna Design > A. ISAC Joint Waveform Evaluation (L69)"
"C2","bounds(CRB/FIM)","O_ISAC_009","2025","Integrated Positioning and Communication Relying on Wireless Optical OFDM","IEEE Journal on Selected Areas in Communications","10.1109/JSAC.2025.3543532","VLC","Simulation","Research","0.6","0.2","*A. Scenarios and Syste","functionality (LoS scenario): Ranging RMSE of VLPC-D-CO-OFDM for LED-User Pair A in LoS-only scenario. The subfigures are (a) M = 64, (b)...","Defines/uses metric 'RMSE' with specific formula or value.","RMSE","","","0.85","c:\Users\fatih\gdrive\AKU_WorkSpace\survey_fdgit\OISAC_PRISMA_COMST\data\processed_markdowns\O_ISAC_009\O_ISAC_009.md","*A. Scenarios and System Description* > A. Simulation Parameters (L510)"
"C2","SNR-OSNR mismatch","O_ISAC_010","2024","High-speed DMT signal and power-over-fiber simultaneous transmission over weakly-coupled multicore Fiber","Journal of Lightwave Technology","10.1109/JLT.2024.3391239","Fiber","Experimental","Research","0.6","0.2","High-speed DMT signal and power-over-fiber simulta","decision forward error correction (SD-FEC) threshold of 2E-2. In addition, the signal-tonoise ratio (SNR) of 50 GBaud is more than 22 dB...","Defines/uses metric 'SNR' with specific formula or value.","SNR","","","0.85","c:\Users\fatih\gdrive\AKU_WorkSpace\survey_fdgit\OISAC_PRISMA_COMST\data\processed_markdowns\O_ISAC_010\O_ISAC_010.md","High-speed DMT signal and power-over-fiber simultaneous transmission over weakly-coupled multicore Fiber > Wei Chen (L69)"
"C2","resolution-vs-RMSE","O_ISAC_011","2024","Retroreflective Optical ISAC Supporting 3D Positioning in Indoor Environments","Optics Letters","NR","RO-ISAC","Simulation","Research","0.6","0.2","C. Principle of sensing","= c\hat{\tau}/2$ , with c represents the speed of light. The range resolution and the maximum ranging distance are respectively given by...","Defines/uses metric 'range resolution' with specific formula or value.","range resolution","","","0.85","c:\Users\fatih\gdrive\AKU_WorkSpace\survey_fdgit\OISAC_PRISMA_COMST\data\processed_markdowns\O_ISAC_011\O_ISAC_011.md","C. Principle of sensing (L73)"
"C2","reporting format","O_ISAC_015","2024","Movable Access Point-Aided Integrated Visible Light Communication and Sensing Networks","IEEE Letters","10.1109/LWC.2024.3521192","VLC","Simulation","Research","0.6","0.2","IV. SIMULATION RESULTS","and sum rate versus priority of communication users. Finally, Fig. 5 shows the trade-off between MI and sum rate for different user...","Defines/uses metric 'trade-off' with specific formula or value.","trade-off","","","0.85","c:\Users\fatih\gdrive\AKU_WorkSpace\survey_fdgit\OISAC_PRISMA_COMST\data\processed_markdowns\O_ISAC_015\O_ISAC_015.md","IV. SIMULATION RESULTS (L186)"
"C2","SNR-OSNR mismatch","O_ISAC_021","2023","Optical Integrated Sensing and Communication: Architectures, Potentials and Challenges","IEEE Journal","10.1109/IOTM.001.2300196","FSO","Simulation","Research","0.6","0.2","Enhancing Sensing Precision > Waveform Design for","Numerical results of O-ISAC based on DCO-OFDM. The SNR is defined as the ratio between the transmitted power and the noise power...","Defines/uses metric 'SNR' with specific formula or value.","SNR","","","0.85","c:\Users\fatih\gdrive\AKU_WorkSpace\survey_fdgit\OISAC_PRISMA_COMST\data\processed_markdowns\O_ISAC_021\O_ISAC_021.md","Enhancing Sensing Precision > Waveform Design for O-ISAC > Pulsed Waveform (L131)"
"C2","reporting format","O_ISAC_022","2022","Joint Visible Light Sensing and Communication Using m-CAP Modulation","IEEE Transactions on Broadcasting","10.1109/TBC.2022.3201649","VLC","Simulation","Research","0.6","0.2","II. SYSTEM INTEREST, AR","$r_i$ are replaced by their estimates $\hat{r}_i$ . The root-mean square (RMS) localization error $\Delta_{\text{RMS}}$ is finally given by: $$\Delta_{\text{RMS}} = \sqrt{(\hat{x}_e...","Defines/uses metric 'localization error' with specific formula or value.","localization error","","","0.85","c:\Users\fatih\gdrive\AKU_WorkSpace\survey_fdgit\OISAC_PRISMA_COMST\data\processed_markdowns\O_ISAC_022\O_ISAC_022.md","II. SYSTEM INTEREST, ARCHITECTURE AND MODELING > D. The Optical Wireless Channel > E. m-CAP Data Transmission Principles > F. RSS-Based Localization Principles (L271)"
"C2","SNR-OSNR mismatch","O_ISAC_025","2024","Optical Transport Network Optimization Supporting Integrated Sensing and Communication Services","Journal/Conference Name","DOI Number","Other","Experimental","Research","0.6","0.2","2. System Architecture > 3. ISAC based transport n","model considers as input sensing streams captured by BSs with SNRs exceeding a predefined SNR threshold (SNRth). SNRth depends on several parameters...","Defines/uses metric 'SNR' with specific formula or value.","SNR","","","0.85","c:\Users\fatih\gdrive\AKU_WorkSpace\survey_fdgit\OISAC_PRISMA_COMST\data\processed_markdowns\O_ISAC_025\O_ISAC_025.md","2. System Architecture > 3. ISAC based transport network optimization (L33)"
"C3","non-comparability","O_ISAC_036","2025","Heterogeneous Integrated III-V-on-SOI Transmitter for 6G FiWi mmWave/FSO Integrated Sensing and Communication","Journal/Conference Name","DOI Number","FSO","Standard","Standard","1.0","0.4","Heterogeneous Integrated III-V-on-SOI Transmitter","# Heterogeneous Integrated III-V-on-SOI Transmitter for 6G FiWi mmWave/FSO Integrated Sensing and Communication Akeem Safiriyu (1) , Maria Vargemidou (2) , Chris...","Explicit fragmentation/siloing statement with cue 'Heterogeneous'.","","","Documents fragmentation in FSO","0.9","c:\Users\fatih\gdrive\AKU_WorkSpace\survey_fdgit\OISAC_PRISMA_COMST\data\processed_markdowns\O_ISAC_036\O_ISAC_036.md","Heterogeneous Integrated III-V-on-SOI Transmitter for 6G FiWi mmWave/FSO Integrated Sensing and Communication (L1)"
"C3","non-comparability","O_ISAC_080","2025","Integrated Communication and In-band Spectrum Polarization-Based Sensing via Fraction-Division Non-Orthogonal Multiple Access","Journal of Lightwave Technology","10.1109/JLT.2025.123456","Fiber","Standard","Standard","1.0","0.4","I. INTRODUCTION","on, attaining vibration localization error equivalent to 8 m. The sensitivity and the limit of detection (LoD) are $5.3 \times 10^{-3}$ rad/...","Explicit fragmentation/siloing statement with cue 'silo'.","","","Documents fragmentation in Fiber","0.9","c:\Users\fatih\gdrive\AKU_WorkSpace\survey_fdgit\OISAC_PRISMA_COMST\data\processed_markdowns\O_ISAC_080\O_ISAC_080.md","I. INTRODUCTION (L27)"
"C3","non-comparability","O_ISAC_082","2025","Signal-Signal Beating Interference: From Destructive to Constructive for Photonic THz Integrated Sensing and Communication System Using Self-Coherent OFDM","IEEE Transactions on Microwave Theory and Techniques","10.1109/TMTT.2025.3638469","Photo-THz","Standard","Standard","1.0","0.4","A. Communication Model > B. Sensing Model","ope detection, the baseband echo signal is processed in parallel by both the matched filter and the nonlinear matched filter. This approach...","Explicit fragmentation/siloing statement with cue 'heterogeneous'.","","","Documents fragmentation in Photo-THz","0.9","c:\Users\fatih\gdrive\AKU_WorkSpace\survey_fdgit\OISAC_PRISMA_COMST\data\processed_markdowns\O_ISAC_082\O_ISAC_082.md","A. Communication Model > B. Sensing Model (L172)"
"C3","siloing","O_ISAC_013","2025","Single-Ended > 100-km Distributed Vibration Sensor Based on OFDR Using Pearson Correlation Coefficient","Journal of Lightwave Technology","10.1109/JSEN.2025.3554542","Fiber","Survey","Survey","0.9","0.4","Single-Ended > 100-km Distributed Vibration Sensor","* located can be expressed as $$I_{\text{test}}(t) = 2E_0^2 \sqrt{R(\tau_{z_i})} \cos\left(2\pi \gamma \tau_{z_i} t + \varphi_{z_i} + \varphi_{\varepsilon}(l_i, t)\right) \\ * \frac{N}{2\pi}...","Explicit fragmentation/siloing statement with cue 'silo'.","","","Documents fragmentation in Fiber","0.9","c:\Users\fatih\gdrive\AKU_WorkSpace\survey_fdgit\OISAC_PRISMA_COMST\data\processed_markdowns\O_ISAC_013\O_ISAC_013.md","Single-Ended > 100-km Distributed Vibration Sensor Based on OFDR Using Pearson Correlation Coefficient > II. PRINCIPLE > *A. Basic Theory of OFDR* (L98)"
"C3","siloing","O_ISAC_032","2024","Temperature Compensation Method for Polarization-Multiplexed Fiber-Optic Vibration Sensing Unit","Journal of Lightwave Technology","10.1109/JSEN.2024.3501256","Fiber","Survey","Survey","0.9","0.4","Temperature Compensation Method for Polarization-M","separate the strain and temperature, giving the measurement results with a temperature accuracy of 0.071 °C and a strain accuracy of $0.45~\mu\varepsilon$...","Explicit fragmentation/siloing statement with cue 'silo'.","","","Documents fragmentation in Fiber","0.9","c:\Users\fatih\gdrive\AKU_WorkSpace\survey_fdgit\OISAC_PRISMA_COMST\data\processed_markdowns\O_ISAC_032\O_ISAC_032.md","Temperature Compensation Method for Polarization-Multiplexed Fiber-Optic Vibration Sensing Unit > I. INTRODUCTION (L29)"
"C3","siloing","O_ISAC_033","2022","Simultaneous Sensing and Communication in Optical Fibers","Journal of Lightwave Technology","10.1109/JLT.2021.3137768","Fiber","Survey","Survey","0.9","0.4","Simultaneous Sensing and Communication in Optical","r the flat region between 5 Hz to 47.6 Hz that is due to ASE noise. Measurand resolution in $\epsilon/\sqrt{\text{Hz}}$ can then...","Explicit fragmentation/siloing statement with cue 'silo'.","","","Documents fragmentation in Fiber","0.9","c:\Users\fatih\gdrive\AKU_WorkSpace\survey_fdgit\OISAC_PRISMA_COMST\data\processed_markdowns\O_ISAC_033\O_ISAC_033.md","Simultaneous Sensing and Communication in Optical Fibers > Introduction > **Event Localization by Data Transponders** > 1,007-km All-Raman Link DAS Monitoring (L47)"
"C3","siloing","O_ISAC_050","2022","Visible Light Communication-Enabled Simultaneous Position and Orientation Detection for Harnessing Multipath Interference and Random Fading","","10.1109/TITS.2023.3324361","VLC","Survey","Survey","0.9","0.4","C. Channel Model > D. Received OFDM Signal Model","e have $$\mathbf{z}_{m}^{(t)} = \mathbf{H}_{m}(\boldsymbol{\beta}_{\mathbf{A}}) \, \mathbf{a}_{m}^{(t)} + \boldsymbol{\epsilon}_{m}^{(t)}, \tag{18}$$ where $\boldsymbol{\beta}_{\mathrm{A}} \in \mathbb{C}^{4L'|\Omega_{\mathrm{R}}|+6} = [\mathbf{x}_{\mathrm{R}}; \mathbf{u}_{","Explicit fragmentation/siloing statement with cue 'silo'.","","","Documents fragmentation in VLC","0.9","c:\Users\fatih\gdrive\AKU_WorkSpace\survey_fdgit\OISAC_PRISMA_COMST\data\processed_markdowns\O_ISAC_050\O_ISAC_050.md","C. Channel Model > D. Received OFDM Signal Model (L184)"
"C3","siloing","O_ISAC_055","2023","Free Space Optical Integrated Sensing and Communication Based on LFM and CPM","IEEE Letters","10.1109/LCOMM.2023.3332658","FSO","Survey","Survey","0.9","0.4","C. CRB for Sensing","of $R_s$ , the CRB for the ToF estimation can be written as $$\operatorname{var}\left(\hat{\tau}_{0}\right) \geq \varepsilon_{\tau_{0}}^{2} = \int_{0}^{\infty} \frac{1}{I_{\tau_{0}}} p_{I}\left(I\right) dI, \tag{14}$$...","Explicit fragmentation/siloing statement with cue 'silo'.","","","Documents fragmentation in FSO","0.9","c:\Users\fatih\gdrive\AKU_WorkSpace\survey_fdgit\OISAC_PRISMA_COMST\data\processed_markdowns\O_ISAC_055\O_ISAC_055.md","C. CRB for Sensing (L147)"
"C3","siloing","O_ISAC_061","2025","Optical Wireless Integrated Sensing and Communication Based on Optical Phased Array: Performance Metric and Optimal Beamforming","IEEE Transactions on Wireless Communications","10.1109/TWC.2025.3559254","FSO","Survey","Survey","0.9","0.4","C. Performance Metric of Sensing Sub-System > IV.","higher probability, the gradient #### Algorithm 1 Barrier Method to Optimize PD Orientations ``` Input: Tolerance \varepsilon_{\phi}, optimization rounds N_d. Output: Optimal...","Explicit fragmentation/siloing statement with cue 'silo'.","","","Documents fragmentation in FSO","0.9","c:\Users\fatih\gdrive\AKU_WorkSpace\survey_fdgit\OISAC_PRISMA_COMST\data\processed_markdowns\O_ISAC_061\O_ISAC_061.md","C. Performance Metric of Sensing Sub-System > IV. OPTIMAL BEAMFORMING FOR OW-ISAC > A. Problem Formulation for Joint Optimization > Algorithm 1 Barrier Method to Optimize PD Orientations (L475)"
"C3","siloing","O_ISAC_062","2024","6-DoF Location-and-Pose Estimation Toward Integrated Visible Light Communication and Sensing: Algorithm Design and Performance Limits","IEEE Transactions on Signal Processing","10.1109/TSP.2024.3383285","VLC","Survey","Survey","0.9","0.4","6-DoF Location-and-Pose Estimation Toward Integrat","$\mathbf{z}_{n,m,k}^{(\kappa)} = \sum_{l=0:L'} \mathbf{a}_{m,k}^{(\kappa)} \alpha'_{l,n,m} \exp\left(-\mathbf{j}2\pi f_{m,k} \tau_{l,n,m}\right) + \epsilon_{n,m,k}^{(\kappa)},$$ where $\epsilon_{n,m,k}^{(\kappa)}$ is the noise, $f_{k,m}$ is the kth-subcarrier's baseband frequency of...","Explicit fragmentation/siloing statement with cue 'silo'.","","","Documents fragmentation in VLC","0.9","c:\Users\fatih\gdrive\AKU_WorkSpace\survey_fdgit\OISAC_PRISMA_COMST\data\processed_markdowns\O_ISAC_062\O_ISAC_062.md","6-DoF Location-and-Pose Estimation Toward Integrated Visible Light Communication and Sensing: Algorithm Design and Performance Limits > A. Research Motivation > II. SYSTEM MODEL > C. Received Signal Model (L199)"
"C3","non-comparability","O_ISAC_041","2024","Co-Route Fiber Recognition and Status Diagnosis Based on Integrated Sensing and Communication in 6G Transport Networks","IEEE Journal","10.1109/JIOT.2024.3414863","Fiber","Other","Research","0.6","0.6","REFERENCES","*, vol. 9, no. 3, pp. 2014–2024, Feb. 2022. - [\[8\]](#page-0-4) Q. Yao et al., ""Federated transfer learning framework for heterogeneous edge...","Explicit fragmentation/siloing statement with cue 'heterogeneous'.","","","Documents fragmentation in Fiber","0.9","c:\Users\fatih\gdrive\AKU_WorkSpace\survey_fdgit\OISAC_PRISMA_COMST\data\processed_markdowns\O_ISAC_041\O_ISAC_041.md","REFERENCES (L432)"
"C3","siloing","O_ISAC_005","2024","Integrated Sensing and Communication for UAV Trajectory Optimization in Mixed FSO-RF Networks in Dynamic Weather Conditions","IEEE Journal","10.1109/JIoT.2024.3399153","FSO","Experimental","Research","0.6","0.4","I. INTRODUCTION > II. SYSTEM MODEL > A. FSO Backha","$h_{\rm m}$ . The path loss (PL) for the LoS and NLoS links can be expressed as [14] $$\begin{cases} \mathcal{L}_{\mathrm{m}k}^{\mathrm{LoS}} = \Upsilon_{1}...","Explicit fragmentation/siloing statement with cue 'silo'.","","","Documents fragmentation in FSO","0.9","c:\Users\fatih\gdrive\AKU_WorkSpace\survey_fdgit\OISAC_PRISMA_COMST\data\processed_markdowns\O_ISAC_005\O_ISAC_005.md","I. INTRODUCTION > II. SYSTEM MODEL > A. FSO Backhaul Communication > C. UAV-User Communication (L70)"
"C4","interoperability gap","O_ISAC_068","2023","Joint Communication and Sensing Prospects: Potential Through Visible Light","Journal/Conference","DOI:10.1109/ACCESS.2023.3294091","VLC","Simulation","Research","0.8","0.8","IV. OUTLOOK AND CONCLUSIONS","standardization efforts and regulatory frameworks for facilitating the deployment and interoperability of JCSenabled systems in commercial and industrial settings are necessary to...","Strategic section discusses 'interoperability' indicating cross-domain transfer issue.","","","Discusses 'interoperability' in VLC","0.85","c:\Users\fatih\gdrive\AKU_WorkSpace\survey_fdgit\OISAC_PRISMA_COMST\data\processed_markdowns\O_ISAC_068\O_ISAC_068.md","IV. OUTLOOK AND CONCLUSIONS (L147)"
"C4","interoperability gap","O_ISAC_161","2025","ISAC Transceiver Hardware Architectures, Technologies, and Trends","IEEE J-STAEQ","10.1109/JSTEAP.2025.3610564","Photo-THz","Experimental","Research","0.8","0.6","**CHALLENGES AND FUTURE RESEARCH DIRECTIONS** > **","methodologies are ongoing, the lack of industry-wide consensus remains a significant barrier to interoperability and certification across sectors [125]. Research into modular...","Strategic section discusses 'interoperability' indicating cross-domain transfer issue.","","","Discusses 'interoperability' in Photo-THz","0.85","c:\Users\fatih\gdrive\AKU_WorkSpace\survey_fdgit\OISAC_PRISMA_COMST\data\processed_markdowns\O_ISAC_161\O_ISAC_161.md","**CHALLENGES AND FUTURE RESEARCH DIRECTIONS** > **Hardware Miniaturization and Cost** > **Interference Management** > Scalability to Mass Markets (L596)"
"C4","cross-modality mismatch","O_ISAC_002","2025","Photonic Terahertz Integrated Sensing and Communication (ISAC) Systems","Journal of Lightwave Technology","NR","Photo-THz","Experimental","Research","0.8","0.4","**Photonic Terahertz Integrated Sensing and Commun","multi-dimensional multiplexing, challenges remain, including high hardware costs and a lack of additional integration gains [5-6]. These issues limit the synergy between...","Strategic section discusses 'lack of' indicating cross-domain transfer issue.","","","Discusses 'lack of' in Photo-THz","0.85","c:\Users\fatih\gdrive\AKU_WorkSpace\survey_fdgit\OISAC_PRISMA_COMST\data\processed_markdowns\O_ISAC_002\O_ISAC_002.md","**Photonic Terahertz Integrated Sensing and Communication (ISAC) Systems** > **1. Introduction** (L13)"
"C4","cross-modality mismatch","O_ISAC_009","2025","Integrated Positioning and Communication Relying on Wireless Optical OFDM","IEEE Journal on Selected Areas in Communications","10.1109/JSAC.2025.3543532","VLC","Simulation","Research","0.8","0.4","Integrated Positioning","highresolution sensing requires a large bandwidth, which may not be available in the fragmented RF spectrum. By contrast, the bandwidths available in...","Strategic section discusses 'fragmented' indicating cross-domain transfer issue.","","","Discusses 'fragmented' in VLC, mentions Photo-THz","0.85","c:\Users\fatih\gdrive\AKU_WorkSpace\survey_fdgit\OISAC_PRISMA_COMST\data\processed_markdowns\O_ISAC_009\O_ISAC_009.md","Integrated Positioning and Communication Relying on Wireless Optical OFDM > I. INTRODUCTION (L23)"
"C4","cross-modality mismatch","O_ISAC_067","2024","Measurement-based Validation of Ray-tracing Model at sub-THz for ISAC Applications of Blockage in Industrial Scenario","18th European Conference on Antennas and Propagation (EuCAP 2024)","NR","Photo-THz","Experimental","Research","0.8","0.4","1 Introduction","of the art on measurements at (sub-)THz is still rudimentary. Because of the lack of antenna arrays, usually the angular information of...","Strategic section discusses 'lack of' indicating cross-domain transfer issue.","","","Discusses 'lack of' in Photo-THz","0.85","c:\Users\fatih\gdrive\AKU_WorkSpace\survey_fdgit\OISAC_PRISMA_COMST\data\processed_markdowns\O_ISAC_067\O_ISAC_067.md","1 Introduction (L17)"
"C4","cross-modality mismatch","O_ISAC_188","2025","Endogenous Integration of Communication and Interference Fading Free Sensing Using Telecom Pilots via Joint Polarization-Fraction Domain Multiplexing","Optics Express","Not Reported","Fiber","Experimental","Research","0.8","0.4","**1. Introduction**","frequency response [\[20\]](#page-13-5). However, the pilots need three spectral gaps to be located in, which is preferable in digital subcarrier multiplexing. In...","Strategic section discusses 'gap' indicating cross-domain transfer issue.","","","Discusses 'gap' in Fiber","0.85","c:\Users\fatih\gdrive\AKU_WorkSpace\survey_fdgit\OISAC_PRISMA_COMST\data\processed_markdowns\O_ISAC_188\O_ISAC_188.md","**1. Introduction** (L25)"
"C4","cross-modality mismatch","O_ISAC_202","2025","Integrated Optical Covert Sensing and Communication","Chinese Optics Letters","10.3788/COL202523.020602","Fiber","Experimental","Research","0.8","0.4","Integrated optical covert sensing and communicatio","the photonic layer[8-11]. Unfortunately, these two security measures operate independently and thus need separate deployment of intrusion detection systems and information safeguarding...","Strategic section discusses 'independently' indicating cross-domain transfer issue.","","","Discusses 'independently' in Fiber","0.85","c:\Users\fatih\gdrive\AKU_WorkSpace\survey_fdgit\OISAC_PRISMA_COMST\data\processed_markdowns\O_ISAC_202\O_ISAC_202.md","Integrated optical covert sensing and communication > 1. Introduction (L15)"
"C4","interoperability gap","O_ISAC_059","2024","Terrestrial and Non-Terrestrial Networks for Integrated Sensing and Communication","IEEE International Mediterranean Conference on Communications and Networking","10.1109/MeditCom54998.2024.10118911","Photo-THz","Simulation","Research","0.6","0.6","I. INTRODUCTION > V. TN-NTN ARCHITECTURES TO ANALY","been addressed yet and convergence and interoperability remain critical gaps to be further investigated. In Fig. 3 a two-layer control system is...","Strategic section discusses 'gap' indicating cross-domain transfer issue.","","","Discusses 'gap' in Photo-THz","0.85","c:\Users\fatih\gdrive\AKU_WorkSpace\survey_fdgit\OISAC_PRISMA_COMST\data\processed_markdowns\O_ISAC_059\O_ISAC_059.md","I. INTRODUCTION > V. TN-NTN ARCHITECTURES TO ANALYZE SENSING DATA (L94)"
"C4","cross-modality mismatch","O_ISAC_007","2024","Miniaturized optical fiber displacement probe with large-collection-angle","Measurement","NR","Fiber","Simulation","Research","0.6","0.4","I. INTRODUCTION > II. PRINCIPLE","probe. ### II. PRINCIPLE The sensing probe consists of Single Mode Fiber (SMF), air gap, Gradient-Index lenses (GRIN-lens), and single lens with...","Strategic section discusses 'gap' indicating cross-domain transfer issue.","","","Discusses 'gap' in Fiber","0.85","c:\Users\fatih\gdrive\AKU_WorkSpace\survey_fdgit\OISAC_PRISMA_COMST\data\processed_markdowns\O_ISAC_007\O_ISAC_007.md","I. INTRODUCTION > II. PRINCIPLE (L23)"
"C4","cross-modality mismatch","O_ISAC_019","2023","Full-duplex Integrated Sensing and Communication System Based on Microwave Photonics","Journal/Conference","DOI:10.1109/JOURNAL.2023.3265234","Fiber","Experimental","Research","0.6","0.4","Full-duplex Integrated Sensing and Communication S","demultiplexer into N channels and injected into an optical delay time network unit. This unit independently adjusts the delay of each channel,...","Strategic section discusses 'independently' indicating cross-domain transfer issue.","","","Discusses 'independently' in Fiber","0.85","c:\Users\fatih\gdrive\AKU_WorkSpace\survey_fdgit\OISAC_PRISMA_COMST\data\processed_markdowns\O_ISAC_019\O_ISAC_019.md","Full-duplex Integrated Sensing and Communication System Based on Microwave Photonics > I. INTRODUCTION > II. PRINCIPLE > A. Downlink (L49)"
"C4","cross-modality mismatch","O_ISAC_022","2022","Joint Visible Light Sensing and Communication Using m-CAP Modulation","IEEE Transactions on Broadcasting","10.1109/TBC.2022.3201649","VLC","Simulation","Research","0.6","0.4","Joint Visible Light Sensing and Communication Usin","strong interest over the past years, but they have generally been treated separately so that only a few works have been focused...","Strategic section discusses 'separately' indicating cross-domain transfer issue.","","","Discusses 'separately' in VLC","0.85","c:\Users\fatih\gdrive\AKU_WorkSpace\survey_fdgit\OISAC_PRISMA_COMST\data\processed_markdowns\O_ISAC_022\O_ISAC_022.md","Joint Visible Light Sensing and Communication Using *m*-CAP Modulation > I. INTRODUCTION (L37)"
"C4","cross-modality mismatch","O_ISAC_030","2025","ReflexGest: Recognizing Hand Gestures Under VLC-Capable Lamps","IEEE Transactions on Mobile Computing","10.1109/TMC.2025.3545340","VLC","Experimental","Research","0.6","0.4","V. RELATED WORK AND DISCUSSIONS","user's hand trajectory. Widar3.0 [18] extracts body velocity profiles to realize cross-domain HGR, where the domain refers to specific body orientation. However,...","Strategic section discusses 'cross-domain' indicating cross-domain transfer issue.","","","Discusses 'cross-domain' in VLC","0.85","c:\Users\fatih\gdrive\AKU_WorkSpace\survey_fdgit\OISAC_PRISMA_COMST\data\processed_markdowns\O_ISAC_030\O_ISAC_030.md","V. RELATED WORK AND DISCUSSIONS (L298)"
"C5","benchmark suite need","O_ISAC_039","2022","Visible Light Integrated Positioning and Communication: A Multi-Task Federated Learning Framework","IEEE Transactions on Mobile Computing","10.1109/TMC.2022.3207164","VLC","Simulation","Overview","0.85","0.2","6.2 Channel and Position Estimation Performance of","proposed MTL-based network is evaluated, which is compared with the state-of-the-art benchmarks, such as the traditional least squares (LS) method with linear...","Discusses 'benchmark' in context of need/lack/proposal.","","","","0.85","c:\Users\fatih\gdrive\AKU_WorkSpace\survey_fdgit\OISAC_PRISMA_COMST\data\processed_markdowns\O_ISAC_039\O_ISAC_039.md","6.2 Channel and Position Estimation Performance of the MTL-Based Network (L612)"
"C5","unified PHY need","O_ISAC_082","2025","Signal-Signal Beating Interference: From Destructive to Constructive for Photonic THz Integrated Sensing and Communication System Using Self-Coherent OFDM","IEEE Transactions on Microwave Theory and Techniques","10.1109/TMTT.2025.3638469","Photo-THz","Experimental","Research","0.8","0.2","REFERENCES","""Integrated sensing and communication channel modeling and measurements: Requirements and methodologies toward 6G standardization,"" *IEEE Veh. Technol. Mag.*, vol. 19, no. 2,...","Discusses 'standardization' in context of need/lack/proposal.","","","","0.85","c:\Users\fatih\gdrive\AKU_WorkSpace\survey_fdgit\OISAC_PRISMA_COMST\data\processed_markdowns\O_ISAC_082\O_ISAC_082.md","REFERENCES (L273)"
"C5","unified PHY need","O_ISAC_161","2025","ISAC Transceiver Hardware Architectures, Technologies, and Trends","IEEE J-STAEQ","10.1109/JSTEAP.2025.3610564","Photo-THz","Experimental","Research","0.8","0.2","**CHALLENGES AND FUTURE RESEARCH DIRECTIONS** > **","scalable, commercially viable solutions requires overcoming challenges related to manufacturability, reliability, and standardization. Many existing ISAC implementations depend on customized components, specialized...","Discusses 'standardization' in context of need/lack/proposal.","","","","0.85","c:\Users\fatih\gdrive\AKU_WorkSpace\survey_fdgit\OISAC_PRISMA_COMST\data\processed_markdowns\O_ISAC_161\O_ISAC_161.md","**CHALLENGES AND FUTURE RESEARCH DIRECTIONS** > **Hardware Miniaturization and Cost** > **Interference Management** > Scalability to Mass Markets (L594)"
"C5","unified PHY need","O_ISAC_327","2024","Channel Characterization and Modeling for VLC-IoE Applications in 6G: A Survey","IEEE Internet of Things Journal","10.1109/JIOT.2024.3430326","VLC","Simulation","Research","0.8","0.2","II. VLC CHANNEL MODELI","to support the evaluation of VLC-IoE systems in 6G standardization work, a standard VLC channel model is needed, which follows the modeling...","Discusses 'standardization' in context of need/lack/proposal.","","","","0.85","c:\Users\fatih\gdrive\AKU_WorkSpace\survey_fdgit\OISAC_PRISMA_COMST\data\processed_markdowns\O_ISAC_327\O_ISAC_327.md","II. VLC CHANNEL MODELING METHODS > *B. VLC Channel Modeling Based on Stochastic Theory* > *C. Summary and Prospects* (L198)"
"C5","unified PHY need","O_ISAC_001","2025","Modulation Strategies for Robust Optical Wireless Communications and Sensing in 6G","IEEE Journal","10.1109/COMST.2025.3577779","VLC","Standard","Standard","1.0","0.0","References/Body","trategies for Robust Optical Wireless Communications and Sensing in 6G Bruno M.S.R. Rosmaninho Instituto de Telecomunicações and Department of Electrical and Computer...","Standard/specification provides normative guidance.","","","","0.8","c:\Users\fatih\gdrive\AKU_WorkSpace\survey_fdgit\OISAC_PRISMA_COMST\data\processed_markdowns\O_ISAC_001\O_ISAC_001.md","Body (L1-100)"
"C5","unified PHY need","O_ISAC_014","2024","Experimental Demonstration of Power over Fiber for Power Grid Application","Journal of Lightwave Technology","NR","Fiber","Standard","Standard","1.0","0.0","References/Body","2,3* 1Guangzhou Power Supply Bureau,Guangdong Power Grid Co,Lid, Guangzhou, China 2 Institute of Advanced Photonics Technology, School of Information Engineering, Guangdong University...","Standard/specification provides normative guidance.","","","","0.8","c:\Users\fatih\gdrive\AKU_WorkSpace\survey_fdgit\OISAC_PRISMA_COMST\data\processed_markdowns\O_ISAC_014\O_ISAC_014.md","Body (L1-100)"
"C5","unified PHY need","O_ISAC_025","2024","Optical Transport Network Optimization Supporting Integrated Sensing and Communication Services","Journal/Conference Name","DOI Number","Other","Standard","Standard","1.0","0.0","References/Body","maging and environment reconstruction. This potential has already attracted a lot of attention from 3GPP, which has initiated a preliminary study on...","Standard/specification provides normative guidance.","","","","0.8","c:\Users\fatih\gdrive\AKU_WorkSpace\survey_fdgit\OISAC_PRISMA_COMST\data\processed_markdowns\O_ISAC_025\O_ISAC_025.md","Body (L1-100)"
"C5","unified PHY need","O_ISAC_028","2023","Performance Improvement for Symmetric Carrierassisted Differential Detection Receiver by Pairwise Coding","Journal of Lightwave Technology","10.1109/JLT.2023.3265621","Fiber","Standard","Standard","1.0","0.0","References/Body","ing Zihua Huang, Jianping Li\*, Xinkuo Yu, Jianqing He, Yuwen Qin, Meng Xiang, and Songnian Fu Institute of Advanced Photonics Technology, School...","Standard/specification provides normative guidance.","","","","0.8","c:\Users\fatih\gdrive\AKU_WorkSpace\survey_fdgit\OISAC_PRISMA_COMST\data\processed_markdowns\O_ISAC_028\O_ISAC_028.md","Body (L1-100)"
"C5","unified PHY need","O_ISAC_036","2025","Heterogeneous Integrated III-V-on-SOI Transmitter for 6G FiWi mmWave/FSO Integrated Sensing and Communication","Journal/Conference Name","DOI Number","FSO","Standard","Standard","1.0","0.0","References/Body","Sensing and Communication (ISAC) functions in 6G, which are standardized by NextG, 6G-IA, ETSI and 3GPP alliances [3] – [6]. Recent roadmaps...","Standard/specification provides normative guidance.","","","","0.8","c:\Users\fatih\gdrive\AKU_WorkSpace\survey_fdgit\OISAC_PRISMA_COMST\data\processed_markdowns\O_ISAC_036\O_ISAC_036.md","Body (L1-100)"
"C5","unified PHY need","O_ISAC_046","2024","Co-wavelength-channel Integration of Ultra-lowfrequency Distributed Acoustic Sensing and High-Capacity Communication","Journal of Lightwave Technology","10.1109/JLT.2024.3391234","Fiber","Standard","Standard","1.0","0.0","References/Body","ei Sun(4) , Jun Yang(1,2,3) , Songnian Fu(1,2,3) , Yuncai Wang(1,2,3) , Yuwen Qin(1,2,3) - (1) Institute of Advanced Photonics Technology, School...","Standard/specification provides normative guidance.","","","","0.8","c:\Users\fatih\gdrive\AKU_WorkSpace\survey_fdgit\OISAC_PRISMA_COMST\data\processed_markdowns\O_ISAC_046\O_ISAC_046.md","Body (L1-100)"
"C5","unified PHY need","O_ISAC_047","2025","Zero-Padding 2D-DFT Scheme for Photonics-Assisted W-Band Fiber-Wireless ISAC System With Orthogonal Time Frequency Space Modulation","Journal of Lightwave Technology","10.1109/JLT.2025.3602312","Photo-THz","Standard","Standard","1.0","0.0","References/Body","PRBS) is generated as the original bit information. The PRBS is then mapped to Q-ary quadrature amplitude modulation symbols (QAM Mapping) with...","Standard/specification provides normative guidance.","","","","0.8","c:\Users\fatih\gdrive\AKU_WorkSpace\survey_fdgit\OISAC_PRISMA_COMST\data\processed_markdowns\O_ISAC_047\O_ISAC_047.md","Body (L1-100)"
"C5","unified PHY need","O_ISAC_053","2021","Integrated Sensing and Communication in the Visible Spectral Range: A Novel Closed Loop Controller","Journal/Conference","DOI","VLC","Standard","Standard","1.0","0.0","References/Body","tral Range: A Novel Closed Loop Controller Christian Fragner, Andreas P. Weiss, Franz P. Wenzl Institute for Surface Technologies and Photonics JOANNEUM...","Standard/specification provides normative guidance.","","","","0.8","c:\Users\fatih\gdrive\AKU_WorkSpace\survey_fdgit\OISAC_PRISMA_COMST\data\processed_markdowns\O_ISAC_053\O_ISAC_053.md","Body (L1-100)"
"C4","cross-modality mismatch","O_ISAC_033","2022","Simultaneous Sensing and Communication in Optical Fibers","Journal of Lightwave Technology","10.1109/JLT.2021.3137768","Fiber","Experimental","Research","0.6","0.4","Simultaneous Sensing and Communication in Optical","distributed fiber optic sensing (DFOS) methods rely on back-scatter and are incompatible with existing inline amplifiers with optical isolators. It is furthermore...","Strategic section discusses 'incompatible' indicating cross-domain transfer issue.","","","Discusses 'incompatible' in Fiber","0.85","c:\Users\fatih\gdrive\AKU_WorkSpace\survey_fdgit\OISAC_PRISMA_COMST\data\processed_markdowns\O_ISAC_033\O_ISAC_033.md","Simultaneous Sensing and Communication in Optical Fibers > Introduction (L13)"
"C4","cross-modality mismatch","O_ISAC_036","2025","Heterogeneous Integrated III-V-on-SOI Transmitter for 6G FiWi mmWave/FSO Integrated Sensing and Communication","Journal/Conference Name","DOI Number","FSO","Experimental","Research","0.6","0.4","Heterogeneous Integrated III-V-on-SOI Transmitter","fully integrated PIC transmitter that meets all ISAC KPIs. This work draws from latest heterogeneous integrations of compact III-V-on-SOI PICs for telecom...","Strategic section discusses 'heterogeneous' indicating cross-domain transfer issue.","","","Discusses 'heterogeneous' in FSO","0.85","c:\Users\fatih\gdrive\AKU_WorkSpace\survey_fdgit\OISAC_PRISMA_COMST\data\processed_markdowns\O_ISAC_036\O_ISAC_036.md","Heterogeneous Integrated III-V-on-SOI Transmitter for 6G FiWi mmWave/FSO Integrated Sensing and Communication > **Introduction** (L17)"
"C4","cross-modality mismatch","O_ISAC_039","2022","Visible Light Integrated Positioning and Communication: A Multi-Task Federated Learning Framework","IEEE Transactions on Mobile Computing","10.1109/TMC.2022.3207164","VLC","Simulation","Research","0.6","0.4","Visible Light Integrated Positioning and Communica","the VLP and VLC systems are usually designed separately. The potential mutual benefits between positioning and communication have not been utilized effectively....","Strategic section discusses 'separately' indicating cross-domain transfer issue.","","","Discusses 'separately' in VLC","0.85","c:\Users\fatih\gdrive\AKU_WorkSpace\survey_fdgit\OISAC_PRISMA_COMST\data\processed_markdowns\O_ISAC_039\O_ISAC_039.md","Visible Light Integrated Positioning and Communication: A Multi-Task Federated Learning Framework > 1 Introduction (L25)"
"C4","cross-modality mismatch","O_ISAC_042","2024","High-efficiency ISAC to enable sub-meter level vibration sensing for coherent fiber networks","Journal of Optical Communications and Networking","NR","Fiber","Experimental","Research","0.6","0.4","High-efficiency ISAC to enable sub-meter level vib","integrated sensing and communication (ISAC) systems, sensing and communication actually run independently and only the optical fiber is shared. Moreover, dedicated channels...","Strategic section discusses 'independently' indicating cross-domain transfer issue.","","","Discusses 'independently' in Fiber","0.85","c:\Users\fatih\gdrive\AKU_WorkSpace\survey_fdgit\OISAC_PRISMA_COMST\data\processed_markdowns\O_ISAC_042\O_ISAC_042.md","High-efficiency ISAC to enable sub-meter level vibration sensing for coherent fiber networks > 1. Introduction (L11)"
"C4","cross-modality mismatch","O_ISAC_050","2022","Visible Light Communication-Enabled Simultaneous Position and Orientation Detection for Harnessing Multipath Interference and Random Fading","","10.1109/TITS.2023.3324361","VLC","Simulation","Research","0.6","0.4","Visible Light Communica","interference of diffuse scattering is seldom considered. Hence, it is desired to bridge the gap between VLC-based SPAO and OFDM, in order...","Strategic section discusses 'gap' indicating cross-domain transfer issue.","","","Discusses 'gap' in VLC","0.85","c:\Users\fatih\gdrive\AKU_WorkSpace\survey_fdgit\OISAC_PRISMA_COMST\data\processed_markdowns\O_ISAC_050\O_ISAC_050.md","Visible Light Communication-Enabled Simultaneous Position and Orientation Detection for Harnessing Multipath Interference and Random Fading > I. INTRODUCTION > A. Research Motivation (L37)"
"C4","cross-modality mismatch","O_ISAC_058","2024","Photonic-Based Flexible Integrated Sensing and Communication With Multiple Targets Detection Capability for W-Band Fiber-Wireless Network","IEEE Transactions on Microwave Theory and Techniques","10.1109/TMTT.2024.3355936","Photo-THz","Experimental","Research","0.6","0.4","Photonic-Based Flexible Integrated Sensing and Com","where *fM* can be expressed as *fM* = *f*IF + *f*GAP + *Bc*. The modulated optical signal is transmitted through optical fiber...","Strategic section discusses 'gap' indicating cross-domain transfer issue.","","","Discusses 'gap' in Photo-THz, mentions Fiber","0.85","c:\Users\fatih\gdrive\AKU_WorkSpace\survey_fdgit\OISAC_PRISMA_COMST\data\processed_markdowns\O_ISAC_058\O_ISAC_058.md","Photonic-Based Flexible Integrated Sensing and Communication With Multiple Targets Detection Capability for *W*-Band Fiber-Wireless Network > I. INTRODUCTION > II. PRINCIPLE (L128)"
"C4","cross-modality mismatch","O_ISAC_062","2024","6-DoF Location-and-Pose Estimation Toward Integrated Visible Light Communication and Sensing: Algorithm Design and Performance Limits","IEEE Transactions on Signal Processing","10.1109/TSP.2024.3383285","VLC","Simulation","Research","0.6","0.4","6-DoF Location-and-Pose Estimation Toward Integrat","OFDM VLC-enabled SLAP detection algorithm is proposed to address this problem, via cross-domain cooperation between ""VLC"" and ""sensing"", where the 3D UD...","Strategic section discusses 'cross-domain' indicating cross-domain transfer issue.","","","Discusses 'cross-domain' in VLC","0.85","c:\Users\fatih\gdrive\AKU_WorkSpace\survey_fdgit\OISAC_PRISMA_COMST\data\processed_markdowns\O_ISAC_062\O_ISAC_062.md","6-DoF Location-and-Pose Estimation Toward Integrated Visible Light Communication and Sensing: Algorithm Design and Performance Limits > *B. Result Analysis* > VI. CONCLUSION (L820)"
"C4","cross-modality mismatch","O_ISAC_065","2023","THz-Over-Fiber System With Orthogonal Chirp Division Multiplexing for Integrated Sensing and Communication","IEEE Journal of Lightwave Technology","10.1109/JLT.2023.3311645","Photo-THz","Experimental","Research","0.6","0.4","V. CONCLUSION > REFERENCES","K. R. Chowdhury, ""Beyond 5G: THz-based medium access protocol for mobile heterogeneous networks,"" *IEEE Commun. Mag.*, vol. 56, no. 6, pp. 110–115,...","Strategic section discusses 'heterogeneous' indicating cross-domain transfer issue.","","","Discusses 'heterogeneous' in Photo-THz","0.85","c:\Users\fatih\gdrive\AKU_WorkSpace\survey_fdgit\OISAC_PRISMA_COMST\data\processed_markdowns\O_ISAC_065\O_ISAC_065.md","V. CONCLUSION > REFERENCES (L253)"
"C4","cross-modality mismatch","O_ISAC_074","2025","Endogenous ISAC Enabled Interference Fading Free Sensing via Telecom Training Sequence","OECC/PSC","NR","Fiber","Experimental","Research","0.6","0.4","Endogenous ISAC Enabled Interference Fading Free S","seven-core fiber cable [4]. However, in these methods, sensing and communication operate independently, sharing only the fiber resource. To enable cooperative function...","Strategic section discusses 'independently' indicating cross-domain transfer issue.","","","Discusses 'independently' in Fiber","0.85","c:\Users\fatih\gdrive\AKU_WorkSpace\survey_fdgit\OISAC_PRISMA_COMST\data\processed_markdowns\O_ISAC_074\O_ISAC_074.md","Endogenous ISAC Enabled Interference Fading Free Sensing via Telecom Training Sequence > I. INTRODUCTION (L17)"
"C1","aliasing","O_ISAC_075","2025","Flexible Waveform Design for RO-ISAC Based on OFDM-Embedded Maximum Length Sequence","IEEE Letters","10.1109/LWC.2025.3593253","RO-ISAC","Experimental","Research","0.6","0.4","Flexible Waveform Design for RO-ISAC Based on OFDM","so on [12], [13], [14]. Among them, MLS, which is also known as m-sequence, has been widely applied in various sensing systems...","Explicit terminology aliasing detected with pattern 'also known as'.","","also known as","","0.9","c:\Users\fatih\gdrive\AKU_WorkSpace\survey_fdgit\OISAC_PRISMA_COMST\data\processed_markdowns\O_ISAC_075\O_ISAC_075.md","Flexible Waveform Design for RO-ISAC Based on OFDM-Embedded Maximum Length Sequence > I. Introduction (L29)"
"C4","cross-modality mismatch","O_ISAC_077","2023","THz-over-fiber system with orthogonal chirp division multiplexing for integrated sensing and communication","Journal of Lightwave Technology","10.1109/JLT.2023.3265625","Photo-THz","Experimental","Research","0.6","0.4","V. CONCLUSION > REFERENCES","K. R. Chowdhury, ""Beyond 5G: THz-based medium access protocol for mobile heterogeneous networks,"" IEEE Commun. Mag., vol. 56, pp. 110–115, June 2018....","Strategic section discusses 'heterogeneous' indicating cross-domain transfer issue.","","","Discusses 'heterogeneous' in Photo-THz","0.85","c:\Users\fatih\gdrive\AKU_WorkSpace\survey_fdgit\OISAC_PRISMA_COMST\data\processed_markdowns\O_ISAC_077\O_ISAC_077.md","V. CONCLUSION > REFERENCES (L123)"
"C1","inconsistent labels","O_ISAC_080","2025","Integrated Communication and In-band Spectrum Polarization-Based Sensing via Fraction-Division Non-Orthogonal Multiple Access","Journal of Lightwave Technology","10.1109/JLT.2025.123456","Fiber","Experimental","Research","0.6","0.4","I. INTRODUCTION > II. PRINCIPLE > A. Brief Introdu","of chirp signal is intrinsically governed by the rotation angle $\alpha$ (or equivalently, the transform order p). Critically, for a chirp signal...","Explicit terminology aliasing detected with pattern '(or '.","","","","0.9","c:\Users\fatih\gdrive\AKU_WorkSpace\survey_fdgit\OISAC_PRISMA_COMST\data\processed_markdowns\O_ISAC_080\O_ISAC_080.md","I. INTRODUCTION > II. PRINCIPLE > A. Brief Introduction of FrFT (L52)"
"C4","cross-modality mismatch","O_ISAC_082","2025","Signal-Signal Beating Interference: From Destructive to Constructive for Photonic THz Integrated Sensing and Communication System Using Self-Coherent OFDM","IEEE Transactions on Microwave Theory and Techniques","10.1109/TMTT.2025.3638469","Photo-THz","Experimental","Research","0.6","0.4","Signal-Signal Beating Interference: From Destructi","both the time and frequency domains with the original signal. This method creates a heterogeneous sensing channel in the digital domain, allowing...","Strategic section discusses 'heterogeneous' indicating cross-domain transfer issue.","","","Discusses 'heterogeneous' in Photo-THz","0.85","c:\Users\fatih\gdrive\AKU_WorkSpace\survey_fdgit\OISAC_PRISMA_COMST\data\processed_markdowns\O_ISAC_082\O_ISAC_082.md","Signal-Signal Beating Interference: From Destructive to Constructive for Photonic THz Integrated Sensing and Communication System Using Self-Coherent OFDM > I. Introduction (L35)"
"C4","cross-modality mismatch","O_ISAC_089","2023","Free Space Optical Communication for Inter-Satellite Link: Architecture, Potentials and Trends","IEEE Communications Magazine","10.1109/MCOM.002.2300024","FSO","Simulation","Research","0.6","0.4","Future Trends andOpen Issues > HeterogeneousNetwor","different quality of service for various tasks. Moreover, when one part of the heterogeneous network is heavily loaded or unstable, others can...","Strategic section discusses 'heterogeneous' indicating cross-domain transfer issue.","","","Discusses 'heterogeneous' in FSO","0.85","c:\Users\fatih\gdrive\AKU_WorkSpace\survey_fdgit\OISAC_PRISMA_COMST\data\processed_markdowns\O_ISAC_089\O_ISAC_089.md","Future Trends andOpen Issues > HeterogeneousNetwork Convergence (L141)"
"C4","cross-modality mismatch","O_ISAC_093","2025","Multi-Modal Integrated Sensing and Communication in Internet of Things With Large Language Models","IEEE","10.1109/MIOT.2025.3575888","VLC","Simulation","Research","0.6","0.4","Multi-Modal Integrated Sensing and Communication i","on extensive annotated datasets and swiftly adapt to new tasks. Their crossdomain learning and efficient reasoning outperform This work was supported by...","Strategic section discusses 'cross-domain' indicating cross-domain transfer issue.","","","Discusses 'cross-domain' in VLC","0.85","c:\Users\fatih\gdrive\AKU_WorkSpace\survey_fdgit\OISAC_PRISMA_COMST\data\processed_markdowns\O_ISAC_093\O_ISAC_093.md","Multi-Modal Integrated Sensing and Communication in Internet of Things With Large Language Models > **ABSTRACT** > I. INTRODUCTION (L21)"
